cps_occ,c1_nonroutine_analytic,c2_nonroutine_interpersonal,c3_routine_cognitive,c4_residual,ln_T,task_filled_share,exposure,n_soc,n_soc_exposure,emp_total,soc_major,z1,z2,z3,exposure_tercile
10,0.35136650315346885,0.34302733006306946,0.22186405045550103,0.08374211632796072,4.960744524482791,0.0,0.35,1.0,1.0,200480.0,11,1.1022998471928855,-0.16808626857208717,0.32510297631835827,low
20,0.31885932076499013,0.330973933165453,0.21350302865310014,0.13666371741645683,4.989956282887855,0.0,0.3846153846153846,1.0,1.0,2984920.0,11,0.6286971379000731,-0.19419481928668625,0.28361981326836344,low
40,0.3465322183964585,0.31152647975077885,0.23331693720282012,0.10862436464994261,4.803857096868311,0.0,0.5465116279069767,1.0,1.0,22520.0,11,0.8597238304603446,-0.0745441424077559,0.27971590178586614,mid
51,0.35212449462201545,0.34396216339919145,0.21931497444503772,0.08459836753375541,4.875884110209718,0.0,0.578125,1.0,1.0,278690.0,11,1.0915616508665849,-0.17414630809521267,0.33479798776782876,high
52,0.32371311651949175,0.36887070141431555,0.20891664871850094,0.09849953334769182,4.93655809069994,0.0,0.4833333333333333,1.0,1.0,453800.0,11,0.9416824775416526,-0.2854061009288815,0.3096578408714302,mid
60,0.33889023113473465,0.32262221148425546,0.23846339695578644,0.10002416042522343,4.821651594428751,1.0,0.5,1.0,1.0,23190.0,11,0.9411210101395903,-0.10331619092425458,0.24852005076672634,mid
101,0.31538300981006046,0.31183469004383213,0.22096987406943575,0.15181242607667153,4.967936539563141,0.0,0.5,1.0,1.0,224620.0,11,0.5272218980265312,-0.1360006656061171,0.25156131862916364,mid
102,0.32214852386526205,0.29548705943555725,0.20412277279230076,0.17824164390687994,5.035523009604034,1.0,0.2727272727272727,1.0,1.0,101230.0,11,0.3559187851176413,-0.11574482185362286,0.32264649791766964,low
110,0.34846404047705093,0.31984098301409464,0.21835923382724975,0.11333574268160462,4.929786706232935,0.0,0.5606060606060607,1.0,1.0,485190.0,11,0.8130352695763127,-0.12082976871561601,0.33049709425403134,mid
120,0.3385353227771012,0.3415803897685749,0.22213763702801467,0.09774665042630933,4.877941645704118,0.0,0.4259259259259259,1.0,1.0,681070.0,11,0.9567767464834869,-0.1793191801078789,0.29792619208159654,low
135,0.35506958250497017,0.34520874751491054,0.22894632206759447,0.07077534791252481,4.8342958089798485,0.0,0.4605263157894737,1.0,1.0,15330.0,11,1.2619197981783161,-0.15615384706277957,0.31029698369039765,low
136,0.3377524814326369,0.370444922607066,0.2103838411883112,0.0814187547719858,4.970299292573381,0.0,0.45,1.0,1.0,166530.0,11,1.1221191704620979,-0.26869373681018005,0.334729957964283,low
137,0.33038142388954755,0.35869186249215534,0.20926016316853774,0.10166655044975942,4.965707660741121,0.0,0.4772727272727273,1.0,1.0,35830.0,11,0.9125583223530913,-0.2535635446140304,0.3229141279850677,low
140,0.3167970933482392,0.2987702627166015,0.2098937954164338,0.1745388485187256,4.963683439200464,0.0,0.3484848484848485,1.0,1.0,192270.0,11,0.38050155292209875,-0.12022369197748443,0.2910874489795378,low
150,0.33207162614645513,0.35019653515795607,0.21516960256223616,0.10256223613335273,4.922750808785736,0.0,0.4714285714285714,1.0,1.0,69310.0,11,0.9075548988452,-0.22054054322051497,0.30683068832129046,low
160,0.3265132139812448,0.32260585393577723,0.21625461778914462,0.13462631429383343,4.947056312453384,0.0,0.4732142857142857,1.0,1.0,144640.0,11,0.6448568156132922,-0.15837408806819323,0.291337836766109,low
205,0.3186407631780517,0.30039690829329435,0.20089130283406445,0.18007102569458952,4.967101292072528,0.0,0.2448979591836734,1.0,1.0,5220.0,11,0.34406579060704895,-0.1401846825070641,0.3261886085601933,low
220,0.3339386602098467,0.3135593220338983,0.22094430992736078,0.13155770782889425,5.001796345429051,0.0,0.4,1.0,1.0,284750.0,11,0.6692990081693084,-0.11721181223122798,0.29206808402222995,low
230,0.33683699978860504,0.34984757995075527,0.21688100769705745,0.09643441256358225,4.987700828525561,0.0,0.4683662809144178,3.0,3.0,487130.0,11,0.967020193545516,-0.2106753720325678,0.3113039595914101,low
300,0.33912434325744306,0.31033274956217166,0.21443082311733805,0.13611208406304723,4.96109484853612,0.0,0.3857142857142857,1.0,1.0,187100.0,11,0.6326497566396646,-0.11469172223356545,0.3241233595759795,low
310,0.2993817116823951,0.32948259030263594,0.21615684998372925,0.15497884803123982,4.811533737262284,0.0,0.3958333333333333,1.0,1.0,210680.0,11,0.5038481742896459,-0.21119637051044882,0.23031534562333225,low
325,0.297593984962406,0.3342857142857143,0.2208270676691729,0.1472932330827067,4.890349128221754,0.0,0.5357142857142857,1.0,1.0,12710.0,11,0.5565165552959651,-0.21673172269909158,0.21096544602729594,mid
335,0.31478563594057574,0.3452870239833532,0.20901878428380746,0.13090855579226363,4.996593746235848,0.8294501397949674,0.39990954443287097,2.0,2.0,21460.0,11,0.6683392108465828,-0.2426774963953427,0.28953743080601435,low
340,0.3096524027143055,0.3479434981304529,0.2105664035452153,0.1318376956100263,4.972725721023036,0.0,0.3804347826086956,1.0,1.0,35920.0,11,0.6618099132448448,-0.2526357847243415,0.27269525439314757,low
350,0.32615466171890534,0.34444370817043274,0.22331190775959184,0.10608972235107011,5.016683632630459,0.0,0.3714285714285714,1.0,1.0,436770.0,11,0.8790204990530026,-0.19919257777788202,0.2678536097256427,low
360,0.33794610342316095,0.30576706614579885,0.22161160034430247,0.13467523008673773,5.01747849257825,0.0,0.5666666666666667,1.0,1.0,74760.0,11,0.646065859195611,-0.0905635364452984,0.29837086493869897,mid
400,0.3195221324494166,0.33505973344382295,0.21787169394378833,0.12754644016297212,4.975422538340511,0.0,0.4523809523809523,1.0,1.0,12750.0,11,0.69847838261301,-0.1950956429409591,0.2707654799244992,low
410,0.31996448127867405,0.34630753292881455,0.22162202160722214,0.11210596418528931,4.906311278124028,0.0,0.4318181818181818,1.0,1.0,234680.0,11,0.8250846083440522,-0.21452267357432628,0.2596755383913266,low
420,0.3344990892531876,0.3344990892531876,0.224408014571949,0.1065938069216757,4.92180408038964,0.0,0.4464285714285714,1.0,1.0,156400.0,11,0.8751642700542246,-0.1629597631333845,0.28225458933641173,low
425,0.32380385149890806,0.35159817351598177,0.21706041956190852,0.10753755542320162,5.018008048425669,0.0,0.6,1.0,1.0,10320.0,11,0.862931451480493,-0.23052321892680658,0.2828159767042433,high
426,0.30945999213153064,0.3483562202134852,0.2064319601205242,0.1357518275344599,4.981442769995603,0.0,0.3253105590062111,1.0,1.0,7350.0,11,0.6309110532763076,-0.26195311581085123,0.2862778021945019,low
440,0.33516130556695034,0.31846718337252,0.21882409506784423,0.12754741599268546,4.968576704379621,0.0,0.4654910240471341,1.0,1.0,497890.0,11,0.6988637344426357,-0.13233725807645186,0.30147054747607904,low
500,0.36582085537523534,0.32762485429929167,0.21536806240473413,0.09118622792073881,4.714293613006445,0.0,0.3695652173913043,1.0,1.0,12480.0,13,1.0183447862542352,-0.1262492340492082,0.3746218243511011,low
510,0.3432432432432433,0.3223166023166023,0.2233976833976834,0.111042471042471,4.863680881139593,0.0,0.25,1.0,1.0,146340.0,13,0.8351917025399557,-0.12397509450482819,0.30369235198903,low
520,0.3383347073371806,0.29398186314921687,0.24138499587798845,0.12629843363561413,4.798266815950004,0.0,0.4,1.0,1.0,146340.0,13,0.7153381409554129,-0.0231098477065045,0.23874930968900382,low
530,0.3384274640088594,0.3266149870801034,0.23130306386120347,0.10365448504983382,4.908602568531104,0.0,0.3684210526315789,1.0,1.0,146340.0,13,0.9046014484962093,-0.12636327135866357,0.2691113828690462,low
540,0.35302672776880634,0.2974685604116066,0.2451797457147699,0.10432496610481726,4.855242973373364,0.0,0.4903947232102773,2.0,2.0,289570.0,13,0.9010451048534659,-0.009014821407103784,0.2577773133392965,mid
565,0.331789889175649,0.2871565204190072,0.2362987703051465,0.1447548201001973,4.880830283212547,0.0,0.6136363636363636,1.0,1.0,334340.0,13,0.5786499057583172,-0.020598569195805858,0.23999552362669613,high
600,0.35480138835325875,0.3128422676436561,0.22761280370227532,0.10474354030080982,4.864838511984673,0.0,0.4807692307692308,1.0,1.0,208950.0,13,0.892109678547155,-0.0784629262842052,0.31389333219895615,mid
630,0.33297097495313266,0.33978016962017243,0.23816011104329438,0.08908874438340052,4.872848023580649,0.0,0.5770354110934351,3.0,3.0,805080.0,13,1.0508924845019976,-0.1533377273305752,0.23696006729982744,high
640,0.3716260162601627,0.3095121951219513,0.23008130081300812,0.08878048780487802,4.812184355372417,0.0,0.4736842105263157,1.0,1.0,87750.0,13,1.0487040970628432,-0.04640731569947597,0.33902608520450067,low
650,0.33711048158640233,0.34508722230505445,0.21380647085134935,0.10399582525719393,4.898884030671591,0.0,0.5921052631578947,1.0,1.0,336030.0,13,0.8938037207950594,-0.20498654014962353,0.3219736136275842,high
700,0.3309457681625493,0.3294839935681918,0.2281099254494957,0.1114603128197632,4.918666193332852,0.0,0.4545454545454546,1.0,1.0,189320.0,13,0.8337815950800483,-0.1483057396895954,0.2631334386213908,low
710,0.34896424517593644,0.33555618615209987,0.22502837684449484,0.09045119182746879,4.94847616218787,0.0,0.5,1.0,1.0,768450.0,13,1.0313075726897838,-0.14712567973948806,0.31023811799992707,mid
725,0.31444192559007866,0.324843312441659,0.21562875050006666,0.14508601146819572,5.010501951873243,0.0,0.3648648648648649,1.0,1.0,98150.0,13,0.5703413198454864,-0.1805797792329464,0.26674982588003665,low
726,0.34390750074118004,0.34931811443818556,0.21627631188852656,0.09049807293210792,4.90468201019345,0.0,0.4903846153846154,1.0,1.0,82080.0,13,1.0267963455088203,-0.20209779649126236,0.32796737952312693,mid
735,0.3655987275619178,0.3151556464439901,0.2367643717336969,0.0824812542603953,4.88302916949111,0.0,0.576923076923077,1.0,1.0,727540.0,13,1.1212013151847242,-0.056146988052989726,0.30721733706896087,high
750,0.34730538025731145,0.3157164948954982,0.23388236340281704,0.1030957614443733,4.8613506395050115,0.0,0.5379899336046262,1.0,1.0,1030330.0,13,0.9101616741305246,-0.08355477565421913,0.27958025108094975,mid
800,0.34383801476745074,0.32465555301819293,0.24115094770495543,0.09035548450940091,4.878017769481417,0.0,0.52,1.0,1.0,1318550.0,13,1.0383942979520977,-0.09795339293399821,0.25084442135105134,mid
810,0.3620886427167338,0.2803001522973278,0.22561554914234339,0.13199565584359513,4.870774956440101,0.5,0.5178571428571428,2.0,2.0,58340.0,13,0.6634549772277685,0.01592147470118343,0.33450153715646186,mid
820,0.3646413502109705,0.2908860759493671,0.2540928270042194,0.090379746835443,4.774912960575186,0.0,0.64,1.0,1.0,47440.0,13,1.0385044722321832,0.037048749294546164,0.2554172983916728,high
830,0.36825141015310237,0.30333960068045485,0.24021846181394935,0.08819052735249351,4.715727176552735,0.0,0.5555555555555556,1.0,1.0,68770.0,13,1.058476152919064,-0.016081427980622676,0.30208812103874616,mid
850,0.3613857591783552,0.3395416570859201,0.2280217674561201,0.0710508162796045,4.871143315277656,0.0,0.6710526315789473,1.0,1.0,263030.0,13,1.2576991564999602,-0.13709231239708003,0.32562612135828084,high
860,0.36446086664427274,0.3085320792744374,0.24126637554585154,0.08574067853543832,4.779795536147575,0.0,0.5,1.0,1.0,107690.0,13,1.086043342641728,-0.03238668204679401,0.2916939697728138,mid
900,0.36318929377620124,0.31909061593034505,0.23532731376975172,0.08239277652370201,4.820604094232248,0.0,0.5757575757575758,1.0,1.0,60750.0,13,1.1220465755920235,-0.07146333718857444,0.30684672438026056,high
910,0.3553956370170808,0.3139166426273993,0.2339964222553889,0.09669129810013088,4.820648494717453,0.0,0.6515494198854457,2.0,2.0,371400.0,13,0.9708418201093363,-0.06928687822935536,0.29551817686548676,high
930,0.3418224299065421,0.3172897196261683,0.2389408099688474,0.10194704049844233,4.855150391255861,0.0,0.6774193548387096,1.0,1.0,52270.0,13,0.9228834793015452,-0.08537424662187398,0.2531976334608368,high
940,0.3443794671864848,0.308885640025991,0.2383040935672515,0.10843079922027284,4.813159489530624,0.0,0.625,1.0,1.0,83190.0,13,0.8631173777606533,-0.06150281272719926,0.26035430526152714,high
960,0.36488851091284946,0.3102093247011246,0.22968958255376987,0.09521258183225595,4.8536314084545715,0.0,0.5924447174447174,1.0,1.0,123200.0,13,0.9830057016310046,-0.05640930235643587,0.3272936375506967,high
1005,0.37122410546139367,0.27578154425612056,0.22952919020715631,0.12346516007532951,4.888467660122048,0.0,0.5,1.0,1.0,30840.0,15,0.7287800536958037,0.04638437792741938,0.3399597762454562,mid
1006,0.36982884665003873,0.29319686935580985,0.22860583125483783,0.10836845273931361,4.755915072680517,0.0,0.4705882352941176,1.0,1.0,505150.0,15,0.8571552290154458,-0.006796927143710071,0.34014739725820575,low
1007,0.36012339665530124,0.27829193050819945,0.24111056989771062,0.12047410293878871,4.813646700258897,0.0,0.5434782608695652,1.0,1.0,157220.0,15,0.7580807033278291,0.046687691250228064,0.2836849591516442,mid
1010,0.3728717366628831,0.284092751743149,0.2287173666288308,0.114318144965137,4.814944769563347,0.0,0.6833333333333333,1.0,1.0,152610.0,15,0.8042680873755975,0.02250263533119622,0.3455966408056462,high
1021,0.3863909387334821,0.26720439334134205,0.23717178651106915,0.10923288141410673,4.758234561714928,1.0,0.4473684210526315,1.0,1.0,1364180.0,15,0.8467424422808723,0.10190146790230468,0.34511402549062176,low
1022,0.3748081118203119,0.29724488971479357,0.23147774097115614,0.09646925749373833,4.818425004551931,0.0,0.6140350877192982,1.0,1.0,190120.0,15,0.969307913045787,-0.007436151289316712,0.34077630735927145,high
1031,0.37473982182998916,0.29206560652735,0.22770793439347264,0.10548663724918823,4.788407989566399,0.0,0.6346153846153847,1.0,1.0,84820.0,15,0.8820530515979579,0.0001383476562271627,0.35225808300191186,high
1032,0.36975073933248837,0.30553443177017325,0.22560202788339673,0.09911280101394171,4.7736463359599925,0.0,0.6833333333333333,1.0,1.0,82380.0,15,0.9424920610817359,-0.04593746426558612,0.34935076699340883,high
1050,0.32941544325846883,0.2718474973331245,0.2276798632168336,0.17105719619157295,4.803786814617213,0.0,0.6394668212828138,2.0,2.0,830510.0,15,0.40544639940076926,0.006032994533580405,0.26119051315522174,high
1065,0.3621026510393621,0.2810225946504873,0.22982197718209757,0.127052777128053,4.81179145174998,0.0,0.5970653335027225,2.0,2.0,136310.0,15,0.7025948933669864,0.02137693653912144,0.3214668230895189,high
1105,0.34912109375,0.2606608072916667,0.22371419270833337,0.16650390624999994,4.811208269399362,0.0,0.5135135135135136,1.0,1.0,316760.0,15,0.4283799885306601,0.05688866478398107,0.3146975362122887,mid
1106,0.35623994484026666,0.29089098291580484,0.22270742358078602,0.13016164866314253,4.871603085400698,0.0,0.5546875,1.0,1.0,168830.0,15,0.6778324816152689,-0.026304956578473256,0.33216029779425843,mid
1108,0.35125405510499447,0.31097044832135534,0.22669057092487988,0.11108492564877026,4.903324777406474,0.0,0.5969636725035986,1.0,1.0,370190.0,15,0.8353994549930408,-0.07932266043707083,0.3096588896553434,high
1200,0.38438389589263927,0.31451809678731196,0.22675884505896704,0.07433916226108171,4.811777768662202,0.0,0.537037037037037,1.0,1.0,23040.0,15,1.2126251691104248,-0.0516655985027855,0.37317891717913504,mid
1210,0.3773992737333564,0.3038215459104271,0.2292062943109113,0.0895728860453052,4.750654852730072,0.0,0.6904761904761905,1.0,1.0,1770.0,15,1.0390020486475708,-0.02651771174904084,0.3526209020000304,high
1220,0.38427657275824817,0.31072882905343646,0.22812266267763653,0.07687193551067892,4.790237968450072,0.0,0.6290322580645161,1.0,1.0,98700.0,15,1.1817621079146352,-0.03943481941207456,0.36874137703327076,high
1230,0.37087361728072465,0.31713265395000445,0.23534535319223063,0.07664837557704031,4.743278588105721,0.0,0.7105263157894737,1.0,1.0,31370.0,15,1.188923059223962,-0.057858961359138816,0.32159734500784987,high
1240,0.3688723563294899,0.3015492678273127,0.23956993920469452,0.09000843663850293,4.809249560501382,0.0,0.595781036834925,2.0,2.0,109950.0,15,1.0388030303116056,-0.011663964491931437,0.30519101352290096,high
1305,0.33286288899865923,0.321007691764872,0.21685131606802624,0.12927810316844263,4.95378271583678,0.0,0.4302325581395348,1.0,1.0,100400.0,17,0.6848846196990607,-0.14533131676672348,0.303008493593223,low
1306,0.33819488480236737,0.3149439864722047,0.21207637567815124,0.13478475304727683,4.955333978311167,0.0,0.3684210526315789,1.0,1.0,17430.0,17,0.6414148835057779,-0.13236259573307585,0.32998965048105183,low
1310,0.32387338732474613,0.2885866299262413,0.21449725150891996,0.17304273124009265,4.965524551831831,0.0,0.4390327683615819,2.0,2.0,59000.0,17,0.39058588818775863,-0.07403217425175555,0.29136740426735447,low
1320,0.3563841807909604,0.271713747645951,0.2288512241054614,0.1430508474576271,4.888467660122048,0.0,0.5178571428571428,1.0,1.0,56640.0,17,0.5843448986622904,0.04065466992592456,0.31320389243910735,mid
1330,0.3312823381345267,0.28849112012305966,0.21661306111033427,0.16361348063207942,4.96298448062025,0.0,0.3333333333333333,1.0,1.0,1120.0,17,0.4483781501916868,-0.060520760294513094,0.3004202300457302,low
1340,0.35488776249094867,0.29029688631426503,0.21752353367125277,0.13729181752353362,4.927978060415247,0.0,0.5384615384615384,1.0,1.0,17190.0,17,0.6231591511513259,-0.03580323932762993,0.34612490294898235,mid
1350,0.35365763637705766,0.29135601978297776,0.22115597549272906,0.13383036834723552,4.908750213592645,0.0,0.3461538461538461,1.0,1.0,24180.0,17,0.6501033962391349,-0.033433236471695126,0.33195912183039833,low
1360,0.33997785160575866,0.31125876707272054,0.21830933923957183,0.13045404208194902,4.908602568531104,0.0,0.375,1.0,1.0,304310.0,17,0.6761796858291201,-0.1087800888677154,0.3132252727753628,low
1400,0.36123674649662635,0.28145621709794616,0.21635649143619787,0.14095054496922962,4.904311351528766,0.0,0.3181818181818182,1.0,1.0,73750.0,17,0.5950202678032666,-0.005508404771616668,0.3624672354625369,low
1410,0.3458961637726303,0.2664553339596415,0.2183103692983174,0.16933813296941078,4.86398230606693,0.0,0.4458939745958753,2.0,2.0,293190.0,17,0.4103720573491456,0.025165703931712174,0.32542529283379046,low
1420,0.33428185245785025,0.30660880700007115,0.21533755424343742,0.14377178629864124,4.945705585343674,0.0,0.5,1.0,1.0,42660.0,17,0.5788174140878168,-0.10898353783989788,0.3109697868708998,mid
1430,0.3440377670253589,0.2662432927302968,0.2188178867676173,0.17090105347672713,4.873694076531939,0.0,0.5991083431069942,2.0,2.0,316820.0,17,0.40130102178621374,0.024564383592250865,0.3199740369133158,high
1440,0.3431147791532936,0.2790004585052728,0.2132813694024148,0.1646033929390188,4.874128049441593,0.0,0.4035087719298245,1.0,1.0,7380.0,17,0.4391539832813945,-0.025209147831943796,0.3361958616788776,low
1450,0.33765323992994756,0.29863397548161125,0.21001751313485112,0.15369527145359022,4.96109484853612,0.0,0.3170731707317073,1.0,1.0,21530.0,17,0.5090824623216903,-0.09358150957708349,0.33575447231981437,low
1460,0.34239435490337583,0.2733541817015477,0.23181781733622006,0.15243364605885654,4.825991041932656,0.0,0.3720930232558139,1.0,1.0,278240.0,17,0.5232222648987033,0.024649339374087725,0.27577968037010814,low
1500,0.3424211744286954,0.3046716806479607,0.2278709864043968,0.125036158518947,4.929280615053424,0.0,0.5,1.0,1.0,7370.0,17,0.7211817752081887,-0.070891652880847,0.28797762565613233,mid
1510,0.34675789146322505,0.27320789923806565,0.22166070595552795,0.15837350334318143,4.856862320706717,0.0,0.475,1.0,1.0,12670.0,17,0.48068426939813985,0.011965184389543726,0.3164154042976041,low
1520,0.3688425506195225,0.2960864309459051,0.2270323360531883,0.1080386823813841,4.885525483053412,0.0,0.4305555555555555,1.0,1.0,22100.0,17,0.859860955967233,-0.018714305137266848,0.3431429431134054,low
1530,0.33957439155333685,0.28167659884388424,0.21596555302614703,0.1627834565766319,4.894737975759549,0.0,0.4461732967325073,1.0,1.0,151940.0,17,0.4521544820071831,-0.03213209548972359,0.32001823325974343,low
1541,0.36272612536811105,0.27791333613798913,0.22330668910391246,0.13605384938998732,4.777862193806203,0.0,0.52,1.0,1.0,101310.0,17,0.6322999379484586,0.019422632406556173,0.34301888538034203,mid
1545,0.35268497089510104,0.2516065337647869,0.22897086062895844,0.1667376347111537,4.773723849310905,0.0,0.4727585319083687,2.0,2.0,68590.0,17,0.42659599786767083,0.09938273392262137,0.30545632353534297,low
1551,0.3273080370481028,0.2677771138332835,0.2142963848222288,0.1906184642963848,4.896943876343125,0.0,0.330188679245283,1.0,1.0,101450.0,17,0.28798091586490177,-0.009001127682050625,0.2994892111367756,low
1555,0.33108628240097204,0.26864987318377437,0.21536997318615383,0.1848938712290997,4.862718188521973,0.0,0.36429153996259267,7.0,7.0,277380.0,17,0.32008279839214837,-0.004932260776184928,0.3040712308242374,low
1560,0.33308131720430106,0.26730510752688175,0.22446236559139784,0.17515120967741932,4.779459571084781,0.0,0.5106382978723404,1.0,1.0,56070.0,17,0.37918531869402966,0.01849905722754063,0.27907991403372545,mid
1600,0.3401013576001573,0.29523455451415237,0.21932577419309524,0.145338313692595,4.938645705201972,0.0,0.593862408540324,3.0,3.0,31910.0,19,0.5687995195237072,-0.0635799434206202,0.3101974960122425,high
1610,0.3452989138725612,0.28901667973431716,0.2242267844372562,0.1414576219558655,4.9555582175491395,0.0,0.4395943034366742,4.0,4.0,117460.0,19,0.5968509352197939,-0.030986198108313264,0.3052951125640701,low
1640,0.3268550154368914,0.2995450161270816,0.21592723860098423,0.15767272983504269,4.953615228030701,0.0,0.49654468731092216,2.0,2.0,32050.0,19,0.48646327993985167,-0.09800867076256845,0.2931489367177629,mid
1650,0.36604508664320845,0.2858202088996947,0.21497487822258507,0.13315982623451186,4.850143209308347,0.0,0.5674467526819108,2.0,2.0,116730.0,19,0.6506709644328894,-0.015288186768532198,0.37634721636150587,mid
1700,0.3666392634006507,0.28115426842443614,0.22833913459394534,0.12386733358096802,4.86775657742768,0.0,0.617504271070615,2.0,2.0,21950.0,19,0.7264453750084086,0.023434821184381557,0.3348479236040198,high
1710,0.34735360800562903,0.316785239621609,0.22961457274646235,0.10624657962629973,4.8513268916113015,0.0,0.6086956521739131,1.0,1.0,8520.0,19,0.8797899125509564,-0.09377573320295873,0.292700609547742,high
1720,0.33649149750462237,0.2645994696121391,0.2273352438283479,0.17157378905489057,4.902325452986138,0.0,0.40898550610134277,2.0,2.0,87290.0,19,0.40073178069170523,0.03615616692373909,0.277289879461391,low
1745,0.35368246302444917,0.28591910654995484,0.22804105040748562,0.13235738001811043,4.886733577431695,0.0,0.7258064516129032,1.0,1.0,76890.0,19,0.6631205686748484,-0.005508364067073241,0.31033067901963646,high
1750,0.34349653881219583,0.29725392195903544,0.22165706795469775,0.1375924712740711,4.925613567721211,0.0,0.4891635658484209,2.0,2.0,30010.0,19,0.6241175420113917,-0.06077387167218826,0.3097450048833356,mid
1760,0.36309805779251547,0.28880467393020687,0.23788094110216323,0.11021632717511451,4.841506331088285,0.0,0.4456521739130434,1.0,1.0,19680.0,19,0.8443339747519997,0.014265031675087069,0.2990373163300591,low
1800,0.3886567164179105,0.30191897654584227,0.22823027718550107,0.08119402985074621,4.764308407326388,0.0,0.4583333333333333,1.0,1.0,15640.0,19,1.1294949019877796,-0.011131216133470524,0.37642219264428356,low
1815,0.36315466134234375,0.31009061588081716,0.24220549838734443,0.08454922438949472,4.869225327808716,0.0,0.84375,1.0,1.0,8850.0,19,1.0997016317952648,-0.036380551435766885,0.28640813940521026,high
1821,0.35363426478783544,0.35570416368123564,0.21558793089722153,0.07507364063370751,4.833181868699161,0.0,0.5092592592592592,1.0,1.0,58100.0,19,1.2009817877729363,-0.20680498188821542,0.3499431652965901,mid
1822,0.34075190636637703,0.3421705976236922,0.22911863805639296,0.08795885795353782,4.725439018379036,0.0,0.5810810810810811,1.0,1.0,57110.0,19,1.059465599713475,-0.16543211450539674,0.280661094068647,high
1825,0.3483884769065408,0.3257018533215328,0.2292225044840034,0.096687165287923,4.910609708607472,0.9576682859125607,0.29474791535860234,2.0,2.0,14410.0,19,0.9698190507711603,-0.1159235178177002,0.2960125783861957,low
1830,0.3717341606792946,0.3184193337687785,0.2288536903984324,0.0809928151534944,4.807947751349428,0.0,0.6153846153846154,1.0,1.0,2640.0,19,1.1349406378791658,-0.07163797205230317,0.3430147306436429,high
1840,0.3617644903641827,0.34007474170147295,0.22048801934491094,0.07767274858943352,4.916104810250022,0.0,0.5795454545454546,1.0,1.0,38940.0,19,1.171584798516471,-0.15166181637949713,0.3501239662826741,high
1860,0.3550901728353262,0.32080479421402747,0.22609388986762963,0.09801114308301662,4.894855632826347,0.0,0.6129595231511034,5.0,5.0,50980.0,19,0.9552004463934881,-0.10138581780466863,0.31920314040675807,high
1900,0.3293065734155602,0.2751809374711707,0.2123050730506116,0.18320741606265759,4.950062124878892,0.0,0.2213744804418379,2.0,2.0,25090.0,19,0.32925865958725753,-0.032596281194854644,0.31039504821156866,low
1910,0.35592236230922364,0.24170537491705374,0.23291307232913072,0.16945919044459193,4.79214755431824,0.0,0.2666666666666666,1.0,1.0,76150.0,19,0.40855067479977214,0.14286194814978748,0.29984673540696233,low
1920,0.33297952994692953,0.25064442759666417,0.22251705837755875,0.19385898407884766,4.882044059723269,0.0,0.3928571428571428,1.0,1.0,57690.0,19,0.270121137287066,0.06736674818737176,0.2850186574726334,low
1935,0.3193455331146915,0.2857740653158111,0.22588156138162815,0.16899884018786937,4.881535170499289,0.0,0.39727439587415264,2.0,2.0,43320.0,19,0.4191015772301815,-0.050671183694009796,0.24484484131296771,low
1940,0.3260751646648586,0.2515304145679969,0.2214645486245641,0.2009298721425804,4.860199926164623,0.0,0.25,1.0,1.0,5360.0,19,0.2326971301428889,0.05399598718384701,0.27355514486691873,low
1950,0.3545619963608006,0.2997140629061607,0.2548306039338012,0.0908933367992375,4.748491005432314,0.0,0.6212121212121212,1.0,1.0,28690.0,19,1.0349728292341729,0.0023778208373128524,0.23354618941943597,high
1970,0.3322555520356368,0.2719410861050301,0.2194366928059054,0.1763666690534278,4.868610228812154,0.0,0.38923330345437557,3.0,3.0,109690.0,19,0.37090658686698025,-0.005798232871662793,0.2933366242936754,low
1980,0.32836403310936085,0.314270182227766,0.2125723144737802,0.14479347018909308,4.981721819862415,0.0,0.36725014777555953,2.0,2.0,128090.0,19,0.5709223405703575,-0.1417034118735706,0.30747874838562095,low
2001,0.33793624622148943,0.31684528716680405,0.21709260785930207,0.12812585875240443,4.980588372743959,0.0,0.2888888888888889,1.0,1.0,0.0,21,0.6935580983053699,-0.12804541040667033,0.31291824798497697,low
2002,0.34381939304219106,0.35640266469282017,0.21295336787564761,0.08682457438934121,4.906015244966153,0.0,0.3245614035087719,1.0,1.0,296370.0,21,1.0639358201750455,-0.2249173058544758,0.3387347572120166,low
2003,0.3639320269940646,0.3366127327424993,0.2179038946255793,0.0815513456378567,4.81210305125432,0.0,0.2777777777777778,1.0,1.0,54800.0,21,1.1247521807224274,-0.14568135741468516,0.3626842575786287,low
2004,0.34526977982095336,0.34430195983547063,0.21542059843535763,0.09500766190821841,4.820200917191751,0.0,0.2647058823529412,1.0,1.0,0.0,21,0.9805038335294919,-0.19029255200366735,0.3335660932592116,low
2005,0.3246515040352165,0.3384446074834923,0.2277329420396185,0.1091709464416728,4.914858338702487,0.0,0.4677419354838709,1.0,1.0,90310.0,21,0.8534800085551985,-0.1787290310810067,0.2507249863619795,low
2011,0.3277558348294435,0.34484739676840215,0.22937163375224415,0.09802513464991022,4.9362708788073935,0.0,0.3,1.0,1.0,340050.0,21,0.956970395785897,-0.18721920153231927,0.25238435813617616,low
2012,0.31992953431372556,0.35876225490196073,0.22265625000000003,0.09865196078431371,4.871832891215797,0.0,0.421875,1.0,1.0,173860.0,21,0.94731501392469,-0.24151559977833703,0.2563061715587429,low
2013,0.34725274725274724,0.33567765567765573,0.22065934065934065,0.09641025641025643,4.916324614625014,0.0,0.3541666666666666,1.0,1.0,113810.0,21,0.9690785386597457,-0.1574326749291925,0.3206254259140772,low
2015,0.33513864818024264,0.31499133448873484,0.22169266320046216,0.12817735413056033,4.930725910867953,0.0,0.4473684210526315,1.0,1.0,92140.0,21,0.6951692208831705,-0.11808741577830495,0.292213502723367,low
2016,0.3250364907428747,0.3337942690328033,0.22908504263655227,0.11208419758776984,4.868841288478369,0.0,0.375,1.0,1.0,398380.0,21,0.8287298864533238,-0.1645317889334421,0.247377174638556,low
2025,0.326567601955154,0.3247375100010902,0.21801107504712525,0.13068381299663057,5.012749133819962,0.0,0.42022447601658486,2.0,2.0,116840.0,21,0.6748813987196308,-0.16038097237509502,0.28573556637226716,low
2040,0.32178485809295493,0.36130229680612486,0.20578454875879665,0.11112829634212353,4.86221262230776,0.0,0.238095238095238,1.0,1.0,50790.0,21,0.8251408774329367,-0.2770850831505498,0.3161145175662738,low
2050,0.3286253670815271,0.3588309327366802,0.2056355754439938,0.1069081247377989,4.96298448062025,0.0,0.4545454545454546,1.0,1.0,21000.0,21,0.8625514393525274,-0.2631889874690421,0.33150074473721813,low
2100,0.35975563768006646,0.32566558563994275,0.22037861075495882,0.09420016592503201,4.887261660126628,0.0,0.475,1.0,1.0,681010.0,23,0.9902646163440098,-0.11878802383792234,0.34653747115066297,low
2105,0.39809346181742833,0.27116360998860217,0.23178945187027256,0.09895347632369703,4.569646629919045,0.0,0.4482758620689655,1.0,1.0,14800.0,23,0.9385663433482435,0.092701551589408,0.382443922352715,low
2110,0.3827597278160199,0.30328206901162935,0.22120467015558454,0.09275353301676624,4.765989481789091,0.0,0.29527585498951936,3.0,3.0,48950.0,23,1.0020842727066108,-0.03381551394574525,0.38772013092391094,low
2145,0.35277042602236836,0.27875010671903017,0.25936993084606846,0.10910953641253303,4.763284429081783,0.0,0.45,1.0,1.0,336250.0,23,0.8594816148818262,0.06672468437792997,0.21747927983925716,low
2170,0.35934309053778085,0.26991150442477874,0.25119128658951667,0.11955411844792373,4.7666085318656215,0.0,0.5535714285714285,1.0,1.0,51040.0,23,0.7670903955280878,0.08748927231731608,0.2531886829120348,mid
2205,0.3420727139965018,0.3276833135326398,0.21081645006654856,0.11942752240430993,4.892794751156269,0.0,0.45372437728217013,35.0,35.0,1125390.0,25,0.7591953309226563,-0.1625171493823809,0.3422647691800695,low
2300,0.3307857385608422,0.34369751072265264,0.19941080040816678,0.1261059503083385,4.751322556093047,0.0,0.3068160451034356,2.0,2.0,512400.0,25,0.7001043255373214,-0.23788056812797057,0.3578694499345397,low
2310,0.34831982916062654,0.3379090677512712,0.20715167419596728,0.10661942889213481,4.885637777817766,0.0,0.3200981344050223,3.0,3.0,1933120.0,25,0.8664734050250739,-0.18737833123320888,0.3674620794966352,low
2320,0.3437100881026534,0.3252829282494307,0.21475087321779157,0.11625611043012427,4.890401174144134,0.0,0.34066371795866635,2.0,2.0,1104600.0,25,0.7870974928546869,-0.14701573797585737,0.33256639616049943,low
2330,0.3384576242044612,0.33960601306288335,0.20884348910780526,0.11309287362485018,4.896816709733047,0.0,0.2926540336505464,5.0,5.0,283890.0,25,0.8109294618953445,-0.19987358983937828,0.34140089933000484,low
2350,0.33358579483295464,0.35588656063283686,0.21257258268114115,0.09795506185306743,4.777693900301935,0.0,0.3714285714285714,1.0,1.0,147100.0,25,0.9498188900061498,-0.2368005329655328,0.3186340482998149,low
2360,0.3217922043459005,0.3321058035019142,0.21361738955480136,0.13248460259738395,4.719791265667003,0.5948331983677099,0.20635592505313782,3.0,3.0,629790.0,25,0.6593763942967819,-0.19302578568568698,0.28971543228524366,low
2400,0.3335709686410334,0.2907062554031166,0.21973092794781862,0.15599184800803148,4.879361385065565,0.0,0.4046619969030049,3.0,3.0,28110.0,25,0.4980112173676668,-0.05812119305540901,0.29518306875242734,low
2435,0.33078364033718394,0.31962222916016236,0.23204807992507023,0.11754605057758351,4.852967324740957,0.0,0.5,1.0,1.0,127790.0,25,0.7837698297213569,-0.11670611464703814,0.2506834365491809,mid
2440,0.32277526395173456,0.28648744565699585,0.24265814923254372,0.14807914115872592,4.724818148253987,0.0,0.5288461538461539,1.0,1.0,73000.0,25,0.5580275316577423,-0.019097637669325002,0.2017394344198192,mid
2545,0.3359786149862167,0.3201069250689166,0.2209506306908362,0.1229638292540305,4.785072151263279,0.0,0.3636363636363636,3.0,3.0,121290.0,25,0.7355359163584934,-0.13158796214850543,0.296354268684088,low
2555,0.34169554591144485,0.33508410959912327,0.2209077451895685,0.10231259929986337,4.926199255034551,0.0,0.5256543475293476,2.0,2.0,195360.0,25,0.912775877763627,-0.1621145191233158,0.30842226646174775,mid
2600,0.3559198061089452,0.2977214959711009,0.21615487213116094,0.13020382578879292,4.832240398725931,0.0,0.41790871956331554,4.0,4.0,75680.0,27,0.6753715639509097,-0.05781463334791605,0.35264142816684363,low
2631,0.3453412126608922,0.26544159313527077,0.22909414717072774,0.16012304703310934,4.816484041548723,0.0,0.4137931034482758,1.0,1.0,27940.0,27,0.47118511848283284,0.04730631606875847,0.2901965582237445,low
2632,0.33750260579528873,0.32985893961503715,0.20443332638454592,0.12820512820512822,4.9691881041820825,0.0,0.375,1.0,1.0,19310.0,27,0.68692719123366,-0.1859632582408527,0.354494790972809,low
2633,0.34865936555891236,0.27426359516616317,0.22573640483383683,0.15134063444108764,4.662684092188698,0.0,0.2666666666666666,1.0,1.0,36000.0,27,0.5279734248487133,0.018487133441682027,0.3073987260203842,low
2634,0.3617747440273038,0.2930158994422709,0.22442354116373928,0.12078581536668605,4.788574489733284,0.0,0.4107142857142857,1.0,1.0,204040.0,27,0.7513426082579429,-0.02281981563727694,0.33763407556560254,low
2635,0.33903377511757166,0.3164457745475275,0.2132677782528146,0.13125267208208635,4.944068049824143,0.0,0.3620689655172414,1.0,1.0,61970.0,27,0.6681176422331687,-0.13294830600049137,0.32778018493356165,low
2636,0.3399321266968326,0.3206205559146736,0.1804298642533936,0.1590174531351002,4.81834420626481,0.0,0.2682926829268293,1.0,1.0,159790.0,27,0.4582153606760535,-0.2108310936595587,0.4478841446602249,low
2640,0.3480857329842932,0.2957297120418848,0.2086878272251309,0.1474967277486911,4.8059863254182105,0.0,0.358695652173913,1.0,1.0,6850.0,27,0.5488627169086638,-0.07577231567647079,0.3617624215165681,low
2700,0.31026326614561917,0.33041958041958047,0.20032908268202385,0.15898807075277663,4.577182149447922,0.0,0.15625,1.0,1.0,30100.0,27,0.47090373674573327,-0.22998422284883227,0.30933075922600384,low
2710,0.34808523319922513,0.3012218745343467,0.21941588436894655,0.13127700789748173,4.899480244730094,0.0,0.4787234042553191,1.0,1.0,138250.0,27,0.6695341905130331,-0.07033216578896359,0.3263145261087726,low
2721,0.3299688288555737,0.3046608282618376,0.1856909603681164,0.1796793825144723,4.903346995532514,0.0,0.0,1.0,1.0,12320.0,27,0.3373916433386365,-0.16955215242100377,0.4065258733147496,low
2722,0.3260478826658998,0.3333812639298296,0.2079948234955784,0.1325760299086922,4.935121205619039,0.0,0.1444444444444444,1.0,1.0,193740.0,27,0.6559782569994997,-0.20168122880001732,0.31786645916390066,low
2723,0.33253786140431385,0.3366681964203764,0.20100963744837086,0.12978430472693891,4.690889061390629,0.0,0.1666666666666666,1.0,1.0,9620.0,27,0.6730699808353363,-0.21559149394398264,0.3559581674777661,low
2740,0.3273840762256394,0.3471142029433032,0.17929373016568448,0.14620799066537277,4.733452034646406,0.0,0.10770620748299314,2.0,2.0,7840.0,27,0.5411858204159977,-0.2935910410118196,0.4257550847429786,low
2751,0.3365613459171112,0.3340172343044727,0.2127205580631924,0.1167008617152236,4.802790780071216,0.0,0.2807017543859649,1.0,1.0,9560.0,27,0.782630226077677,-0.18110930054558955,0.32442134634178693,low
2752,0.34672905771171675,0.31672630516561157,0.19341223965501422,0.14313239746765752,4.69125613490122,0.0,0.1326530612244897,1.0,1.0,24080.0,27,0.5716042958527856,-0.1644050531676555,0.41275222442976434,low
2805,0.33803711282015103,0.3026882099767163,0.20962393283002898,0.14965074437310374,4.953923839178814,0.0,0.5375,1.0,1.0,24580.0,27,0.5358565269742902,-0.10489356497833618,0.3378843013064327,mid
2810,0.35257800767562153,0.3036042049057234,0.22759886534290005,0.11621892207575503,4.786324395030039,0.0,0.6333333333333333,1.0,1.0,39080.0,27,0.7915918174655084,-0.056580428023140776,0.309491572459676,high
2825,0.34273140896546583,0.35660475870813757,0.21928843141642423,0.08137540090997242,4.89836205161347,0.0,0.7878787878787878,1.0,1.0,242710.0,27,1.1277798345110173,-0.2147063990282835,0.3157650204596539,high
2830,0.3511840910966252,0.3084412905355227,0.2301344995461672,0.1102401188216849,4.797359561980396,0.0,0.6470588235294118,1.0,1.0,88780.0,27,0.8439484949284457,-0.06658062474543816,0.2988563075896239,high
2840,0.35911321712641736,0.28422744965307156,0.22914198679979694,0.12751734642071413,4.772208885917529,0.0,0.6333333333333333,1.0,1.0,47620.0,27,0.6994590219035746,0.007523997434875492,0.31770015339675817,high
2850,0.34664024160060397,0.3530577576443942,0.21036240090600222,0.08993959984899962,4.663061664403869,0.0,0.8076923076923077,1.0,1.0,49410.0,27,1.0295124966907925,-0.21887990797690585,0.35316852116429726,high
2861,0.33441690369768384,0.33181633482324263,0.21470946769605853,0.11905729378301501,4.812590776837065,0.0,0.84,1.0,1.0,52170.0,27,0.7642504808722924,-0.1745216470920944,0.3133208730408151,high
2862,0.32491356127545135,0.24913561275451407,0.26920860545524394,0.15674222051479061,4.645544080126364,0.0,0.5208333333333333,1.0,1.0,12300.0,27,0.5003419849682453,0.14004998028811244,0.1329874232717216,mid
2905,0.33040103920917924,0.27065175923675927,0.21087213218397308,0.18807506937008844,4.911822249796644,0.0,0.2722363258712208,3.0,3.0,86660.0,27,0.30076154000960015,-0.020456022956727483,0.31753000941577075,low
2910,0.31755395683453236,0.3162589928057555,0.21187050359712223,0.15431654676258993,4.934473933130692,0.0,0.21875,1.0,1.0,38420.0,27,0.5069616020111154,-0.16187042599906615,0.2861466623555369,low
2920,0.3423937052436477,0.2882058979950727,0.20833214015204604,0.16106825660923368,4.898972399170985,0.0,0.3503138401192634,2.0,2.0,48310.0,27,0.45994186408548277,-0.062158007958278416,0.3513101834951097,low
3000,0.31713338506030897,0.3277139028003104,0.21626578260562881,0.13888692953375184,4.95420602612954,0.0,0.3181818181818182,1.0,1.0,35810.0,29,0.6140094502781154,-0.18307950746749388,0.2706906101928433,low
3010,0.32335565841400354,0.32733434890542384,0.19996381326791768,0.149346179412655,5.021078950103367,0.0,0.21660178574135552,4.0,4.0,119940.0,29,0.5337806688662488,-0.20619600566683038,0.33984712306344467,low
3030,0.33673149309912176,0.3426129234629863,0.2253764115432874,0.09527917189460475,4.848273215041905,0.0,0.4634146341463415,1.0,1.0,66690.0,29,0.9824265523371066,-0.17805537423055928,0.28391320977434475,low
3040,0.32429182255478356,0.33164083377872794,0.21459112773917685,0.12947621592731162,5.0084996819658345,0.0,0.05,1.0,1.0,38720.0,29,0.6824104754881897,-0.18686619637595003,0.2919709739786542,low
3050,0.32248701497097465,0.31500152765047357,0.22807821570424686,0.13443324167430493,4.87458644963298,0.0,0.3999999999999999,1.0,1.0,312550.0,29,0.650998740248554,-0.12223096040651675,0.24492358122199268,low
3065,0.3207898915970448,0.3423323896982669,0.214389283988124,0.1224884347165642,4.975560640812765,1.0,0.3529411764705882,1.0,1.0,36180.0,29,0.7362116978728058,-0.21759001810995374,0.2849590257687392,low
3070,0.32995992664538476,0.32201317666236506,0.22155810636419204,0.12646879032805813,4.991995989877317,0.0,0.5111111111111112,1.0,1.0,29530.0,29,0.708484379155997,-0.14269454856504768,0.28163096223799583,mid
3090,0.3384771214819799,0.32536805798153645,0.2197570899114245,0.11639773062505915,4.9178913183608115,0.0,0.3452342165773575,10.0,10.0,557060.0,29,0.7883421205494251,-0.1440850097988204,0.30542325009550975,low
3100,0.330344285901296,0.3177117423746564,0.1981280272286948,0.1538159444953528,5.028998978113214,0.0,0.3382352941176471,1.0,1.0,11610.0,29,0.5031385778689417,-0.17686956170669788,0.361488526853538,low
3110,0.3315954118873827,0.3314563781717066,0.2226624956551964,0.1142857142857143,4.968771089997557,0.0,0.125,1.0,1.0,132940.0,29,0.8074140213341084,-0.1622459065892094,0.2816112395393369,low
3120,0.3171770580891532,0.3190864360725563,0.2260409781890284,0.1376955276492619,4.913904105136484,0.0,0.2857142857142857,1.0,1.0,8840.0,29,0.6265704505781861,-0.14319210320143244,0.23952807947439958,low
3140,0.30786239188398257,0.33192430252975225,0.21421603693828445,0.14599726864798074,5.035457979527601,0.0,0.4545454545454546,1.0,1.0,13240.0,29,0.5631420039130409,-0.20950320398347633,0.25644491679727316,low
3150,0.3339221366494735,0.3201441390517912,0.2108386914435102,0.135095032855225,4.952511708745748,0.0,0.3939393939393939,1.0,1.0,127830.0,29,0.6387910427435909,-0.1533141632334706,0.3251379485087233,low
3160,0.32515772311618346,0.32331466647763524,0.21025023038207982,0.14127738002410153,4.949256221086411,0.0,0.3404255319148936,1.0,1.0,225350.0,29,0.5943992013313051,-0.17335991603127102,0.3083070220085096,low
3200,0.30381105743424586,0.29502147074610846,0.20511272141706927,0.19605475040257656,5.004214726293333,0.0,0.1707317073170731,1.0,1.0,16050.0,29,0.2574497035899635,-0.13640824484862654,0.27778428127430477,low
3210,0.31993360277136257,0.33588337182448036,0.20402713625866054,0.14015588914549654,4.931303444814125,0.0,0.3636363636363636,1.0,1.0,16980.0,29,0.5989618147112468,-0.2233777450580912,0.3180993939109048,low
3220,0.316116588084012,0.3008286898128304,0.1991713101871696,0.183883411915988,4.941499555261394,0.0,0.1904761904761904,1.0,1.0,133410.0,29,0.32155857904066126,-0.14811473616916698,0.326644997511165,low
3230,0.36695100777534534,0.31124028081829846,0.21906846833245266,0.10274024307390353,4.88635620469617,0.0,0.3902439024390244,1.0,1.0,147470.0,29,0.9060260246197428,-0.07614556275393283,0.36475680712304837,low
3235,0.30999779622419743,0.33908763681774773,0.20531844560346726,0.14559612135458752,4.913610311524382,0.0,0.34,1.0,1.0,6860.0,29,0.5614374727457443,-0.2414338845463629,0.2913301303301772,low
3245,0.33685059449937343,0.33354199239659527,0.212318944544951,0.11728846855908041,4.906577628242381,0.0,0.4095744680851064,1.0,1.0,13490.0,29,0.7775720322320054,-0.18036754504813796,0.32636505903379476,low
3250,0.32872992474202817,0.32632477306230123,0.20661028784234622,0.13833501435332451,4.858959327416688,0.0,0.2297297297297297,1.0,1.0,77260.0,29,0.6134141186355516,-0.18359553348193236,0.3283819199367213,low
3255,0.3225935029562213,0.3224606390752674,0.20268385039527,0.1522620075732412,5.014162399872412,0.0,0.3809523809523809,1.0,1.0,3047530.0,29,0.5159240024682672,-0.1893952634355468,0.32862479924376253,low
3256,0.31781949087168937,0.31537670352275654,0.20101568526613525,0.16578812033941884,5.047031509287547,0.0,0.125,1.0,1.0,43950.0,29,0.42911632767177244,-0.1807189004753817,0.3239260701976143,low
3257,0.3260735986891514,0.3391820850686147,0.2106233358366901,0.1241209804055438,4.986820629330216,0.0,0.2926829268292683,1.0,1.0,7750.0,29,0.7216766909747693,-0.2106069875714385,0.3090422340453047,low
3258,0.33132828533012526,0.33769726134031564,0.21505908994409456,0.11591536338546453,4.950956058594655,0.0,0.3148148148148147,1.0,1.0,234690.0,29,0.7902745747940622,-0.191989832516556,0.30560932707279587,low
3261,0.31632502580740307,0.32060168116796933,0.20417342574841466,0.15889986727621294,4.909856857255696,0.0,0.3055555555555555,1.0,1.0,7250.0,29,0.4737496061169439,-0.18969622663584507,0.3095716944026884,low
3270,0.3313002205387232,0.33577477800510336,0.22057326440794398,0.11235173704822952,4.867751137223454,0.0,0.3157051282051282,1.0,1.0,26250.0,29,0.8229528025678859,-0.17702722986024108,0.2876475528293124,low
3300,0.3251422016581831,0.2835803515898716,0.21628609758753914,0.17499134916440612,4.9078638823239125,0.0,0.16369047619047616,2.0,2.0,318780.0,29,0.37936259538886813,-0.05475684612423454,0.28825955563120453,low
3310,0.3106521431602773,0.3226057433866176,0.2007356061677747,0.1660065072853303,4.951451300742808,0.0,0.09375,1.0,1.0,207190.0,29,0.4275314625864663,-0.20910457536028354,0.3087830134626964,low
3321,0.3135311033752082,0.28727107613137587,0.21182079612532165,0.18737702436809442,4.88386196660174,0.0,0.1714285714285714,1.0,1.0,55760.0,29,0.3073516045997614,-0.08867699426247753,0.2772975475527862,low
3322,0.30961466517022074,0.30534979423868314,0.20740740740740746,0.17762813318368872,4.895224442584928,0.0,0.2894736842105263,1.0,1.0,78640.0,29,0.3615352456866208,-0.15223678861893364,0.2832977342710544,low
3323,0.29381603480422624,0.31191733996270976,0.20323182100683654,0.19103480422622743,4.857639502684128,0.0,0.2807017543859649,1.0,1.0,216380.0,29,0.2836731050941471,-0.19929672798366307,0.2606441816487604,low
3324,0.31031206606738293,0.31330848498136377,0.21406124387926623,0.16231820507198713,4.918739279391719,0.0,0.2222222222222222,1.0,1.0,38070.0,29,0.45678596063432897,-0.15943563154556506,0.26256027046748703,low
3330,0.3113032649501542,0.30142552151458385,0.21550164773525715,0.17176956580000477,4.9057185644519,0.12282497441146366,0.26321524086241616,2.0,2.0,19540.0,29,0.39946794277132913,-0.12382570619021836,0.26007317400660906,low
3421,0.31355161437016826,0.31446111869031385,0.22116113384871916,0.15082613309079881,4.882347273794725,0.0,0.4264705882352941,1.0,1.0,436630.0,29,0.5338563841891965,-0.14487317049075943,0.24683148759578133,low
3422,0.31841546158590917,0.32458364745390994,0.21341923103282842,0.14358165992735242,4.982989993275931,0.0,0.34,1.0,1.0,93410.0,29,0.5797886922377586,-0.179005071850263,0.28291240558111536,low
3423,0.3208007091150834,0.3026296351011966,0.1858472447924361,0.1907224109912838,4.908085639080461,0.0,0.0166666666666666,1.0,1.0,109060.0,29,0.27591506251015435,-0.1752505010495924,0.38600606672054644,low
3424,0.3073414112615824,0.30527441197434074,0.20570206699928723,0.18168210976478974,4.943782987108415,0.0,0.1475409836065573,1.0,1.0,118670.0,29,0.33741031478465855,-0.1584142593172069,0.28392484978098825,low
3430,0.3036347509639769,0.33447509267275916,0.21059085207879952,0.1512993042844644,4.8674684995134285,0.0,0.18144151917193446,2.0,2.0,87310.0,29,0.5255403026210403,-0.22836681362327632,0.2587362689507401,low
3500,0.32432629278951197,0.31478514202476326,0.20895848506919157,0.15193008011653314,4.922168312773925,0.0,0.25,1.0,1.0,641240.0,29,0.5212072139563799,-0.1550914650489404,0.31085438652041375,low
3520,0.3071723866395433,0.3330271015158475,0.213793556007612,0.1460069558369972,5.026443024301769,0.0,0.238095238095238,1.0,1.0,73270.0,29,0.5628244396905475,-0.21393344426194674,0.2562542615769891,low
3545,0.30999309119452656,0.3226441613085409,0.22150964854638572,0.14585309895054693,4.913645682121502,0.0,0.25469834475756703,3.0,3.0,161970.0,29,0.5674678733680797,-0.16986555597119235,0.2376471780063452,low
3550,0.3275886500320211,0.3167327699339139,0.2075061268197847,0.14817245321428033,4.937614902753839,0.0,0.2666579483690661,4.0,4.0,90160.0,29,0.5455519910771587,-0.15888912052224669,0.32286342857826017,low
3601,0.33399334706161893,0.30389672105179794,0.19855853001742432,0.16355140186915884,4.83834327293948,0.0,0.0384615384615384,1.0,1.0,1683240.0,31,0.44095442214839975,-0.13519992462298147,0.3677217991854272,low
3602,0.31577057714747336,0.31065433982586843,0.20375190736917692,0.16982317565748134,4.713217090071225,0.0,0.3333333333333333,1.0,1.0,1683240.0,31,0.40597152936488035,-0.1655212693550867,0.30979254228540143,low
3603,0.3111181301326595,0.3223310170562224,0.1984365129500947,0.1681143398610234,4.841348415572757,0.0,0.135593220338983,1.0,1.0,1314830.0,31,0.41346589899845254,-0.21249982713239868,0.3179883694466704,low
3605,0.31566014897944433,0.3203604008333728,0.1949396980612828,0.16903975212590008,4.796671730660569,0.0,0.08314798339264531,2.0,2.0,84300.0,31,0.40599309057105853,-0.20883402506578802,0.340808417998782,low
3610,0.321080834970563,0.3204096533104822,0.2088379841652257,0.14967152755372914,4.940570942933298,0.0,0.22078104360097128,2.0,2.0,45350.0,31,0.5362206395405065,-0.17389295826761658,0.30415077980210425,low
3620,0.31350036496425693,0.3104878134849133,0.20633595394782034,0.16967586760300948,4.9172885205240595,0.0,0.11781610524719671,2.0,2.0,136050.0,31,0.40812341870629165,-0.16288416690223273,0.2957791174883784,low
3630,0.33114399733954103,0.32283006318589963,0.20435650149650816,0.14166943797805123,4.789822358120328,0.0,0.1851851851851851,1.0,1.0,81030.0,31,0.5886247885919542,-0.17629499671431595,0.3413114581122383,low
3640,0.31670068266591594,0.31451896685199526,0.20156239003448514,0.16721796044760362,4.956460659649984,0.0,0.1,1.0,1.0,347170.0,31,0.4206591703190682,-0.1788260985041935,0.31951196035741786,low
3645,0.32545635579156984,0.28768669100564226,0.21832061068702294,0.16853634251576502,5.01495926557631,0.0,0.141025641025641,1.0,1.0,727760.0,31,0.4190439502349396,-0.062278675304427225,0.28232206654290526,low
3646,0.33894338943389435,0.28035280352803527,0.26271262712627125,0.11799117991179912,4.710520701595917,0.0,0.2321428571428571,1.0,1.0,55830.0,31,0.7855176788436841,0.05094784250303032,0.18015124811521896,low
3647,0.3166727471725648,0.3216344399854068,0.2014593214155418,0.1602334914264867,4.920345822748795,0.0,0.14,1.0,1.0,43560.0,31,0.46389395015053214,-0.19733696132635037,0.319811255667322,low
3648,0.2983028720626631,0.3061357702349869,0.2153321729039745,0.1802291847983754,4.926383741648665,0.0,0.1481481481481481,1.0,1.0,98970.0,31,0.3497680229384128,-0.15422242517398146,0.2304655408054122,low
3649,0.3079782474013905,0.3187857093687616,0.2124320231293453,0.1608040201005025,4.978594079884792,0.0,0.1097560975609756,1.0,1.0,132750.0,31,0.4655207695301549,-0.1797872554011772,0.2626244854445719,low
3655,0.3312723304684614,0.29042300488973966,0.21209803598396487,0.16620662865783406,4.8911888987730645,0.0,0.08065299270505938,2.0,2.0,169580.0,31,0.4305972391010405,-0.0745819028684692,0.3152933884653257,low
3700,0.30423332674962145,0.33333333333333337,0.21021792086378302,0.15221541905326222,5.023156574649928,0.0,0.2826086956521739,1.0,1.0,54470.0,33,0.5193821042419411,-0.22549444919380585,0.2613821759248296,low
3710,0.30924155513065654,0.33352453792224346,0.21504142766093054,0.14219247928616952,5.055608659738987,0.0,0.3552631578947368,1.0,1.0,128230.0,33,0.5897993717378922,-0.2100353680150525,0.2568862416708915,low
3720,0.29765028989929815,0.32334452242905104,0.19554470552334455,0.18346048214830632,5.098951375144823,0.0,0.4056603773584905,1.0,1.0,80890.0,33,0.3217078904156923,-0.23912264890736262,0.29707694700424936,low
3725,0.31090454057919203,0.32992491955666786,0.20650697175545227,0.15266356810868792,4.940570419647969,1.0,0.2619047619047618,1.0,1.0,55450.0,33,0.5149893415953961,-0.21551840777000153,0.2893139757066209,low
3740,0.29737335834896816,0.30380595014741363,0.19277673545966223,0.20604395604395603,5.005555748352958,0.0,0.087719298245614,1.0,1.0,317310.0,33,0.1987937520020821,-0.19443118571695892,0.306499493056508,low
3750,0.3195451372072821,0.3027672054290308,0.21143496724304003,0.1662526901206471,4.982334919671895,0.0,0.38308201585403656,2.0,2.0,17370.0,33,0.4310651942495125,-0.12456162244856922,0.292021715547209,low
3801,0.3048692904337834,0.3260557311117495,0.2104280379201379,0.1586469405343292,4.936199062943238,0.0,0.1607142857142857,1.0,1.0,16420.0,33,0.47806088432707483,-0.20621020471810875,0.26215234148385796,low
3802,0.31510950055144166,0.31999369780998893,0.21388057349929096,0.15101622813927842,4.843714533878324,0.0,0.2386363636363636,1.0,1.0,392600.0,33,0.5295680061626912,-0.1707558127332073,0.27400558023482036,low
3820,0.327573998017278,0.3094462540716612,0.2197280838408157,0.143251664070245,4.950318958088201,0.0,0.3,1.0,1.0,107890.0,33,0.5845903234988198,-0.11654021813341202,0.28236412729130356,low
3830,0.32223535135886566,0.28838534788350595,0.21352609995134494,0.17585320080628342,4.968910114048942,0.0,0.1590909090909091,1.0,1.0,6730.0,33,0.3736582576674509,-0.0773850727470916,0.2909907818317984,low
3840,0.30785964912280706,0.29543859649122806,0.20652631578947364,0.19017543859649122,4.959341999708705,0.0,0.3205128205128205,1.0,1.0,7450.0,33,0.2900295505375702,-0.12935355409700683,0.2822884488979474,low
3870,0.30575301726506177,0.3245521953887001,0.208250331179585,0.1614444561666532,5.02230717582822,0.0,0.23385735688369094,2.0,2.0,668970.0,33,0.45942111012312603,-0.20550166864124128,0.27155500540958666,low
3900,0.31574350389402434,0.29893005313341586,0.21821093238226943,0.16711551059029042,4.9228235969358565,0.0,0.1333333333333333,1.0,1.0,11600.0,33,0.42855157747112294,-0.10615552019756767,0.26125333722885374,low
3910,0.35771196632591706,0.26766386049308477,0.23556825015033075,0.13905592303066744,4.890649834884672,0.0,0.3888888888888888,1.0,1.0,28860.0,33,0.6139635696030722,0.06624436699912505,0.29537789010040644,low
3930,0.32309422113271014,0.32366253511400356,0.2109495441354275,0.14229369961785876,4.879461944322674,0.0,0.2505386667792063,2.0,2.0,1066290.0,33,0.5876226852139727,-0.175481390005864,0.3014573051485662,low
3940,0.32223204636997743,0.3095588957657924,0.19844778465468121,0.16976127320954904,4.622911867464248,0.0,0.2631578947368421,1.0,1.0,82690.0,33,0.40350051491867917,-0.16513594022300612,0.34276712080848676,low
3945,0.3071347124938915,0.3197589183906174,0.1937611988923277,0.1793451702231634,4.81039413599935,0.0,0.23,1.0,1.0,48320.0,33,0.3445463104587312,-0.22095285097889292,0.3257358005974696,low
3960,0.3115839328632356,0.3141835902623313,0.20947486322958878,0.1647576136448445,4.886925494956358,0.0,0.24471903389928829,2.0,2.0,214430.0,33,0.43960137622772,-0.1688851725699254,0.2807673553078086,low
4000,0.31167662746610114,0.32767816978343295,0.19619561724824885,0.16444958550221703,5.047352877031418,0.0,0.2619047619047618,1.0,1.0,129810.0,35,0.43454215738481944,-0.22983785382347627,0.3272871958744104,low
4010,0.30652173913043484,0.33455772113943033,0.19692653673163416,0.16199400299850072,4.893352133481524,0.0,0.2555555555555555,1.0,1.0,1040600.0,35,0.44982828977920397,-0.25209308225424043,0.31286500317296095,low
4020,0.3198794322921547,0.3095290487740164,0.19220948027715534,0.17838203865667351,4.762846834272959,0.0,0.08040175071748225,5.0,5.0,2480090.0,35,0.34923897899706696,-0.18108829394576592,0.360170729427776,low
4030,0.32144269556276206,0.32476469192438506,0.18112789685992242,0.17266471565293043,4.839688795323807,0.0,0.0462962962962962,1.0,1.0,783350.0,35,0.37558615718722566,-0.24257260562194968,0.40560768753163945,low
4040,0.31163522012578615,0.33647798742138374,0.19426100628930812,0.15762578616352202,4.845760650906022,0.0,0.1388888888888889,1.0,1.0,485330.0,35,0.4759956704465066,-0.25557546323990127,0.33420036551493654,low
4055,0.2971861269514818,0.34832195942787697,0.19641020846966442,0.15808170515097691,4.672548421318039,0.0,0.0729166666666666,1.0,1.0,3095120.0,35,0.4729523981231264,-0.29871137151033633,0.2928505786430446,low
4110,0.30411494643768067,0.33863288556367965,0.19443972113586125,0.16281244686277843,4.76745908903181,0.0,0.2244897959183673,1.0,1.0,1804030.0,35,0.44301466357480873,-0.2703849791707884,0.31627722794970287,low
4120,0.30804863925883036,0.31996029448258745,0.20026470344941685,0.17172636280916534,4.794881041213901,0.0,0.1111111111111111,1.0,1.0,243030.0,35,0.39271010789813854,-0.2067761742230683,0.3044926826584162,low
4130,0.30487380330722375,0.33872932985204524,0.19312445604873807,0.16327241079199303,4.74406218485471,0.0,0.0,1.0,1.0,336970.0,35,0.43941378453961305,-0.2723709876505354,0.3228388642368594,low
4140,0.31727588154603403,0.3042846768336965,0.17727749536028403,0.20116194625998546,4.819716890076783,0.0,0.0,1.0,1.0,377040.0,35,0.21452049705816717,-0.20348704963291925,0.41157532664708685,low
4150,0.3164811972371451,0.34247889485802,0.2001151189562548,0.1409247889485802,4.6466959328165895,0.0,0.3285714285714285,1.0,1.0,324690.0,35,0.5911165088498487,-0.25158849698135705,0.32411726762024734,low
4200,0.2937785728483403,0.3405552242761545,0.1948585436957529,0.1708076591797522,5.016816153171337,0.0,0.2551020408163265,1.0,1.0,153640.0,37,0.3937711095775174,-0.2882454969441641,0.2903044225748637,low
4210,0.30489710862203706,0.30945558739255014,0.19308413649387862,0.19256316749153424,5.034091370132597,0.0,0.2454545454545454,1.0,1.0,116380.0,37,0.27038533075204974,-0.19862453559387924,0.323040556797111,low
4220,0.31741775806950606,0.29617407445601734,0.18304630298030322,0.20336186449417343,4.574401652316455,0.0,0.0277777777777777,1.0,1.0,2036680.0,37,0.20667532899731167,-0.16817251235346456,0.3892478668961328,low
4230,0.29868613138686134,0.32048661800486616,0.19017031630170317,0.19065693430656935,4.632298853376344,0.0,0.0588235294117647,1.0,1.0,723430.0,37,0.27878134739035443,-0.24183309167777925,0.3192397768123662,low
4240,0.32547133806579653,0.2834134798870316,0.20273261583085253,0.18838256621631932,4.87527365616558,0.0,0.2291666666666666,1.0,1.0,85370.0,37,0.2969441690301987,-0.08028261089540842,0.33473477262868206,low
4251,0.3382366377341252,0.2910918227501142,0.1484696208314299,0.2222019186843307,4.695467823968872,0.0,0.024390243902439,1.0,1.0,892450.0,37,0.0828513077835014,-0.21357566186347351,0.5822072565815108,low
4252,0.3230831643002028,0.2769168356997972,0.1672210953346856,0.2327789046653144,4.814214812922799,0.0,0.0609756097560975,1.0,1.0,41920.0,37,0.04927008079999015,-0.14297174884304598,0.465695508271426,low
4255,0.30829246544806066,0.29172239560112945,0.19958389062267795,0.20040124832813194,4.9021588177601725,0.0,0.0555555555555555,1.0,1.0,25820.0,37,0.2315525039242738,-0.13240380091906756,0.30746009995834933,low
4330,0.31710645088003936,0.3306223765416315,0.21333447964209235,0.13893669293623664,4.875109552935734,0.0,0.35793672615581784,2.0,2.0,120540.0,39,0.6122858796967181,-0.19589996291749717,0.28028034396771484,low
4340,0.31931061496278884,0.3378770074422249,0.19866823345084214,0.14414414414414412,4.849292143687493,0.0,0.1379310344827586,1.0,1.0,15840.0,39,0.5681245452322622,-0.2398717059857328,0.33554202237265046,low
4350,0.32218051248571894,0.29296556226538273,0.21462379631140854,0.17023012893748982,4.8084375072975085,0.0,0.1818181818181818,1.0,1.0,225680.0,39,0.40778252414780247,-0.08822712480270056,0.28724464691167506,low
4400,0.2882719337993398,0.3552565187606577,0.19786950846509782,0.15860203897490466,4.514137520619868,0.0,0.15701573738775287,2.0,2.0,72040.0,39,0.46914259916116735,-0.3242178176199173,0.26608179554197103,low
4420,0.2951580168164686,0.33893882284720217,0.20411713540156562,0.16178602493476374,4.63928171561686,0.0,0.1999999999999999,1.0,1.0,54970.0,39,0.4541439029161056,-0.2634974780266957,0.2607928892532608,low
4435,0.31503529664846086,0.3233494999663593,0.20019474764814257,0.1614204557370373,4.743951392421871,0.0,0.3544190764379671,4.0,4.0,276840.0,39,0.45572324709370976,-0.20636634549147082,0.32059801040687863,low
4461,0.3071447360593327,0.315144330019086,0.2036667445397436,0.17404418938183777,4.940946261022574,0.0,0.21181072210065643,2.0,2.0,36560.0,39,0.3807357076830853,-0.1887157551498983,0.29050353321589156,low
4465,0.30764575347992734,0.33635935713805387,0.21054401183511537,0.14545087754690333,5.001998100700592,0.0,0.0930232558139534,1.0,1.0,24700.0,39,0.5650263040960422,-0.22768681742076127,0.26817325648243334,low
4500,0.32852416835140597,0.31262635544936596,0.16256202903877962,0.19628744716044846,4.689695141057779,0.0,0.0735294117647058,1.0,1.0,12910.0,39,0.2286129016951343,-0.2467237915179203,0.49748551398965685,low
4510,0.30579744253549856,0.34400251039460267,0.18961324233152904,0.16058680473836984,4.84788104279483,0.0,0.0526315789473684,1.0,1.0,285980.0,39,0.45381301799106977,-0.29123965550107,0.33795213967686066,low
4521,0.30080949811117114,0.34894765245547754,0.17388019427954662,0.17636265515380461,4.528828952731369,0.0,0.0555555555555555,1.0,1.0,120540.0,39,0.3470274534878811,-0.3449698645530276,0.3875727534285751,low
4522,0.321686636787707,0.36046830696057813,0.15841946400804902,0.15942559224366593,4.694370831446394,0.0,0.106060606060606,1.0,1.0,50580.0,39,0.4363314158066921,-0.3821137996398197,0.5008660376322509,low
4525,0.31031338568064937,0.3376265858560607,0.19446077016910118,0.15759925829418878,4.723578153292297,0.0,0.10077308362369336,2.0,2.0,11520.0,39,0.47619482172022604,-0.259673617717587,0.3304679532855546,low
4530,0.31333903504098515,0.3330258705543867,0.21074454565144426,0.14289054875318385,4.893937150229452,0.0,0.539744458823771,2.0,2.0,54090.0,39,0.5830994781331695,-0.21167994473091423,0.28046617429867204,mid
4540,0.32823126670898833,0.318400621647378,0.20734195538975633,0.1460261562538774,4.7630585524742965,0.0,0.3730769230769231,2.0,2.0,30980.0,39,0.5600415858733021,-0.16270040888418705,0.3248088300769049,low
4600,0.33006392854015243,0.33417987564585344,0.19239863385585426,0.14335756195813992,4.737863727713557,0.0,0.3295454545454545,1.0,1.0,438520.0,39,0.5699917570195179,-0.23045738450131448,0.3816374946771572,low
4621,0.3098788827552113,0.3535470050259537,0.1827469720688803,0.1538271401499547,4.798843731118271,0.0,0.2352941176470588,1.0,1.0,221600.0,39,0.49213682800099123,-0.3232301118774207,0.3734082352271397,low
4622,0.32026762181523283,0.32371426640535245,0.21166452659322835,0.14435358518618638,4.997009550514443,0.0,0.25,1.0,1.0,264020.0,39,0.5736620313212036,-0.17781781002142158,0.2928513598483178,low
4640,0.31778149792561317,0.32906325060048036,0.21624572385180876,0.13690952762209763,4.9228235969358565,0.0,0.28,1.0,1.0,92500.0,39,0.6281768417112318,-0.1856388920820902,0.27219980905947844,low
4700,0.3069587831980456,0.3633068011663646,0.20214358893529827,0.12759082670029157,4.843320569408824,0.0,0.4054054054054054,1.0,1.0,1143260.0,41,0.6883325767488164,-0.308147261402304,0.29538339315527856,low
4710,0.32442829664458217,0.3408848044453944,0.21065754790909735,0.12402935100092613,4.944281793546234,0.0,0.4444444444444444,1.0,1.0,243920.0,41,0.7223483976693745,-0.2166944535537628,0.3053504352246363,low
4720,0.30426173168800236,0.33265949906509523,0.19869460378427697,0.1643841654626254,4.797135955258758,0.0,0.3602031675895418,2.0,2.0,3335170.0,41,0.43594513349629804,-0.24681940503386898,0.3013118458517591,low
4740,0.29461332493306036,0.31044258938415503,0.22019215624507793,0.17475192943770673,4.844029593742304,0.0,0.6774193548387096,1.0,1.0,371620.0,41,0.3833782042689642,-0.16159840590870453,0.20588342435767948,high
4750,0.29753883254131497,0.30675934463437127,0.21760408539612736,0.17809773742818633,4.9486889658772695,0.0,0.3428571428571428,1.0,1.0,265130.0,41,0.3629478182127983,-0.1526461004562791,0.22123070004303902,low
4760,0.31875259875259876,0.32923076923076927,0.19417879417879413,0.15783783783783784,4.78957290898587,0.0,0.3552631578947368,1.0,1.0,3693490.0,41,0.4749424895304747,-0.22875101248313623,0.3504675025502266,low
4800,0.34019380155361584,0.32633939296868747,0.22783695042844554,0.10562985504925121,4.827273196127054,0.0,0.6923076923076923,1.0,1.0,96660.0,41,0.8851531559022386,-0.1297127872463376,0.2834686549665426,high
4810,0.34955830388692577,0.31210247349823317,0.22393992932862195,0.11439929328621903,4.729156165769083,0.0,0.5303030303030303,1.0,1.0,422600.0,41,0.8060661587312877,-0.08924917442568502,0.31486936429383805,mid
4820,0.35661401776900303,0.31646923330042775,0.23609740046067784,0.09081934846989141,4.800407968048592,0.0,0.5192307692307693,1.0,1.0,426870.0,41,1.0310053852353454,-0.0708529635805229,0.291617610970255,mid
4830,0.32552497281017323,0.32125826152430353,0.24311888228896514,0.11009788337655811,4.7835673858898895,0.0,0.5625,1.0,1.0,37190.0,41,0.8507618870538164,-0.10839031877189804,0.20639642881413683,mid
4850,0.3327797575930947,0.2971018656936383,0.2296014758151962,0.14051690089807092,4.819167453319618,0.0,0.6827758534375543,2.0,2.0,1508650.0,41,0.6067713804375461,-0.05892008731174048,0.2624326341087561,high
4900,0.3082091696770676,0.34087360988484644,0.19178787506930237,0.1591293453687838,4.7546102261567365,0.0,0.39755605219522744,2.0,2.0,42680.0,41,0.4646307953462928,-0.27591661056183114,0.3354434885256242,low
4920,0.326926647498662,0.33570590141604695,0.21470139343762412,0.12266605764766692,4.913149616531027,0.0,0.41312469757936154,2.0,2.0,224380.0,41,0.7352043136783416,-0.1933002359954503,0.2973296553791803,low
4930,0.36251844564682734,0.30841121495327106,0.21478930972290536,0.11428102967699623,4.803857096868311,0.0,0.5340909090909091,1.0,1.0,59550.0,41,0.8019929848280805,-0.08170479673942974,0.37011225078618093,mid
4940,0.3156351450413656,0.3158445910566552,0.2457848989422976,0.1227353649596816,4.559021529962111,0.0,0.5277777777777778,1.0,1.0,115130.0,41,0.7459949738373002,-0.10265684269921349,0.176868748815908,mid
4950,0.2930627241711137,0.3781821362960371,0.2131047152480098,0.1156504242848394,4.738914056037687,0.0,0.5217391304347826,1.0,1.0,7860.0,41,0.7868793643841311,-0.3382669872889144,0.22528633897040182,mid
5000,0.32162860835846624,0.32643975298003736,0.22519029154100242,0.12674134712049404,4.936342689514401,0.0,0.53125,1.0,1.0,1443630.0,43,0.70787287338001,-0.15764407354024154,0.252049417585039,mid
5010,0.3246911079602998,0.3032205792991695,0.2641280129633381,0.1079602997771926,4.592490132830717,0.0,0.4838709677419355,1.0,1.0,48190.0,43,0.8742462962934231,-0.028419336699899406,0.1459754139088733,mid
5020,0.3356021417551502,0.3240765949723205,0.2251565477811054,0.1151647154914239,4.702206148499686,0.0,0.5526315789473684,1.0,1.0,3870.0,43,0.8009614752539008,-0.13441064634789482,0.2822278323971915,mid
5100,0.3304276763824571,0.3081812403523108,0.2462544265867611,0.1151366566784709,4.701661486176852,0.0,0.4285714285714285,1.0,1.0,212900.0,43,0.8080253406087784,-0.06312459375323194,0.2079053379027808,low
5110,0.33921933085501854,0.28011152416356877,0.26700743494423795,0.11366171003717472,4.678420647727684,0.0,0.4166666666666666,1.0,1.0,429080.0,43,0.8225600153381872,0.058603122387376146,0.16926042428526591,low
5120,0.3369359632531748,0.293614338467081,0.264433036116365,0.1050166621633792,4.709800435066175,0.0,0.313953488372093,1.0,1.0,1509370.0,43,0.8999132658491682,0.013450423892614598,0.1713353987407281,low
5130,0.30475510750289947,0.31456865019181013,0.23748773307163887,0.14318850923365153,4.719302120033004,0.0,0.4193548387096774,1.0,1.0,11140.0,43,0.5913050590600326,-0.12769197053126816,0.17634716749209714,low
5140,0.34504094631483173,0.28498635122838945,0.25650591446769794,0.11346678798908091,4.699570861409576,0.0,0.4864864864864865,1.0,1.0,149290.0,43,0.8223562386596813,0.035081690184993006,0.20966520202454045,mid
5150,0.3332781867813715,0.289023078831996,0.2479113243444454,0.1297874100421871,4.794881041213901,0.0,0.4571428571428571,1.0,1.0,61930.0,43,0.690182347583311,-0.004476209346169817,0.20923743467580921,low
5160,0.3245788667687596,0.3156202143950995,0.2156967840735069,0.144104134762634,4.8721392168423305,0.0,0.3333333333333333,1.0,1.0,364210.0,43,0.5771577922271582,-0.14397981649479263,0.28896265341320065,low
5200,0.35788330536084506,0.28798499358278207,0.25510909270411686,0.09902260835225583,4.6179876896987055,0.0,0.8,1.0,1.0,39980.0,43,0.952270575365903,0.03922510504030696,0.2393667486954677,high
5210,0.32443531827515404,0.30069815195071875,0.25445585215605754,0.12041067761806981,4.801969761962699,0.0,0.7321428571428571,1.0,1.0,7060.0,43,0.7663158127498706,-0.03715073624480422,0.1717978411341643,high
5220,0.3210419485791611,0.3048037889039242,0.251776048714479,0.1223782138024357,4.772716457199892,0.0,0.5909090909090908,1.0,1.0,150170.0,43,0.7501024069919041,-0.05683825258752498,0.17184943291466342,high
5230,0.32929782082324455,0.33397344911079574,0.25048008683309686,0.08624864323286291,4.785573236959415,0.0,0.5750000000000001,1.0,1.0,16820.0,43,1.0853320525259413,-0.12320157605085152,0.1934524992202718,high
5240,0.3083703759511791,0.3227604912227831,0.2419950274994349,0.1268741053266029,4.888316989638111,0.0,0.7045454545454546,1.0,1.0,2787070.0,43,0.7123184227440028,-0.1361925733957863,0.1713916539019908,high
5250,0.33970725103646676,0.30984008799390816,0.24452153312462985,0.10593112784499532,4.7722934990241495,0.0,0.62,1.0,1.0,151340.0,43,0.8876981161014182,-0.05908375138453598,0.2324831652177622,high
5260,0.32453514739229034,0.2801814058956917,0.23337868480725624,0.16190476190476183,4.702750514326955,0.0,0.4705882352941176,1.0,1.0,85460.0,43,0.4646135897384094,-0.014622763615273359,0.23315534552901668,low
5300,0.31321770808584776,0.33325413795834324,0.22546923259681637,0.12805892135899263,4.838422471450589,0.0,0.3974358974358974,1.0,1.0,220380.0,43,0.697588122878988,-0.18482565305249946,0.23243645915269168,low
5310,0.3267641449459631,0.326128417037508,0.2325351416260507,0.1145722963904782,4.952794294406406,0.0,0.4310344827586206,1.0,1.0,169840.0,43,0.8088541949303749,-0.13729489638258988,0.24055580433238266,low
5320,0.3161538461538462,0.3000854700854701,0.245042735042735,0.1387179487179487,4.762173934797756,0.0,0.4396551724137931,1.0,1.0,78470.0,43,0.6248086724368251,-0.06143038363984702,0.18016820990001553,low
5330,0.34970030380162576,0.29567287954676086,0.24033171853189925,0.11429509811971422,4.802298250099019,0.0,0.5,1.0,1.0,238610.0,43,0.8117542757096801,-0.016089379757055586,0.26520491191017215,mid
5340,0.3212021193433511,0.33978980283158167,0.22027273516893942,0.11873534265612781,4.746061924685573,0.0,0.6,1.0,1.0,40500.0,43,0.769196041144736,-0.19992626474475395,0.26672357444868067,high
5350,0.3300305445876481,0.29680399314609257,0.23541682187290475,0.13774864039335463,4.899554746499545,0.0,0.6,1.0,1.0,133850.0,43,0.6285390372639721,-0.0512764212052291,0.23888015604329108,high
5360,0.33104761904761915,0.30697142857142856,0.25432380952380956,0.10765714285714281,4.877103901471733,0.0,0.4655172413793103,1.0,1.0,102770.0,43,0.8749080759683537,-0.045984609159227495,0.18643148424859718,low
5400,0.31655102386190553,0.3084278219664919,0.25765781012015565,0.11736334405144691,4.772208885917529,0.0,0.5833333333333334,1.0,1.0,983150.0,43,0.792349966293139,-0.06281262244378928,0.14555938344893438,high
5410,0.3118520176027449,0.3081972104124711,0.2246587603490714,0.1552920116357126,4.89836205161347,0.0,0.5285714285714286,1.0,1.0,100860.0,43,0.5057384562090769,-0.12425785455907937,0.2318929411810172,mid
5500,0.3182194274367036,0.2732086711898064,0.2061062386232004,0.2024656627502895,4.794632850933413,0.0,0.2727272727272727,1.0,1.0,85750.0,43,0.22218109082009682,-0.052802347072612395,0.3071314138422577,low
5510,0.31784668215331785,0.25613574386425614,0.22118977881022123,0.20482779517220484,4.595220855134423,0.0,0.1551724137931034,1.0,1.0,68310.0,43,0.2135586722011991,0.028240611729250145,0.2563602018110285,low
5521,0.3204499131878917,0.31546765305352154,0.24722578697063483,0.11685664678795192,4.88635620469617,0.0,0.59375,1.0,1.0,97050.0,43,0.7942146774191243,-0.09311501660826497,0.18344043472527177,high
5522,0.33454949238578685,0.31963832487309646,0.21573604060913704,0.13007614213197974,4.836916626109569,0.0,0.6521739130434783,1.0,1.0,194330.0,43,0.6782914804077769,-0.14188252495305828,0.3102283936610505,high
5530,0.30573354414579346,0.27161521178330705,0.22102022135308313,0.20163102271781644,4.788907406923208,0.0,0.3541666666666666,1.0,1.0,24000.0,43,0.23268264605273803,-0.03584610062372997,0.22942769310901867,low
5540,0.31181396861533467,0.31051304984145056,0.21733474266200503,0.16033823888120982,4.81210305125432,0.0,0.2777777777777778,1.0,1.0,79320.0,43,0.4706024513121054,-0.14395093735322834,0.25524291893843964,low
5550,0.29209621993127144,0.28286082474226804,0.20790378006872856,0.21713917525773196,4.533888983983128,0.0,0.3461538461538461,1.0,1.0,335540.0,43,0.14938883675557607,-0.11257501211928773,0.24042188570372383,low
5560,0.3051802896297016,0.2915735251239187,0.1988531441345126,0.204393041111867,4.633660456387719,0.0,0.125,1.0,1.0,112130.0,43,0.2103365163342773,-0.1376266673007509,0.30287938384070195,low
5600,0.34914544820369725,0.26560865015695856,0.24633763515870247,0.13890826648064172,4.742145641015169,0.0,0.5192307692307693,1.0,1.0,367200.0,43,0.61856568478734,0.08089183377445028,0.24662859000538562,mid
5610,0.30838822315689235,0.30005555114673443,0.20569796047932706,0.18585826521704624,4.836361268881602,0.0,0.3571428571428571,1.0,1.0,795360.0,43,0.313727188047363,-0.1429550466189933,0.2863432958355316,low
5630,0.31368075853710703,0.28901404434305267,0.21537035716831826,0.18193483995152201,4.94356913673158,0.0,0.2758620689655172,1.0,1.0,54760.0,43,0.33955828251999853,-0.08663667743704886,0.2658839149362369,low
5710,0.33957345971563985,0.28973143759873615,0.25157977883096366,0.11911532385466032,4.841032509710076,0.0,0.7432432432432433,1.0,1.0,466910.0,43,0.7748411479749445,0.007161335458340443,0.21208264187957987,high
5720,0.3403294117647058,0.2867764705882353,0.2623058823529411,0.1105882352941176,4.665794807804526,0.0,0.7608695652173912,1.0,1.0,155250.0,43,0.8489032871883601,0.033484194520204125,0.1841325107879428,high
5730,0.32293100810769465,0.32224261893835093,0.23458773137524855,0.12023864157870583,4.873210618184584,0.0,0.611111111111111,1.0,1.0,656640.0,43,0.7627194664233342,-0.12873747782148964,0.22599773669098486,high
5740,0.33357028612049056,0.28700906344410876,0.25306557668384577,0.12635507375155502,4.723308714005133,0.0,0.5673076923076923,1.0,1.0,1825980.0,43,0.7175678865605725,0.009991736979926199,0.19530638933422986,mid
5810,0.34322275654087536,0.27956638682859236,0.24737142391392944,0.12983943271660284,4.809660848803092,0.0,0.4999999999999999,1.0,1.0,147170.0,43,0.6880903064936731,0.0337993051734464,0.23156949797510962,mid
5820,0.31975199291408335,0.287688219663419,0.2525243578387954,0.14003542958370235,4.726502471155617,0.0,0.4864864864864865,1.0,1.0,41930.0,43,0.6163919443246014,-0.0100842481158841,0.16690404384057503,mid
5830,0.34075723830734966,0.30108059061288467,0.22477934504660563,0.13338282603316012,4.797689567758492,0.0,0.4838709677419355,1.0,1.0,7600.0,43,0.6564464946415542,-0.06877611925312639,0.2941925401997088,mid
5840,0.3375069048057448,0.2927637635794513,0.2658810532130363,0.1038482784017676,4.687855552606699,0.0,0.5119047619047619,1.0,1.0,218300.0,43,0.9108301252551758,0.018739811831898604,0.16867107962581054,mid
5850,0.29670135826424415,0.28946904215911096,0.20206385605926971,0.21176574351737523,4.730745008896157,0.0,0.1216216216216216,1.0,1.0,69400.0,43,0.17404691129669253,-0.13667615499926283,0.2716296525927387,low
5860,0.32626963829009864,0.28087321885275857,0.25447570332480823,0.13838143953233462,4.695741884172478,0.0,0.5,1.0,1.0,2578180.0,43,0.6278081200744074,0.020870769516600187,0.17572932000426877,mid
5900,0.31165803108808293,0.28808290155440414,0.21899827288428322,0.18126079447322974,4.751864565138895,0.0,0.1764705882352941,1.0,1.0,32920.0,43,0.3447959260193775,-0.07982323964958003,0.24949745814457552,low
5910,0.3862714156898107,0.24571686203787196,0.24864743011722276,0.11936429215509463,4.485485343042112,0.0,0.6000000000000001,1.0,1.0,5340.0,43,0.7592779118179476,0.1895155558374912,0.3114835932714299,high
5920,0.35032768746276277,0.31755894118648403,0.23891395012341474,0.09319942122733851,4.766353223579481,0.0,0.6739130434782609,1.0,1.0,6190.0,43,1.007883632664839,-0.07607889507418493,0.2706560952150432,high
6005,0.3137196924896511,0.2876256652868125,0.200103489059728,0.1985511531638084,4.907346704590325,0.0,0.1578947368421052,1.0,1.0,25770.0,45,0.2412903037920673,-0.11267046838389688,0.3179613193392235,low
6010,0.3228921158671025,0.2916444917509313,0.2223066980916901,0.163156694290276,4.879234962480687,0.0,0.2916666666666666,1.0,1.0,13630.0,45,0.4540220791276625,-0.0692776613266833,0.26393489595536,low
6020,0.3254352898940944,0.2725722491473703,0.2160294381619099,0.1859630227966254,4.71330684459267,0.0,0.0757575757575757,1.0,1.0,950.0,45,0.31518662132608305,-0.022547186064505294,0.2897362636263739,low
6040,0.32390470241813146,0.28419737663960026,0.20353350584456145,0.18836441509770677,4.719123676063936,0.0,0.05,1.0,1.0,25560.0,45,0.2975702472179342,-0.08289807584110274,0.3285350369535866,low
6050,0.3088866733621832,0.29075178616803743,0.19202785865123578,0.20833368181854356,4.851088169112991,0.0,0.06656549982223273,3.0,3.0,337520.0,45,0.18638649220949763,-0.1446525567334639,0.33611189339224035,low
6115,0.31842996987951805,0.26826054216867473,0.18975903614457834,0.22355045180722893,4.665700685728123,0.0,0.0087719298245614,1.0,1.0,0.0,45,0.10744630590567632,-0.07134536858883034,0.3660320855082313,low
6120,0.31492162583972316,0.29368256768677486,0.20275497048245913,0.18864083599104292,4.992946431225172,0.0,0.0652173913043478,1.0,1.0,6300.0,45,0.2965521800737657,-0.12275085308873926,0.3113572127321334,low
6130,0.31461024073375626,0.2779452222925261,0.18085375265586054,0.22659078431785706,4.840729873249665,0.0,0.0798531221039849,3.0,3.0,32940.0,45,0.08862623014527651,-0.12485247396736018,0.3914867231808043,low
6200,0.3144951025297724,0.2922274681135931,0.194137129166373,0.1991403001902614,4.955193053846446,0.0,0.2,1.0,1.0,665870.0,47,0.23528090318356248,-0.13698025691474736,0.3411109579749517,low
6210,0.33210438805754355,0.25952432588737073,0.17270295669775174,0.23566832935733395,4.929642134886724,0.0,0.0,1.0,1.0,12920.0,47,0.037122637630767986,-0.06559669533754747,0.4623603204780537,low
6220,0.3251398440705497,0.29018095390731397,0.1776052582925382,0.2070739437295982,4.862427124884176,0.0,0.0,2.0,2.0,64950.0,47,0.18333633308062233,-0.15398741677261144,0.4275817724390415,low
6230,0.3152014113496031,0.2849162011173184,0.19251690679212,0.2073654807409585,4.912948960138995,0.0,0.0888888888888888,1.0,1.0,668060.0,47,0.1911440427640825,-0.11879796582953944,0.3486233418774529,low
6240,0.33314081582816274,0.2770141318121866,0.1777668869095114,0.2120781654501394,4.785243379524679,0.0,0.025863590142361524,4.0,4.0,83590.0,47,0.1565318187287885,-0.10577660365733829,0.4441282560009839,low
6250,0.3220786680205814,0.2857676181320659,0.17933330110030654,0.21282041274704624,4.887709902830284,0.0,0.000317057704502219,2.0,2.0,189240.0,47,0.1552710925027142,-0.14138291290889435,0.41404618803838195,low
6260,0.3203421397530523,0.2875077602262537,0.180382148030627,0.2117679519900669,4.976526824462806,0.0,0.025,1.0,1.0,968760.0,47,0.1614397737532998,-0.1461661346427172,0.40609988590057455,low
6305,0.3182612882121839,0.28002475926813025,0.18564230035561838,0.2160716521640675,4.960289825209926,0.0,0.0777457907381836,3.0,3.0,452780.0,47,0.14281977419789418,-0.11555942989343411,0.38116661797426515,low
6330,0.31760740492318434,0.28988023520345857,0.17470491498664095,0.2178074448867161,4.627484545928485,0.0,0.018112778026571102,2.0,2.0,111650.0,47,0.1277526248820912,-0.169431742878845,0.4226502344778959,low
6355,0.3155617678381257,0.2910010649627263,0.1872337593184238,0.2062034078807242,5.012234015459953,0.0,0.1463414634146341,1.0,1.0,650580.0,47,0.1944082571986507,-0.14694551314671286,0.36910730338092307,low
6360,0.32485290461589456,0.27347310847766637,0.18239827629071023,0.21927571061572887,4.79305954708551,0.0,0.03125,1.0,1.0,52700.0,47,0.12406643207657386,-0.09505713640327892,0.4081277867888074,low
6400,0.3090766321452167,0.30365925802555693,0.17791295101826413,0.20935115881096217,4.783642431483944,0.0,0.07382528384755553,2.0,2.0,58370.0,47,0.17284445793286562,-0.21103529234114338,0.39053143730550316,low
6410,0.30457481808553233,0.317560725919663,0.19016725291767436,0.1876972030771304,4.859964959200191,0.0,0.028262705155944836,2.0,2.0,216560.0,47,0.2953145656510653,-0.2263807794161458,0.3330563459737449,low
6441,0.30591239128700237,0.27160296816404694,0.17721215989786962,0.24527248065108115,4.830950258623431,0.0,0.0,1.0,1.0,33330.0,47,-0.0006124344312160156,-0.12575526506859866,0.386045724802016,low
6442,0.3165179944632421,0.2773761919409412,0.1844047985235312,0.2217010150722854,4.867842095435704,0.0,0.0555555555555555,1.0,1.0,417620.0,47,0.11428620303737515,-0.11277284588740955,0.3820121484763091,low
6460,0.31427435387673963,0.30178926441351894,0.17988071570576541,0.20405566600397612,4.8342958089798485,0.0,0.0384615384615384,1.0,1.0,26980.0,47,0.20123854531302154,-0.1946926561014182,0.39454606930469366,low
6500,0.32053013675502284,0.29317913219652203,0.17356069559344922,0.21273003545500585,4.774575350848819,0.0,0.0,1.0,1.0,16420.0,47,0.1521940625906151,-0.17761410104414582,0.43377390090034235,low
6515,0.3037917881983397,0.3022212250392642,0.18442898810859326,0.20955799865380298,4.895673275626574,0.0,0.0,1.0,1.0,129890.0,47,0.17602390980323165,-0.19951563615736587,0.3529014794473979,low
6520,0.3119481571486432,0.2860267314702309,0.1787768327257999,0.223248278655326,4.8158362157911885,0.0,0.0394736842105263,1.0,1.0,122630.0,47,0.10398281563835128,-0.15643880645514788,0.3936454453343063,low
6530,0.33250853242320816,0.27141638225255976,0.16339590443686003,0.23267918088737205,4.763881877142913,0.0,0.0,1.0,1.0,68620.0,47,0.04547036076468271,-0.12429795937781309,0.502391875334401,low
6540,0.3113214469146673,0.2915841220925967,0.179690366131044,0.2174040648616919,4.914784968439421,0.0,0.11,1.0,1.0,16420.0,47,0.13340159553234798,-0.17089107856128924,0.38861937324934653,low
6600,0.32205842201991053,0.28186466195240134,0.1712688310904444,0.22480808493724364,4.788221292199252,0.0,0.0,6.0,6.0,179600.0,47,0.09054387510613024,-0.14896435906404604,0.4465368930580989,low
6660,0.32006459426725886,0.2997174000807429,0.21461445296729914,0.16560355268469923,4.819071155935369,0.0,0.1379310344827586,1.0,1.0,117830.0,47,0.43630820406863713,-0.10953875348106068,0.2826161951848441,low
6700,0.301857030185703,0.2768337276833728,0.1801821180182118,0.2411271241127124,4.937849524370603,0.0,0.0789473684210526,1.0,1.0,22510.0,47,0.020601539213395442,-0.13999345346056719,0.36485676764900704,low
6710,0.28678998199377964,0.31199869045670325,0.17924373874611224,0.22196758880340486,4.805495367221621,0.0,0.0256410256410256,1.0,1.0,24470.0,47,0.11053416873997647,-0.26066704568269583,0.3323427534219477,low
6720,0.30841121495327106,0.29085016581248124,0.19995477841422973,0.20078384082001802,4.887940214078852,0.0,0.032258064516129,1.0,1.0,44240.0,47,0.22968343200128605,-0.1290437091223862,0.3064196133196564,low
6730,0.29358124955474824,0.32713542779796256,0.19505592363040536,0.18422739901688392,4.944281793546234,0.0,0.0,1.0,1.0,141150.0,47,0.31676391720038216,-0.25528081538365666,0.28911342414531066,low
6740,0.3246982423942966,0.2817110185642691,0.17886637961459725,0.2147243594268371,4.95350040939126,0.0,0.0,1.0,1.0,21030.0,47,0.1450164243895347,-0.12746665613077235,0.4216175247220539,low
6750,0.31775463550927097,0.27660655321310645,0.18584370502074332,0.21979510625687915,4.771616393623756,0.0,0.09375,1.0,1.0,28620.0,47,0.12433073582233635,-0.10573904190493066,0.37927332044935114,low
6765,0.303097741142594,0.31304456464012986,0.18107203876321148,0.20278565545406452,4.937243485730077,0.0,0.14166666666666666,2.0,2.0,30920.0,47,0.20866802344590532,-0.23667820319802482,0.36427339471725606,low
6800,0.29181381590134364,0.3051774131445673,0.18654021315360989,0.21646855780047916,4.956953263992907,0.0,0.09756161366186973,3.0,3.0,51920.0,47,0.1424092710984156,-0.21923903268438266,0.3164084676216659,low
6821,0.31402145763965966,0.2834628190899002,0.17410284868664444,0.22841287458379575,4.906385272722456,0.0,0.0,1.0,1.0,35720.0,47,0.07584187441480715,-0.15719780091936725,0.4170622646390006,low
6825,0.30663214802406163,0.2829513439427397,0.17513134851138357,0.23528515952181528,4.877713239597068,0.0,0.1136363636363636,1.0,1.0,15800.0,47,0.044474836521481535,-0.16304001201694898,0.396059388650132,low
6835,0.32063754916166426,0.28075622714413856,0.19926861243358865,0.19933761126060856,4.976250867234425,0.0,0.1145833333333333,1.0,1.0,5370.0,47,0.23597808797770292,-0.08573559759718259,0.3363407350401115,low
6850,0.3154429613889501,0.2749355559473021,0.16810078066068726,0.2415207020030607,4.778105329957581,0.0,0.059249491555398354,3.0,3.0,21040.0,47,0.009876359897992381,-0.14473703976818608,0.44506304419894843,low
6920,0.31882778709506576,0.26975019860534916,0.17998058081030982,0.23144143348927534,4.729950902885397,0.0,0.0,1.0,1.0,34520.0,47,0.06409045319473913,-0.09695595425994552,0.4043251734928343,low
6950,0.30666828203639784,0.2807264465108833,0.1808737145983613,0.23173155685435756,4.854031692149479,0.0,0.07021166752710374,2.0,2.0,10430.0,47,0.06472314895194631,-0.14337502912141495,0.37332944936061924,low
7000,0.3155713044059638,0.2919034565755165,0.199037240088253,0.1934879989302667,5.007764510671235,0.0,0.2692307692307692,1.0,1.0,526240.0,49,0.2680791034168468,-0.12450333197880072,0.32590036598887673,low
7010,0.3128960438431238,0.2456756293885939,0.2162185305703031,0.2252097961979791,4.760291822855391,0.0,0.2040816326530612,1.0,1.0,86420.0,49,0.10827497596326462,0.04659600923864159,0.26133351076645217,low
7020,0.3165204512729747,0.27672152179750986,0.2041327968364566,0.20262523009305886,4.887237722247816,0.0,0.1943267057131114,2.0,2.0,186530.0,49,0.22086416785535107,-0.06934698344326916,0.31014913249296083,low
7030,0.3131460183432814,0.2706361915853836,0.206580288251565,0.20963750181977,4.922750808785736,0.0,0.14,1.0,1.0,18910.0,49,0.18532788230969588,-0.05070124068942006,0.2941425985263916,low
7040,0.31215019482819706,0.26702089975203686,0.19886645412681545,0.22196245129295075,4.949823154699498,0.0,0.0192307692307692,1.0,1.0,15880.0,49,0.12006582668279847,-0.05655703732512523,0.3187997647567911,low
7050,0.3150341685649203,0.2656036446469249,0.1965072133637054,0.2228549734244495,4.880526608749236,0.0,0.16,1.0,1.0,10710.0,49,0.11426389255324333,-0.053329488555037004,0.3337416478456592,low
7100,0.3261257569256128,0.2519148000552926,0.20318844988835882,0.21877099313073572,4.882061476624761,0.0,0.24458801832351712,2.0,2.0,73270.0,49,0.13464714863028726,0.017650642092332792,0.3345670017757376,low
7110,0.32555169232952536,0.29234371673880655,0.18498545377137582,0.19711913716029236,4.94826331320342,0.0,0.125,1.0,1.0,9000.0,49,0.24026540126490198,-0.14291220999628737,0.39968791090311895,low
7120,0.3178440115778769,0.2856919346006415,0.2015176406164437,0.1949464132050379,4.8507012561799305,0.0,0.0952380952380952,1.0,1.0,21540.0,49,0.26101358610660835,-0.09895550733857608,0.3222171112535725,low
7130,0.32568116814692155,0.25327412313713693,0.20419990967936175,0.21684479903657986,4.889295942237095,0.0,0.1833333333333333,1.0,1.0,77420.0,49,0.14489906633096822,0.014726972763385186,0.3300911828215077,low
7140,0.3167693360711841,0.2700889801505818,0.19972621492128675,0.2134154688569473,4.984291318756654,0.0,0.0597014925373134,1.0,1.0,125440.0,49,0.16285617969762106,-0.058127026736207274,0.32613628627410707,low
7150,0.33705357142857145,0.26654864532019706,0.18927032019704434,0.20712746305418717,4.866918876413368,0.0,0.0425531914893617,1.0,1.0,137300.0,49,0.1873420220709919,-0.04396645468900259,0.40804701633384954,low
7160,0.32080588919023645,0.2751840371948857,0.1854901201084851,0.2185199535063929,4.637056374850413,0.0,0.0,1.0,1.0,16230.0,49,0.1300902834809929,-0.09840512592414442,0.3873775704506188,low
7200,0.32023710008359296,0.27000531955315754,0.18291663500265973,0.22684094536058977,4.879691028162049,0.0,0.0727272727272727,1.0,1.0,629780.0,49,0.08769562340798845,-0.0893211169956775,0.3960018284942146,low
7210,0.31709331131296453,0.24390060806245775,0.19510547256211996,0.24390060806245775,4.891926830363372,0.0,0.0,1.0,1.0,261420.0,49,0.011320334403015957,0.016009370443344013,0.3434105029580267,low
7220,0.31351332745821403,0.2633097214495616,0.19087148240552984,0.23230546868669447,4.919810862241223,0.0,0.12650252318191713,3.0,3.0,203060.0,49,0.06599507619064644,-0.06010221909905291,0.3508957555051389,low
7240,0.3172491002136739,0.2634659816393989,0.19357427194020693,0.2257106462067203,4.8837186145800064,0.0,0.06326304190315175,3.0,3.0,72800.0,49,0.09858580430689375,-0.05001040410734874,0.3493291327336484,low
7260,0.31415952754698123,0.2902714871262175,0.18666027856174308,0.20890870676505827,4.851190086426996,0.0,0.01996615117976515,3.0,3.0,123970.0,49,0.18022444356850242,-0.14796637434033852,0.3681273096045234,low
7300,0.31141345610264853,0.2726600199482465,0.19403819581546972,0.22188832813363518,4.884599532372246,0.0,0.07031885526824645,2.0,2.0,68170.0,49,0.11861068910148004,-0.0846196017025626,0.3345084910480302,low
7315,0.3096372297544888,0.2891901795529499,0.18636863319897395,0.21480395749358738,4.915958247154348,0.0,0.1403508771929824,1.0,1.0,356960.0,49,0.15040989773117794,-0.1514768816831791,0.35898027559377976,low
7320,0.31268090432605805,0.28146757412188067,0.19643276226237974,0.20941875928968162,4.8507012561799305,0.0,0.109090909090909,1.0,1.0,28120.0,49,0.18259077593287557,-0.10391189099769131,0.3287077793071675,low
7330,0.32085317515070516,0.25602131172978815,0.19733589935050277,0.22578961376900386,4.863474406066631,0.0,0.14490495199050593,2.0,2.0,373750.0,49,0.09882524771621055,-0.014137805727205558,0.34370782712245773,low
7340,0.3186690017513135,0.2612259194395797,0.1953765323992994,0.2247285464098073,4.96109484853612,0.0,0.0784313725490196,1.0,1.0,1416740.0,49,0.10386172473834654,-0.03743214905483478,0.34593383415272994,low
7350,0.3089770354906054,0.2521085594989562,0.1884759916492693,0.2504384133611691,4.785406236291025,0.0,0.1142857142857142,1.0,1.0,57660.0,49,-0.01949761831326976,-0.03571437039961933,0.3495202810707991,low
7360,0.30346981263011813,0.2940319222761971,0.18119361554476054,0.22130464954892437,4.970507503005476,0.0,0.0434782608695652,1.0,1.0,39240.0,49,0.11544576751468454,-0.1847439379872208,0.364666268543207,low
7410,0.3055360349808699,0.2863277894901226,0.16733036620598105,0.24080580932302648,4.85257698943798,0.0,0.0,1.0,1.0,123940.0,49,0.013626211627102555,-0.19278983300501368,0.4257473148019435,low
7420,0.3061075394506137,0.287770309760374,0.1981297486849795,0.2079924021040327,4.919104629583938,0.0,0.03125,1.0,1.0,101530.0,49,0.191252058028014,-0.12715573310033332,0.3076016065960573,low
7430,0.3282469906334278,0.26642486786534797,0.20559554845282318,0.19973259304840113,4.8946397138885125,0.0,0.23629091291342946,4.0,4.0,63420.0,49,0.23493283054821062,-0.020619534076719598,0.3308237707697359,low
7440,0.3068189637377004,0.2591343838161426,0.1936282942269318,0.2404183582192252,4.979007018638079,0.0,0.0434782608695652,1.0,1.0,10100.0,49,0.02956128047439824,-0.05000852789577401,0.3254936730918595,low
7510,0.31330021020447163,0.24947448882094403,0.21039556659659853,0.22682973437798581,4.650717000944062,0.0,0.1964285714285714,1.0,1.0,27540.0,49,0.09898928363391195,0.023448947642358112,0.28155044623803277,low
7520,0.30646583394562826,0.28875826598089643,0.19081557678177813,0.21396032329169723,4.91338990965742,0.0,0.0888888888888888,1.0,1.0,2670.0,49,0.1572216531966872,-0.14483265541819532,0.3350264027585391,low
7540,0.3087229190421893,0.2958238312428734,0.1954104903078677,0.2000427594070695,4.943925528623873,0.0,0.08,1.0,1.0,15380.0,49,0.23143584579248871,-0.15186086365900875,0.3233894513295346,low
7550,0.293642275396174,0.3159290359239851,0.1803144137887493,0.2101142748910916,5.065060346074329,0.0,0.1153846153846153,1.0,1.0,3530.0,49,0.1702107455134884,-0.25881753224640813,0.34482783841099135,low
7560,0.3177058160141776,0.2642983728048977,0.1893829547285323,0.2286128564523925,4.821409960985506,0.0,0.037037037037037,1.0,1.0,17980.0,49,0.08252809987283356,-0.060935262986655234,0.3658249934432245,low
7610,0.32224237167862496,0.26334463455018525,0.17834897106362851,0.23606402270756133,4.842847607079338,0.0,0.0,1.0,1.0,88480.0,49,0.04047240723531505,-0.07670211000258072,0.4182973792837569,low
7640,0.31948704311081083,0.26554882180341327,0.1911024031763925,0.22386173190938344,4.926332977704572,0.0,0.29385844548783746,2.0,2.0,172160.0,49,0.10630146512688388,-0.058816851345835294,0.36338733156444064,low
7700,0.31359270264667266,0.29742243106903465,0.20523806233155964,0.18374680395273302,4.974731739749902,0.0,0.225,1.0,1.0,629420.0,51,0.32526263673252187,-0.12983981969458722,0.29975984166895087,low
7710,0.32257817290006136,0.27007970570202333,0.20286633966891474,0.20447578172900052,4.871219958312758,0.0,0.025,1.0,1.0,33320.0,51,0.20965358919424182,-0.04431184226603082,0.3279548286647752,low
7720,0.33215013081590433,0.28522034452095946,0.17993693515447473,0.2026925895086616,4.7530966712684,0.0,0.1387897512897513,3.0,3.0,11100.0,51,0.20680225795324167,-0.12587541717472425,0.4334427663680713,low
7730,0.3109015209448551,0.2731752910187781,0.1786048092446257,0.237318378791741,4.768054048889571,0.0,0.0,1.0,1.0,45990.0,51,0.03653404817550639,-0.1206682158021592,0.39194972267991574,low
7740,0.3210639692797603,0.2550341856326684,0.1819799569167369,0.2419218881708345,4.670676988190211,0.0,0.0227272727272727,1.0,1.0,61070.0,51,0.014748367154731283,-0.043787999753180824,0.4014555124104017,low
7750,0.32769476815799986,0.2785884232771,0.18336167362465847,0.21035513494024188,4.8027950277285845,0.0,0.0881353246836837,3.0,3.0,1346490.0,51,0.16941968229824364,-0.10448211267383085,0.4105617741664969,low
7800,0.3355597365945438,0.3022577610536219,0.19143932267168384,0.17074317968015054,4.666265285347902,0.0,0.1176470588235294,1.0,1.0,181800.0,51,0.39293576040218525,-0.14378073475660424,0.3968488935577995,low
7810,0.3110874646324062,0.30606744766342786,0.186391736287838,0.19645335141632791,4.806613021935432,0.0,0.010536279515734019,3.0,3.0,364480.0,51,0.2455052563516001,-0.19583111694759903,0.3621967395725011,low
7830,0.3058185705558949,0.293219303604154,0.2015882712278558,0.1993738546120953,4.874891933062879,0.0,0.0666666666666666,1.0,1.0,21050.0,51,0.2380400712045557,-0.1357924590216041,0.294697119622268,low
7840,0.32676505783805343,0.26102911846828875,0.20582369365775827,0.20638213003589945,4.831109824604303,0.0,0.1538461538461538,1.0,1.0,155240.0,51,0.1996780327623417,-0.005308269139961573,0.3268399491432244,low
7850,0.3407787762088147,0.2450149764655541,0.2082156611039795,0.2059905862216517,4.760891060984867,0.0,0.032258064516129,1.0,1.0,26710.0,51,0.19850336264723542,0.06824654714475036,0.3483626200090467,low
7905,0.32331997523388917,0.26039927290905185,0.19590436824593213,0.2203763836111268,4.872248983559444,0.0,0.20488720166785945,2.0,2.0,183640.0,51,0.12484462064647125,-0.027827487390821446,0.3542717016359986,low
7925,0.320218101170063,0.26989183542449885,0.19350939428787065,0.21638066911756756,4.840213292158758,0.0,0.07564178243394,3.0,3.0,102640.0,51,0.14469322049705577,-0.06601952447131848,0.3561529054788764,low
7950,0.3255219429058373,0.255901150404772,0.1893481039625053,0.2292288027268854,4.765160922297032,0.0,0.02,1.0,1.0,179630.0,51,0.0778401882951547,-0.02472574720710929,0.3831406697103207,low
8000,0.3035466775377089,0.2715858132898492,0.2069302894415002,0.2179372197309417,4.809334770704498,0.0,0.064516129032258,1.0,1.0,67750.0,51,0.14421471060227742,-0.06558057845050912,0.2709303854754727,low
8025,0.3138818224411007,0.2683256145635228,0.1940932726384845,0.22369929035689218,4.76606997772558,0.0,0.04017689057373151,3.0,3.0,41420.0,51,0.10930641186572591,-0.06819667738125938,0.339890477565915,low
8030,0.31712439418416793,0.26252019386106623,0.19418416801292404,0.22617124394184165,4.818667360250496,0.0,0.1326530612244897,1.0,1.0,333220.0,51,0.09657680244235495,-0.045950337407077296,0.3468267397734861,low
8040,0.32087360136018384,0.2748683833584986,0.1887496612308408,0.2155083540504768,4.832471587974306,0.0,0.02928539122568969,2.0,2.0,22110.0,51,0.1468670042810545,-0.09027018024245222,0.37520902156858077,low
8060,0.3194477840708651,0.25961404291816625,0.1949595834331083,0.22597858957786043,4.76157224538105,0.0,0.10894558301829103,2.0,2.0,5780.0,51,0.09735898164422656,-0.03225408593737678,0.3491704300012316,low
8100,0.3224834578924368,0.2621452796990596,0.18233102225015918,0.23304024015834449,4.739028904069249,0.0,0.032198688457319574,2.0,2.0,176820.0,51,0.05690973454458403,-0.06365490027713526,0.4032120876976464,low
8130,0.34202801308395536,0.24867902373563705,0.19164639771869496,0.21764656546171265,4.78105440081804,0.0,0.109375,1.0,1.0,63630.0,51,0.13223924410668536,0.023767656823458917,0.4095849900025787,low
8140,0.3322299666026721,0.26346041879916293,0.18177226574255173,0.22253734885561324,4.6269190450949775,0.0,0.040449894648145815,2.0,2.0,427580.0,51,0.1060016008853361,-0.056838070532600087,0.42643685454017055,low
8225,0.3345681839130773,0.26416249474449255,0.1906144456888,0.21065487565363017,4.90622399182055,0.0,0.11436765882982947,5.0,5.0,194670.0,51,0.17002806613114474,-0.03675678683699715,0.3978097319380493,low
8250,0.34065846252197535,0.27760907783282723,0.21447978264343937,0.16725267700175803,4.829433110570218,0.0,0.109375,1.0,1.0,25840.0,51,0.42342657845546616,-0.021772689149831013,0.32715350141125177,low
8255,0.3072661410611549,0.2887278926060089,0.190851622984587,0.2131543433482491,4.947269418474436,0.0,0.125,1.0,1.0,145290.0,51,0.1612671228661665,-0.1436049405275925,0.3367369756364123,low
8256,0.3215780998389694,0.2728663446054751,0.1907407407407407,0.2148148148148148,4.821893169499378,0.0,0.0641025641025641,1.0,1.0,40810.0,51,0.15121053792015404,-0.07912203986588102,0.36933976855694756,low
8300,0.2906301071363719,0.3169602324314509,0.179680406755039,0.2127292536771382,4.701752283834336,0.0,0.05,1.0,1.0,157400.0,51,0.15644652997066477,-0.2671256454800196,0.340027565257103,low
8310,0.32325581395348835,0.27025193798449615,0.17306201550387593,0.23343023255813955,4.636668853047462,0.0,0.0208333333333333,1.0,1.0,26910.0,51,0.04988274707151879,-0.10884522016285764,0.4417960756887164,low
8320,0.3099247226624406,0.2825871632329635,0.1835380348652932,0.2239500792393027,4.614724398792903,0.0,0.0232558139534883,1.0,1.0,116220.0,51,0.10348105920662408,-0.13848710061848374,0.3704585582564978,low
8335,0.32856354165511853,0.2800170695941256,0.18405116307916228,0.20736822567159358,4.749829036816989,0.0,0.0443192303535951,2.0,2.0,9230.0,51,0.185129196739999,-0.10604539209607663,0.4097800255661568,low
8350,0.356801351125636,0.27183379281277975,0.17429600219914027,0.19706885386244402,4.644992203046817,0.0,0.06302472014925364,2.0,2.0,21440.0,51,0.22876508144536345,-0.07040137418857677,0.5065883899050526,low
8365,0.3189790793560784,0.262306095684534,0.19334449115143534,0.22537033380795232,4.699746083416746,0.0,0.10710854517245491,4.0,4.0,56700.0,51,0.09984586988917356,-0.04467265376938818,0.3540144189955247,low
8450,0.3293330067760634,0.2885133480284105,0.1840150216344191,0.198138623561107,4.808029393999594,0.0,0.088235294117647,1.0,1.0,28020.0,51,0.23380591529833303,-0.1295763305727383,0.41157293311325216,low
8465,0.33261894010288734,0.26181863144002854,0.19718487207745306,0.20837755637963112,4.820473864480075,0.0,0.10510398769329121,2.0,2.0,17260.0,51,0.18496467415739862,-0.01803020365877401,0.3697148712294635,low
8500,0.33518441773725655,0.26050559469539997,0.17936179030252794,0.22494819726481555,4.792893792071041,0.0,0.0441176470588235,1.0,1.0,93070.0,51,0.09211615915809948,-0.04946452780436339,0.4421368574098225,low
8510,0.33481457542215404,0.29449785893188984,0.18647491314535022,0.18421265250060592,4.818425004551931,0.0,0.0714285714285714,1.0,1.0,16300.0,51,0.31144377677896323,-0.13417891554212605,0.4138555674216633,low
8530,0.30500658761528326,0.27507999247129683,0.17504234895539242,0.24487107095802746,4.665888921022797,0.0,0.0147058823529411,1.0,1.0,45350.0,51,6.574799702567893e-05,-0.14238171905036193,0.39266023973244923,low
8540,0.3239659608153573,0.25291905798535524,0.18424698199089654,0.23886799920839102,4.615714399863762,0.0,0.0326086956521739,1.0,1.0,67210.0,51,0.029517559717722835,-0.02826034092639403,0.39906370233577154,low
8555,0.34864233320837557,0.2442478132343806,0.19268637068227926,0.21442348287496463,4.824247561272264,0.0,0.20279720279720276,2.0,2.0,550.0,51,0.14706118588297643,0.04847692577058713,0.4193021015444508,low
8600,0.3234315277647507,0.2699532481903846,0.20911943888061457,0.1974957851642503,4.862911716686893,0.0,0.14311740796547423,3.0,3.0,43440.0,51,0.24912377088981733,-0.0304571925875886,0.30835644333550366,low
8610,0.32353552859618717,0.26204506065857885,0.20873483535528595,0.20568457538994805,4.971547905388209,0.0,0.1046511627906976,1.0,1.0,29820.0,51,0.20491855639300816,-0.00680113188667144,0.30988545798747275,low
8620,0.3155850575524328,0.2768166089965398,0.21184944566061717,0.19574888779041025,4.953076800234967,0.0,0.125,1.0,1.0,121150.0,51,0.26072022959491337,-0.05568765878167321,0.2818190914634008,low
8630,0.318011934091706,0.27126730283898853,0.21129649341537102,0.19942426965393456,4.824872546829074,0.0,0.13374363879390838,4.0,4.0,86500.0,51,0.24022166027686567,-0.03709268209151633,0.2890840480876419,low
8640,0.3081796818831394,0.2818520425257652,0.20551813236070932,0.2044501432303863,4.853346832171202,0.0,0.07165552688294578,2.0,2.0,154790.0,51,0.21264592152755118,-0.09248753230859089,0.28648341453742765,low
8650,0.30988803270088583,0.2748924357563602,0.19508527004466575,0.22013426149808826,4.785531252031645,0.0,0.07808520423964238,3.0,3.0,155920.0,51,0.12797394566616224,-0.09108507797807261,0.32723084719947565,low
8710,0.2987006969496571,0.29680393993151516,0.19154560827385197,0.21294975484497583,4.830370435430211,0.0,0.049770413611447274,2.0,2.0,63850.0,51,0.16294875707542933,-0.17618998855395235,0.3141789378514373,low
8720,0.3111751059915207,0.2647788176945844,0.2039036877049836,0.2201423886089113,4.828393734102471,0.0,0.075,1.0,1.0,56570.0,51,0.1310800786604395,-0.0407375030034744,0.2988997160563637,low
8730,0.3299894830515331,0.2568562414044171,0.1918938597200873,0.2212604158239625,4.817131447899731,0.0,0.04,1.0,1.0,14180.0,51,0.11734605717608425,-0.0167503960117793,0.3833355821381399,low
8740,0.3268281213261227,0.2615408731091778,0.2146719962379497,0.1969590093267497,4.848821997933652,0.0,0.1770833333333333,1.0,1.0,551380.0,51,0.2529225315873656,0.010355024603759975,0.2972133464937597,low
8750,0.35335784093965744,0.26943423294180946,0.18855913207208824,0.18864879404644486,4.714293613006445,0.0,0.125,1.0,1.0,24350.0,51,0.28392818328312774,-0.035009634677414504,0.44411227427234057,low
8760,0.3311502408752222,0.2880221106623156,0.19831515163488497,0.18251249682757728,4.837970989572662,0.0,0.06125768188587772,3.0,3.0,68380.0,51,0.32764943112291783,-0.09538512613312522,0.36254406386419413,low
8800,0.32281010230179025,0.28460677749360613,0.19029731457800517,0.20228580562659845,4.829273276797001,0.0,0.075,1.0,1.0,358640.0,51,0.2158469198551348,-0.11290723111624004,0.3736893656922292,low
8810,0.3287198555005771,0.27195063466973685,0.1934251211016458,0.20590438872804026,4.813636249382716,0.0,0.012266774068584346,2.0,2.0,157260.0,51,0.19730400580526913,-0.06170459305077147,0.37498962856557183,low
8830,0.32419759075107124,0.28757377314253374,0.20284582423801442,0.18538281186838063,4.817778435386918,0.0,0.17,1.0,1.0,5740.0,51,0.31408143031581165,-0.09355396482268809,0.3315673010145312,low
8850,0.32235216603524963,0.253994399604678,0.18407181683412946,0.23958161752594298,4.799255609702288,0.0,0.0,1.0,1.0,12510.0,51,0.026442761898502885,-0.03415152670437386,0.3962051106115262,low
8865,0.3056477339604181,0.2727416797033422,0.2061552831724551,0.21545530316378456,4.870046404263771,0.0,0.04813742135224207,2.0,2.0,21080.0,51,0.15626782180850046,-0.0677640350686118,0.27846116488709094,low
8910,0.3293092420850655,0.2681483850335785,0.1957946913975056,0.2067476814838503,4.82895353258964,0.0,0.0303030303030303,1.0,1.0,7110.0,51,0.19373190810665836,-0.04450605833286383,0.36764647951151935,low
8920,0.31440670642122553,0.26903465560452855,0.19064903638406355,0.22590960159018236,4.751087060888247,0.0,0.0172413793103448,1.0,1.0,38420.0,51,0.09686697564363371,-0.07697880040006021,0.353732401226007,low
8930,0.30641773628938157,0.29272656553870097,0.19058732010890703,0.21026837806301052,4.856317933711899,0.0,0.0263157894736842,1.0,1.0,87480.0,51,0.17584490466788724,-0.15652978984984284,0.3357617774753473,low
8940,0.3218798151001541,0.2748073959938367,0.1896764252696456,0.2136363636363636,4.86599480426999,0.0,0.0,1.0,1.0,17240.0,51,0.15667620574429508,-0.08681119097696743,0.37395952736068444,low
8950,0.3023395320935814,0.2733738966492416,0.19119033336189906,0.23309623789527809,4.759520845818016,0.0,0.0555555555555555,1.0,1.0,202860.0,51,0.06388563444585191,-0.10486297432162894,0.32405376025749555,low
8990,0.31965633531395543,0.2789465232053959,0.18917616829934156,0.21222097318130717,4.824626949444306,0.0,0.0625,1.0,1.0,24020.0,51,0.16398510605971015,-0.10292552829547524,0.37092543317757387,low
9005,0.30907575862787307,0.30581209638219575,0.20630511770015972,0.17880702728977152,4.969882741609291,0.0,0.0,3.0,3.0,8590.0,53,0.3542020816207294,-0.15635870790440853,0.28583391102185135,low
9030,0.3383460567158458,0.2704142160343331,0.20568365520643356,0.18555607204338756,4.889923928876328,0.0,0.22335571625344353,2.0,2.0,124080.0,53,0.31185347445552575,-0.020208817619614034,0.351948169126555,low
9040,0.3509051848114267,0.2973885790509256,0.21427626296469934,0.1374299731729483,4.8657459257160465,0.0,0.3151838998443176,2.0,2.0,33840.0,53,0.6216556426260814,-0.06625750224890455,0.34878036843807103,low
9050,0.3407094044907257,0.3089000976244712,0.1899609502115197,0.1604295476732834,4.811533737262284,0.0,0.1458333333333333,1.0,1.0,96900.0,53,0.455327779631188,-0.15847683359927445,0.41309984392110094,low
9110,0.29844932204659524,0.29657652258596157,0.19986515843883434,0.20510899692860884,4.894026568667641,0.0,0.0454545454545454,1.0,1.0,11710.0,53,0.2072467366903158,-0.1585503550755778,0.2835195633367819,low
9121,0.3298266793136156,0.2916271449512805,0.1840131068379753,0.1945330688971285,4.753331536968612,1.0,0.1764705882352941,1.0,1.0,361420.0,53,0.2532384921659198,-0.13773394307476397,0.4126394555428425,low
9122,0.3126197417742608,0.29496043315285303,0.19975010412328192,0.19266972094960433,4.787908322667263,0.0,0.1666666666666666,1.0,1.0,145720.0,53,0.2730761695922274,-0.1353864699692609,0.31672759720670257,low
9130,0.31960259341171365,0.2589990869312565,0.2075393630910988,0.21385895656593107,4.738871483822057,0.0,0.1911826215464638,3.0,3.0,3390480.0,53,0.16260312249898826,-0.00459267933592585,0.3052985182563035,low
9141,0.3124663952684539,0.29211152930332596,0.20078347031262003,0.19463860511560022,4.868994921909306,1.0,0.173076923076923,1.0,1.0,175660.0,53,0.26281737021199414,-0.12555568579538434,0.31273201923063215,low
9210,0.3223259829468124,0.2725458537153789,0.19230062767339473,0.21282753566441395,4.878701515347992,0.0,0.2141422113797804,2.0,2.0,43440.0,53,0.16194206007984044,-0.07388903015111398,0.36522311761443554,low
9240,0.32058319039451116,0.27144082332761577,0.21114922813036022,0.19682675814751283,4.758749273916392,0.0,0.2083333333333333,1.0,1.0,48030.0,53,0.2538837942891215,-0.03461185116060745,0.295271302992175,low
9265,0.32681152212481146,0.2711591494807249,0.1896410395519189,0.21238828884254482,4.780420259765902,0.0,0.10501183086999755,2.0,2.0,26510.0,53,0.1622279500425911,-0.06976767014948092,0.38484328996232325,low
9300,0.32438214680929545,0.26315012910365176,0.19092585761711545,0.22154186646993734,4.909340575944674,0.0,0.0106382978723404,1.0,1.0,26610.0,53,0.1168260782079881,-0.04557763356434024,0.37479283727883367,low
9310,0.31036376170653546,0.2873188557639723,0.19140012594129813,0.210917256588194,4.92389223028905,0.0,0.2030362388228351,2.0,2.0,36230.0,53,0.17271607752187376,-0.1343439053150072,0.34180049623046843,low
9330,0.3096547875308937,0.2481065135932392,0.1964442318424619,0.2457944670334051,4.831747834036583,0.0,0.140625,1.0,1.0,7650.0,53,0.004678776059463736,-0.0048498331405301175,0.3217898037932597,low
9350,0.29780980373565946,0.30994595619607473,0.20271167156537404,0.18953256850289182,4.658426552288523,0.0,0.125,1.0,1.0,91160.0,53,0.29183756906231667,-0.18965428358844347,0.2720030539858259,low
9365,0.3165043969849247,0.27865891959799,0.19126884422110554,0.21356783919597988,4.847017722096073,0.0,0.0652173913043478,1.0,1.0,111480.0,53,0.15852366002302862,-0.1016374590175521,0.35613937504758886,low
9410,0.35476283810270487,0.26507252058016467,0.21669933359466872,0.16346530772246182,4.848508444587821,0.0,0.3181818181818182,1.0,1.0,25070.0,53,0.4446063112872975,0.03672333630742515,0.34856027714746257,low
9415,0.30297650130548304,0.34255874673629244,0.18224543080939942,0.17221932114882513,4.561740628060756,0.0,0.1388888888888889,1.0,1.0,21240.0,53,0.3779179994999261,-0.3077689082877611,0.35942304826431715,low
9430,0.30771404471239594,0.27819729199265325,0.21906964804311355,0.19501901525183712,4.801407136896199,0.0,0.31083424055481623,2.0,2.0,11810.0,53,0.267775047332387,-0.0563792760995564,0.24026160379892034,low
9510,0.31889516635279347,0.26930320150659137,0.18283113622096672,0.22897049591964846,4.847645665601793,0.0,0.0263157894736842,1.0,1.0,43400.0,53,0.0775045997509076,-0.08910034673166659,0.3933631083024572,low
9570,0.3144238045350189,0.27862263081147853,0.19031311145087312,0.21664045320262948,4.8459318209614235,0.0,0.12762976501070988,3.0,3.0,32910.0,53,0.14276529416738956,-0.10626871787584205,0.3550178802125817,low
9600,0.3073438070880526,0.2868834490317866,0.1905736207526489,0.2151991231275119,4.918885435486688,0.0,0.03125,1.0,1.0,758290.0,53,0.1508011091839058,-0.13886421503326646,0.33794643604896735,low
9610,0.2905723636944201,0.3108485670950746,0.1941406561826455,0.2044384130278598,4.8304714078561,0.0,0.0,1.0,1.0,351960.0,53,0.20754042777172513,-0.21970950061458702,0.28515475192306133,low
9620,0.30529222273354817,0.2778647031753337,0.17846295444086513,0.23838011965025302,4.688131706702439,0.0,0.06,1.0,1.0,2729010.0,53,0.03209639097477024,-0.14232276997733576,0.3796374168576671,low
9630,0.30833250767858905,0.26949370851084914,0.19468938868522737,0.22748439512533444,4.614427207250768,0.0,0.0909090909090909,1.0,1.0,60880.0,53,0.09176529209887917,-0.0777737116637136,0.32510886136843875,low
9640,0.3145583256386581,0.2976300400123115,0.1849799938442597,0.2028316405047707,4.8672267108009,0.0,0.1,1.0,1.0,585270.0,53,0.210773146507596,-0.17158074935647286,0.3754184306771455,low
9645,0.30221672701580854,0.30742736024021905,0.20886690806323416,0.18148900468073834,4.729421148325948,0.0,0.1909090909090909,1.0,1.0,2451430.0,53,0.33991360335767223,-0.1647837152345382,0.2612385875483766,low
9650,0.31787616685672565,0.26415126552203405,0.2032789047395471,0.2146936628816931,4.931010341029503,0.0,0.06736083994967242,3.0,3.0,29550.0,53,0.15736437777993478,-0.03135468669395101,0.31613538108889266,low
9720,0.29802769618128405,0.27419219471254724,0.17960553923625683,0.24817456986991185,4.780383203544751,0.0,0.2321428571428571,1.0,1.0,126050.0,53,-0.011725552974507862,-0.13868569290564522,0.3580954379177329,low
9760,0.33170836619112487,0.26059215714388134,0.20022940712595882,0.20747006953903502,4.937992914104144,0.0,0.125,1.0,1.0,12090.0,53,0.1910207311338342,-0.009060346200040422,0.35694214536789304,low
