cps_occ,c1_nonroutine_analytic,c2_nonroutine_interpersonal,c3_routine_cognitive,c4_residual,ln_T,task_filled_share,exposure,n_soc,n_soc_exposure,emp_total,soc_major,z1,z2,z3,exposure_tercile
10,0.29344832346232474,0.28586265603533845,0.28977381038460776,0.13091521011772903,5.044070070182493,0.0,0.35,1.0,1.0,200480.0,11,0.6878158775016285,0.016239816770652702,0.008910181366552434,low
20,0.2892437140880664,0.26936597348693414,0.28961077463893947,0.15177953778606013,4.963403914390817,0.0,0.3846153846153846,1.0,1.0,2984920.0,11,0.5382611370709355,0.058651234268458426,-0.0008967747317220603,low
40,0.3021186405733277,0.2507071756682089,0.3051205291240919,0.1420536546343716,4.803857096868311,0.0,0.5465116279069767,1.0,1.0,22520.0,11,0.602522101736104,0.15634089196378742,-0.006991225691953927,mid
51,0.31286104565076844,0.28210047757085366,0.29229056745427623,0.11274790932410163,4.875884110209718,0.0,0.578125,1.0,1.0,278690.0,11,0.8343599221423442,0.056738726276330656,0.04809086029000879,high
52,0.29602736045658856,0.31420957470755245,0.28658771248284526,0.10317535235301373,4.958780438553979,0.0,0.4833333333333333,1.0,1.0,453800.0,11,0.9206620087612833,-0.06190018661656204,0.022915381252883508,mid
60,0.29612227277525316,0.26022210253092953,0.31255396257872786,0.13110166211508942,4.821651594428751,0.0,0.5,1.0,1.0,23190.0,11,0.6839192814153496,0.1275688434472888,-0.0381870767110932,mid
101,0.2713196497140805,0.2476311500317689,0.2851459985082461,0.19590320174590456,4.967936539563141,0.0,0.5,1.0,1.0,224620.0,11,0.2700201693022907,0.0948843687654261,-0.035145808848655966,mid
102,0.27570529560340773,0.23343465045592704,0.26204246757138583,0.22881758636927954,5.035523009604034,0.0,0.2727272727272727,1.0,1.0,101230.0,11,0.0987170563934004,0.11514021251792053,0.03593937043985014,low
110,0.3053369287995381,0.2586981781509657,0.287001512726635,0.1489633803228611,4.929786706232935,0.0,0.5606060606060607,1.0,1.0,485190.0,11,0.5558335408520723,0.1100552656559274,0.043789966776211615,mid
120,0.2986197919357005,0.2781284543942477,0.2939192330340816,0.1293325206359701,4.877941645704118,0.0,0.4259259259259259,1.0,1.0,681070.0,11,0.6995750177592457,0.051565854263664224,0.01121906460377691,low
135,0.30702902743301724,0.27131731274279514,0.31798197083658847,0.10367168898759922,4.846075066880943,0.0,0.4605263157894737,1.0,1.0,15330.0,11,0.9146783659626653,0.11527254533207912,-0.024785783142367103,low
136,0.2921763431183318,0.2994848962095466,0.2894670155952112,0.1188717450769103,4.972240906108944,0.0,0.45,1.0,1.0,166530.0,11,0.783270168991026,-0.02397604773662392,0.00658753406682461,low
137,0.30601412080811335,0.29030161870897564,0.29120698593030137,0.11247727455260981,4.945847853091816,0.0,0.4772727272727273,1.0,1.0,35830.0,11,0.8372538484554851,0.02279032180485442,0.03507033340576013,low
140,0.2709441351824697,0.2358706094886988,0.2692709027640512,0.2239143525647803,4.963683439200464,0.0,0.3484848484848485,1.0,1.0,192270.0,11,0.12329982419785804,0.11066134239405916,0.004380321501718539,low
150,0.2915947283609577,0.27353821362799263,0.29617719843462254,0.13868985957642724,4.947340443723943,0.0,0.4714285714285714,1.0,1.0,69310.0,11,0.6296130347458478,0.05855920602009293,-0.01102591386180216,low
160,0.2837704018750846,0.2588072695149145,0.2819181146565789,0.17550421395342206,4.947056312453384,0.0,0.4732142857142857,1.0,1.0,144640.0,11,0.3876550868890514,0.07251094630335007,0.004630709288288912,low
205,0.27295523319438103,0.23753272108671866,0.2581323801679817,0.23137966555091866,4.967101292072528,0.0,0.2448979591836734,1.0,1.0,5220.0,11,0.08686406188280853,0.09070035186447943,0.03948148108237343,low
220,0.2665063373415665,0.2501657458563536,0.2708157296067598,0.2125121871953201,5.027951171861488,0.0,0.4,1.0,1.0,284750.0,11,0.1824318063974742,0.05821183185696236,-0.011342418329569622,low
230,0.2889114890456655,0.28865556345148136,0.28861791795767683,0.13381502954517624,4.978877089660575,0.0,0.4683662809144178,3.0,3.0,487130.0,11,0.6659974525363559,0.0003085517725859994,0.0007188763808018948,low
300,0.29453224817593404,0.24879370621188646,0.27935236882871334,0.17732167678346614,4.96109484853612,0.0,0.3857142857142857,1.0,1.0,187100.0,11,0.3754480279154236,0.11619331213797822,0.037416232098159925,low
310,0.272572402044293,0.265399444095759,0.2519501479422577,0.2100780059176903,4.9783186926197125,0.0,0.3958333333333333,1.0,1.0,210680.0,11,0.19512556605412926,-0.010343598287276577,0.05563023447495453,low
325,0.26834811905326245,0.26400975180306774,0.27302509057664304,0.19461703856702675,5.05885386636673,0.0,0.5357142857142857,1.0,1.0,12710.0,11,0.2784946191120586,0.020362079511845363,-0.012217821269299309,mid
335,0.27566922492672563,0.27831349338886924,0.27389065686672076,0.17212662481768431,4.9889655376103486,0.0,0.39990954443287097,2.0,2.0,21460.0,11,0.4087604147440449,-0.010437134547878294,0.004576905878827796,low
340,0.27057178161949336,0.28064329213663564,0.27598684746362223,0.17279807878024883,4.972725721023036,0.0,0.3804347826086956,1.0,1.0,35920.0,11,0.40460818452060426,-0.021750750352797978,-0.014011873084671975,low
350,0.28655173726413086,0.27934159290450145,0.29429480533729824,0.13981186449406952,5.016683632630459,0.0,0.3714285714285714,1.0,1.0,436770.0,11,0.6218187703287616,0.03169245659366133,-0.018853517752177217,low
360,0.29268959737094585,0.24444910067380543,0.28790127813495964,0.17496002382028913,5.01747849257825,0.0,0.5666666666666667,1.0,1.0,74760.0,11,0.3888641304713704,0.14032149792624501,0.011663737460879219,mid
400,0.27858777105699495,0.26966292134831465,0.28493983715738674,0.16680947043730374,4.975422538340511,0.0,0.4523809523809523,1.0,1.0,12750.0,11,0.4412766538887691,0.035789391430584364,-0.015941647553320865,low
410,0.28061522486858337,0.28035563631643845,0.2915503926276852,0.14747874618729312,4.906311278124028,0.0,0.4318181818181818,1.0,1.0,234680.0,11,0.5678828796198115,0.01636236079721729,-0.027031589086493172,low
420,0.29347941002195577,0.27090407078949763,0.29533323334816725,0.14028328584037944,4.92180408038964,0.0,0.4464285714285714,1.0,1.0,156400.0,11,0.617962541329983,0.06792527123815884,-0.004452538141407972,low
425,0.26858720866011265,0.2732177178835746,0.2813962222467691,0.17679885120954383,5.020387585538934,0.0,0.6,1.0,1.0,10320.0,11,0.3805230181263978,0.005062859706881969,-0.0329427324741815,high
426,0.27046099563111453,0.2810117808883085,0.27061491527434384,0.17791230820623322,4.981442769995603,0.0,0.3253105590062111,1.0,1.0,7350.0,11,0.3739350428754408,-0.03101399346372265,-0.0004023007649293993,low
440,0.2930523731696886,0.25517891388787584,0.28697718060005,0.16479153234238567,4.963000893288181,0.0,0.4654910240471341,1.0,1.0,497890.0,11,0.4525488671345738,0.10443979194417993,0.01481292438861656,low
500,0.3242876402021295,0.268087564999679,0.2863745999137923,0.1212501948843991,4.714293613006445,0.0,0.3695652173913043,1.0,1.0,12480.0,13,0.7611430575299951,0.10463580032233552,0.08791469687328139,low
510,0.3004510535414852,0.2604307756301101,0.2933199880412317,0.1457981827871729,4.863680881139593,0.0,0.25,1.0,1.0,146340.0,13,0.5779899738157145,0.10690993986671514,0.016985224511210366,low
520,0.2913594809790622,0.2336904878927881,0.3118057603460139,0.16314427078213575,4.798266815950004,0.0,0.4,1.0,1.0,146340.0,13,0.4581364122311715,0.20777518666503894,-0.04795781778881577,low
530,0.2967699524905131,0.2607942151970598,0.3043445782412526,0.1380912540711746,4.905571030847647,0.0,0.3684210526315789,1.0,1.0,146340.0,13,0.6325176096766858,0.11580146914089945,-0.01782140498445164,low
540,0.3064918817923684,0.23838707212930166,0.3192935986159576,0.1358274474623724,4.855242973373364,0.0,0.4903947232102773,2.0,2.0,289570.0,13,0.6440463759358428,0.22188739879572864,-0.02893465613233717,mid
565,0.28396024166829076,0.22685636328201125,0.30335217306567924,0.18583122198401872,4.880830283212547,0.0,0.6136363636363636,1.0,1.0,334340.0,13,0.32144817703407585,0.2102864651757378,-0.04671160385112352,high
600,0.32830617215815927,0.24370233969953772,0.30319513062305314,0.12479635751924982,4.845917871250658,0.0,0.4807692307692308,1.0,1.0,208950.0,13,0.7286798290720146,0.21083088723175344,0.056264508500620036,mid
630,0.2926662549809499,0.27569095251435805,0.31457597383637564,0.11706681866831646,4.8647339767179085,0.0,0.5770354110934351,3.0,3.0,805080.0,13,0.7971199199134148,0.07826018210587717,-0.05104796108581399,high
640,0.3030944399811618,0.2537163753220489,0.3128902678892983,0.1302989168074909,4.797937000643585,0.0,0.4736842105263157,1.0,1.0,87750.0,13,0.6889579896590782,0.15818109358636867,-0.022491728295159913,low
650,0.2977071595872634,0.2813091093245553,0.2832233968475027,0.1377603342406786,4.898884030671591,0.0,0.5921052631578947,1.0,1.0,336030.0,13,0.6366019920708181,0.025898494221920094,0.035266486149764416,high
700,0.28917698728120383,0.26575357270936395,0.29898013824137715,0.14608930176805512,4.918666193332852,0.0,0.4545454545454546,1.0,1.0,189320.0,13,0.5765798663558078,0.08257929468194833,-0.0235736888564287,low
710,0.30829197270318937,0.27364305394518945,0.29820150561532327,0.11986346773629793,4.94847616218787,0.0,0.5,1.0,1.0,768450.0,13,0.7741058439655433,0.08375935463205543,0.023530990522107113,mid
725,0.27215704031216287,0.25953202200055936,0.27994779528293096,0.18836314240434682,5.010501951873243,0.0,0.3648648648648649,1.0,1.0,98150.0,13,0.31313959112124534,0.05030525513859738,-0.019957301597783215,low
726,0.30528401484919265,0.28623413036821843,0.2879802010764906,0.12050165370609833,4.90468201019345,0.0,0.4903846153846154,1.0,1.0,82080.0,13,0.7695946167845795,0.028787237880280987,0.041260252045307075,mid
735,0.32200558818322467,0.25622512835117806,0.31279971058445005,0.10896957288114723,4.88302916949111,0.0,0.576923076923077,1.0,1.0,727540.0,13,0.8639995864604821,0.17473804631855383,0.020510209591141294,high
750,0.2998931033142022,0.2571879467915524,0.29922043250450425,0.1436985173897413,4.884520315584863,0.0,0.5379899336046262,1.0,1.0,1030330.0,13,0.5921481388786628,0.12451261239767356,0.0015878469187527156,mid
800,0.3014061445359517,0.2626993150210319,0.317087004391154,0.1188075360518623,4.878017769481417,0.0,0.52,1.0,1.0,1318550.0,13,0.781192569227857,0.13293164143754535,-0.035862706126768555,mid
810,0.30793840102598546,0.22210711168460257,0.29430466917442155,0.17564981811499036,4.860935929281194,0.0,0.5178571428571428,2.0,2.0,58340.0,13,0.3787989364903799,0.24829488974410055,0.03202079730915686,mid
820,0.31810625204905546,0.21627581084570502,0.32859161345166843,0.13702632365357104,4.73952623848717,0.0,0.64,1.0,1.0,47440.0,13,0.6273593330385939,0.3282692438693731,-0.022931635765020098,high
830,0.3227810275820852,0.2454316605393267,0.3158357027726968,0.1159516091058913,4.715727176552735,0.0,0.5555555555555556,1.0,1.0,68770.0,13,0.8012744241948231,0.2148036063909205,0.015380993560926547,mid
850,0.32491675915649276,0.27635960044395114,0.30851137624861263,0.09021226415094341,4.8545271441182045,0.0,0.6710526315789473,1.0,1.0,263030.0,13,1.0480450378334514,0.11101165361062323,0.03663541812643801,high
860,0.31976694759154617,0.24987389552314934,0.31751973747598344,0.11283941940932093,4.779795536147575,0.0,0.5,1.0,1.0,107690.0,13,0.8288416139174869,0.19849835232474958,0.0049868422949942,mid
900,0.32018391508415317,0.25966797969498734,0.31119317917779454,0.10895492604306477,4.820604094232248,0.0,0.5757575757575758,1.0,1.0,60750.0,13,0.8648448468677825,0.1594216971829691,0.020139596902441045,high
910,0.311423092313693,0.2539176592028468,0.30756809239035876,0.1270911560931014,4.820648494717453,0.0,0.6515494198854457,2.0,2.0,371400.0,13,0.7136468402870508,0.16159644655016778,0.008807659617920844,high
930,0.29826473563290495,0.25556139291623214,0.31273964761508966,0.13343422383577322,4.855150391255861,0.0,0.6774193548387096,1.0,1.0,52270.0,13,0.6656817505773043,0.14551078774966955,-0.033509494016982756,high
940,0.30441550615961444,0.25060257096946975,0.30985538296732734,0.13512653990358864,4.789988622980633,0.0,0.625,1.0,1.0,83190.0,13,0.652328592938775,0.1660601538382691,-0.01252435825655526,high
960,0.31832673201661327,0.2515904637791374,0.3013166687011814,0.12876613550306804,4.8332542401412795,0.0,0.5924447174447174,1.0,1.0,123200.0,13,0.7000513855973068,0.1696822121076354,0.038831862970448223,high
1005,0.32132736127760525,0.22035079975723895,0.29801678261349335,0.16030505635166242,4.888467660122048,0.0,0.5,1.0,1.0,30840.0,15,0.47157832497156266,0.2772694122989628,0.053252648767636204,mid
1006,0.30456509890919703,0.21014654067290492,0.29518465352994916,0.19010370688794892,4.856940066090624,0.0,0.4705882352941176,1.0,1.0,505150.0,15,0.29201851563551795,0.2902138130721465,0.022120951153309053,low
1007,0.31061581303155816,0.22156988424891066,0.31194622341199096,0.15586807930754024,4.813646700258897,0.0,0.5434782608695652,1.0,1.0,157220.0,15,0.500878974603588,0.2775727256217716,-0.0030221683261758316,mid
1010,0.3243309220215961,0.22810086823496864,0.29841406752215344,0.14915414222128193,4.814944769563347,0.0,0.6833333333333333,1.0,1.0,152610.0,15,0.5470663586513568,0.25338766970274,0.058889513327826375,high
1021,0.33522019601611425,0.21398568962110995,0.30864377807746163,0.14215033628531423,4.758234561714928,0.0,0.4473684210526315,1.0,1.0,1364180.0,15,0.5895407135566314,0.33278650227384843,0.058406898012801974,low
1022,0.32845965943286015,0.24045031330760785,0.30428010054165044,0.12680992671788152,4.818425004551931,0.0,0.6140350877192982,1.0,1.0,190120.0,15,0.7121061843215458,0.22344888308222705,0.054069179881451664,high
1031,0.3275323541265506,0.23563655904348216,0.29853398862567737,0.13829709820428993,4.788407989566399,0.0,0.6346153846153847,1.0,1.0,84820.0,15,0.6248513228737175,0.23102338202777098,0.06555095552409215,high
1032,0.3246689133852876,0.24764508313905204,0.29714328110330823,0.13054272237235223,4.7736463359599925,0.0,0.6833333333333333,1.0,1.0,82380.0,15,0.6852903323574954,0.18494757010595783,0.06264363951558925,high
1050,0.2835337103028223,0.2197755040620999,0.2936892457053149,0.20300153992976283,4.864415081382536,0.0,0.6394668212828138,2.0,2.0,830510.0,15,0.22598042039480518,0.2223483758977287,-0.024883934209365105,high
1065,0.32383908307726567,0.23729613767399746,0.29890770745739154,0.13995707179134534,4.796385596680828,0.0,0.5970653335027225,2.0,2.0,136310.0,15,0.6136318956659698,0.22117415168608826,0.05664765375530019,high
1105,0.29710961410911063,0.20476430209606913,0.28557843677830264,0.21254764701651763,4.811208269399362,0.0,0.5135135135135136,1.0,1.0,316760.0,15,0.17117825980641893,0.2877736991555248,0.027990408734468685,mid
1106,0.29115667951340185,0.22158500643997617,0.29196634769892305,0.19529196634769896,4.884013309772668,0.0,0.5546875,1.0,1.0,168830.0,15,0.2678383537066673,0.22408238501786695,-0.001963641309656231,mid
1108,0.30089178205784733,0.24454428716883392,0.2972928503751863,0.15727108039813228,4.8895547672495,0.0,0.5969636725035986,1.0,1.0,370190.0,15,0.4985280865570261,0.16439158489390682,0.00850860943552737,high
1200,0.33147566850754534,0.25259765329931333,0.30725328588454504,0.10867339230859617,4.798349252782828,0.0,0.537037037037037,1.0,1.0,23040.0,15,0.8654433832593886,0.1909095613291963,0.053656652641947966,mid
1210,0.3306732586362863,0.2558687338223572,0.2900377067827426,0.1234203007586139,4.734618253174978,0.0,0.6904761904761905,1.0,1.0,1770.0,15,0.7416120259537132,0.15587433420240024,0.09271571096592256,high
1220,0.33197898646182167,0.24505213706413576,0.29308648245433044,0.12988239401971202,4.851014122823077,0.0,0.6290322580645161,1.0,1.0,98700.0,15,0.6891028379534776,0.19701957008557394,0.08810829496575548,high
1230,0.33738094386793877,0.24911644741727612,0.31063646039896703,0.10286614831581811,4.815998211579652,0.0,0.7105263157894737,1.0,1.0,31370.0,15,0.9172567504880158,0.21392009769189543,0.05839952363012346,high
1240,0.32710504634907045,0.24685843221701478,0.31398521780154315,0.11205130363237159,4.789216468821205,0.0,0.595781036834925,2.0,2.0,109950.0,15,0.8347248755009957,0.21310447387979764,0.028945737278852704,high
1305,0.2898563740655569,0.258030360683789,0.2832505737238042,0.1688626915268498,4.95378271583678,0.0,0.4302325581395348,1.0,1.0,100400.0,17,0.42768289097482,0.08555371760481997,0.016301366115403507,low
1306,0.29886790549910497,0.24919190136406044,0.27494011749577674,0.17700007564105794,4.888316989638111,0.0,0.3684210526315789,1.0,1.0,17430.0,17,0.3771043579968126,0.1143537884460145,0.059006907423195185,low
1310,0.2809835419444445,0.23435159915467946,0.2789311058808253,0.20573375302005076,4.958580883014766,0.0,0.4390327683615819,2.0,2.0,59000.0,17,0.21544831323027644,0.14517955088757545,0.005183997112632879,low
1320,0.30589604518088015,0.21528062728011996,0.29464558822432274,0.18417773931467704,4.888467660122048,0.0,0.5178571428571428,1.0,1.0,56640.0,17,0.32714316993804954,0.271539704297468,0.026496764961287913,mid
1330,0.29910876682429977,0.21144052382684614,0.2759367042560932,0.21351400509276103,4.973625468462355,0.0,0.3333333333333333,1.0,1.0,1120.0,17,0.16853294477276012,0.25029347000388935,0.05701809897774921,low
1340,0.3001445699941741,0.2230837283234915,0.285090590003812,0.1916811116785224,4.926601298486246,0.0,0.5384615384615384,1.0,1.0,17190.0,17,0.2878434813363668,0.2212611507889194,0.036385783947270496,mid
1350,0.30129277257268355,0.23041141991469635,0.28004565119033703,0.18825015632228315,4.8721392168423305,0.0,0.3461538461538461,1.0,1.0,24180.0,17,0.3087630240134235,0.18914229103808775,0.05171059765685001,low
1360,0.29552017771195854,0.24974453905960753,0.28464272491669756,0.17009255831173642,4.908602568531104,0.0,0.375,1.0,1.0,304310.0,17,0.4189779571048788,0.12210494550382811,0.026518145297542917,low
1400,0.31221762952994325,0.22455061040084592,0.2804960107661252,0.18273574930308562,4.904311351528766,0.0,0.3181818181818182,1.0,1.0,73750.0,17,0.3378185390790259,0.22537662959992683,0.07576010798471734,low
1410,0.2990221740454971,0.21102528692264982,0.28459306145021135,0.2053594775816418,4.909462173995623,0.0,0.4458939745958753,2.0,2.0,293190.0,17,0.21052212356879327,0.2643906142195681,0.03497168128761159,low
1420,0.28842846957178214,0.25248500608144947,0.27606984579680965,0.18301667854995873,4.964800757752457,0.0,0.5,1.0,1.0,42660.0,17,0.34286552371492823,0.09079331103897935,0.030966481368733492,mid
1430,0.2929438140897156,0.20931718344254507,0.2794838973136481,0.21825510515409113,4.873694076531939,0.0,0.5991083431069942,2.0,2.0,316820.0,17,0.1442747737268839,0.2552466524174873,0.03325958160221192,high
1440,0.28905566691526446,0.22460028196443485,0.26641179196079257,0.21993225915950815,4.890123538868615,0.0,0.4035087719298245,1.0,1.0,7380.0,17,0.14030362965099658,0.17269633248166155,0.05768300419007081,low
1450,0.2913605505440342,0.2378685018134474,0.2718357667627639,0.1989351808797545,4.96109484853612,0.0,0.3170731707317073,1.0,1.0,21530.0,17,0.2518807335974494,0.13730352479445998,0.049047344841994356,low
1460,0.30078871452075817,0.21378664128614325,0.26971232947460844,0.21571231471849014,4.896869179797807,0.0,0.3720930232558139,1.0,1.0,278240.0,17,0.15787804803261135,0.23425572234712172,0.07711149959327926,low
1500,0.29697835201258255,0.24391255892044716,0.29644523353484087,0.16266385553212942,4.929280615053424,0.0,0.5,1.0,1.0,7370.0,17,0.46398004648394764,0.15999338149069664,0.0012704981783123002,mid
1510,0.29953536143989046,0.23752323192800542,0.282495353614399,0.18044605301770522,4.913536849632705,0.0,0.475,1.0,1.0,12670.0,17,0.3550312843895623,0.16548904049326893,0.04141550987946223,low
1520,0.3222008716775859,0.2387492924282846,0.2974847253352557,0.1415651105588738,4.885525483053412,0.0,0.4305555555555555,1.0,1.0,22100.0,17,0.602659227242992,0.21217072923427646,0.05643581563558575,low
1530,0.2899378848855406,0.22251334217063823,0.2775480443512611,0.21000072859256008,4.901150535664327,0.0,0.4461732967325073,1.0,1.0,151940.0,17,0.19032779584942708,0.19828073711149688,0.030881233324716074,low
1541,0.31315324074462114,0.22147532876815662,0.28918187228121933,0.17618955820600293,4.777862193806203,0.0,0.52,1.0,1.0,101310.0,17,0.37509820922421744,0.2503076667780999,0.05631175790252253,mid
1545,0.29929153558144045,0.197086759253148,0.29142777765283384,0.21219392751257773,4.773723849310905,0.0,0.4727585319083687,2.0,2.0,68590.0,17,0.16955407786750276,0.33024113776549785,0.01882736837725728,low
1551,0.27694334586804287,0.20914409892292252,0.27198212892357876,0.24193042628545594,4.896943876343125,0.0,0.330188679245283,1.0,1.0,101450.0,17,0.030779187140660868,0.2218839066894926,0.012782083658955884,low
1555,0.2810259970532333,0.21021321180797536,0.2734876255868588,0.23527316555193256,4.88186307383944,0.0,0.36429153996259267,7.0,7.0,277380.0,17,0.062233777856848874,0.2259486650700259,0.019226802654165955,low
1560,0.28245305920034197,0.20923828911641976,0.28551623235182105,0.22279241933141725,4.779459571084781,0.0,0.5106382978723404,1.0,1.0,56070.0,17,0.12198358996978872,0.24938409159908428,-0.007627213444094107,mid
1600,0.2897184968852688,0.2379955320974898,0.28031140338948185,0.1919745676277596,4.953766871120814,0.0,0.593862408540324,3.0,3.0,31910.0,19,0.2901110287162202,0.14709475341382458,0.023340612678937042,high
1610,0.2959662664196882,0.22914067397970395,0.2869854150802525,0.1879076445203554,4.965265210735667,0.0,0.4395943034366742,4.0,4.0,117460.0,19,0.31066098561980665,0.19636932825274026,0.021788849943506154,low
1640,0.2765826345756269,0.23644895585457262,0.2801739203205881,0.20679448924921237,4.968989861201004,0.0,0.49654468731092216,2.0,2.0,32050.0,19,0.2102929244934234,0.1332748930792796,-0.00912232716963526,mid
1650,0.3175387756758646,0.22972582422677595,0.27901132563050607,0.17372407446685345,4.852990339831873,0.0,0.5674467526819108,2.0,2.0,116730.0,19,0.39153991677131794,0.21150497022498552,0.09146253987016806,mid
1700,0.31809110119149886,0.2240133789479091,0.2963579419957136,0.1615375778648784,4.8660673949743805,0.0,0.617504271070615,2.0,2.0,21950.0,19,0.46517059245343295,0.25739820203860303,0.05004183110416736,high
1710,0.31431698915038153,0.24706223238144293,0.2945413863043689,0.14407939216380672,4.831109824604303,0.0,0.6086956521739131,1.0,1.0,8520.0,19,0.587271551979633,0.17005215300637605,0.04594954682883386,high
1720,0.28945297638522943,0.2241545127699215,0.2713354619107938,0.2150570489340553,4.897902643658055,0.0,0.40898550610134277,2.0,2.0,87290.0,19,0.16482610263015218,0.18235535398698066,0.04570521235798402,low
1745,0.2999124871748446,0.2342326030538958,0.2954010501539019,0.1704538596173577,4.8841646300423065,0.0,0.7258064516129032,1.0,1.0,76890.0,19,0.4135979635409772,0.19563068008192863,0.010717474342269648,high
1750,0.2969471267313995,0.2372045734202226,0.287428641330653,0.17841965851772495,4.925613567721211,0.0,0.4891635658484209,2.0,2.0,30010.0,19,0.36691661797900055,0.17011005229711998,0.023037166369700563,mid
1760,0.30663244433188525,0.23085464923730295,0.29507753599189573,0.16743537043891601,4.917276542350397,0.0,0.4456521739130434,1.0,1.0,19680.0,19,0.43095847191208964,0.21609045762312976,0.02716112044461053,low
1800,0.33568194097104254,0.25745938208411545,0.30975999643531493,0.09709868050952712,4.806804053814419,0.0,0.4583333333333333,1.0,1.0,15640.0,19,0.9744634784240307,0.18380887894695208,0.05682756618627957,low
1815,0.3120996048364526,0.2598065521659533,0.3134347903116888,0.1146590526859053,4.88022284203973,0.0,0.84375,1.0,1.0,8850.0,19,0.8154963270357072,0.1514760653164614,-0.0030186034366779576,high
1821,0.3205628210482922,0.2857499308407058,0.2842121535933,0.109475094517702,4.840874519347159,0.0,0.5092592592592592,1.0,1.0,58100.0,19,0.8625108065688513,0.044729774708218345,0.08510545428999386,mid
1822,0.30095964433520683,0.27896553593696355,0.30354399725299547,0.11653082247483412,4.725439018379036,0.0,0.5810810810810811,1.0,1.0,57110.0,19,0.8022638709892341,0.06545291986614674,-0.00604603340917264,high
1825,0.3060210235479938,0.2646566992035986,0.3024737546747543,0.12684852257365348,4.910173023922469,0.0,0.29474791535860234,2.0,2.0,14410.0,19,0.7173868399358428,0.11381198645960751,0.008244364222365663,low
1830,0.3264838619643694,0.261115470291164,0.304063340934105,0.1083373268103616,4.861129366243924,0.0,0.6153846153846154,1.0,1.0,2640.0,19,0.8703064603660857,0.15337525314522193,0.050306745728761156,high
1840,0.32216385526444585,0.27955235081079327,0.29452836960422857,0.10375542432053242,4.916104810250022,0.0,0.5795454545454546,1.0,1.0,38940.0,19,0.9143830697922302,0.07922321799204637,0.06341683880485426,high
1860,0.3119665604973056,0.2655253566287333,0.29941821519401135,0.12308986767994973,4.89656657776997,0.0,0.6129595231511034,5.0,5.0,50980.0,19,0.7470056544816333,0.11484703354978422,0.02903005326657572,high
1900,0.2673017214541406,0.22338042309680237,0.27652983224323663,0.23278802320582037,4.838051233549584,0.0,0.2213744804418379,2.0,2.0,25090.0,19,0.07770794521053087,0.16041882584147132,-0.02399965970082055,low
1910,0.300967652303401,0.18866387368455126,0.295426649149831,0.21494182486221677,4.79214755431824,0.0,0.2666666666666666,1.0,1.0,76150.0,19,0.15134894607553157,0.373746982521331,0.013139607929142667,low
1920,0.2800718132854578,0.1946022309209171,0.2807413838773288,0.2445845719162963,4.882044059723269,0.0,0.3928571428571428,1.0,1.0,57690.0,19,0.012919408562825488,0.29825178255891527,-0.0016884700051862454,low
1935,0.2718248953683166,0.22426278864777222,0.27942420482337604,0.22448811116053513,4.858511463132474,0.0,0.39727439587415264,2.0,2.0,43320.0,19,0.11813725269719014,0.16830121946726,-0.019497042936069194,low
1940,0.27358771295895734,0.19480821503322074,0.27872398418608607,0.25288008782173593,4.860199926164623,0.0,0.25,1.0,1.0,5360.0,19,-0.024504598581352052,0.28488102155539047,-0.013151982610901038,low
1950,0.3083665200076518,0.2406135332069631,0.3324435246856685,0.1185764220997165,4.748491005432314,0.0,0.6212121212121212,1.0,1.0,28690.0,19,0.7777711005099323,0.23326285520885662,-0.05316093805838355,high
1970,0.28261035714741145,0.21700251810273075,0.2787473371500012,0.22163978759985667,4.868967038461923,0.0,0.38923330345437557,3.0,3.0,109690.0,19,0.1302281051970003,0.21006700486398724,0.009732157530439375,low
1980,0.27744929501412235,0.2511015170895147,0.27641588947242307,0.19503329842393977,4.996106665261661,0.0,0.36725014777555953,2.0,2.0,128090.0,19,0.27536466068101395,0.07994732700461295,0.002638652634850342,low
2001,0.2943089168969778,0.2547145713910948,0.2835991596039185,0.1673773521080088,4.980588372743959,0.0,0.2888888888888889,1.0,1.0,0.0,21,0.43635636958112856,0.10283962396487306,0.026211120507157244,low
2002,0.3067415730337078,0.270452474946857,0.3036820528393562,0.1191238991800789,4.8977651703005165,0.0,0.3245614035087719,1.0,1.0,296370.0,21,0.7798821204468493,0.09871203112483472,0.007088276079515863,low
2003,0.32383067175330366,0.27648153867986747,0.29083987945672046,0.10884791011010841,4.81210305125432,0.0,0.2777777777777778,1.0,1.0,54800.0,21,0.8675504519981867,0.08520367695685807,0.07597713010080884,low
2004,0.31527738411193285,0.27853332989770413,0.29816022056739416,0.10802906542296883,4.886733577431695,0.0,0.2647058823529412,1.0,1.0,0.0,21,0.875673103977891,0.07838709019297592,0.03947200223044877,low
2005,0.2841793256761764,0.2734642460170434,0.2990144497962209,0.1433419785105595,4.914858338702487,0.0,0.4677419354838709,1.0,1.0,90310.0,21,0.5962782798309578,0.052156003290536664,-0.035982141115840374,low
2011,0.28822019222128037,0.27992315034987963,0.30255542088785153,0.12930123654098852,4.9362708788073935,0.0,0.3,1.0,1.0,340050.0,21,0.6997686670616562,0.043665832839224095,-0.03432276934164367,low
2012,0.2823596092797363,0.2922758129389038,0.2947639636735193,0.1306006141078406,4.871832891215797,0.0,0.421875,1.0,1.0,173860.0,21,0.6901132852004495,-0.010630565406793944,-0.03040095591907678,low
2013,0.30656716417910446,0.2735522388059702,0.29220895522388063,0.12767164179104473,4.916324614625014,0.0,0.3541666666666666,1.0,1.0,113810.0,21,0.7118768099355053,0.07345235944235105,0.03391829843625739,low
2015,0.2912463885650566,0.25268097000065165,0.28898720520191457,0.16708543623237732,4.930725910867953,0.0,0.4473684210526315,1.0,1.0,92140.0,21,0.43796749215892933,0.11279761859323906,0.00550637524554745,low
2016,0.2838974411912719,0.2691200949714182,0.3001354891157077,0.1468469747216021,4.868841288478369,0.0,0.375,1.0,1.0,398380.0,21,0.571528157729083,0.0663532454381013,-0.039329952839263466,low
2025,0.28417523678219386,0.2608204057612174,0.2845178693200783,0.17048648813651043,5.012749133819962,0.0,0.42022447601658486,2.0,2.0,116840.0,21,0.4180740738710736,0.0705138695030642,-0.0008520511949547371,low
2040,0.2901119971626646,0.3070307174800916,0.2562163689865948,0.1466409163706491,4.818020947816869,0.0,0.238095238095238,1.0,1.0,50790.0,21,0.5713679290988892,-0.09700235542603503,0.08785431704487202,low
2050,0.2946441460949907,0.27671430633751987,0.27306193157210923,0.15557961599538034,4.946629964120343,0.0,0.4545454545454546,1.0,1.0,21000.0,21,0.5129698702343172,0.02020657207750953,0.053789413961716936,low
2100,0.30747276936506135,0.28035978595013095,0.29217807127405215,0.11998937341075563,4.9029015942928735,0.0,0.475,1.0,1.0,681010.0,23,0.7735379766371612,0.054543001061866554,0.036078765079461776,low
2105,0.3478279036728554,0.2186999456801815,0.3037835842723234,0.1296885663746396,4.569646629919045,0.0,0.4482758620689655,1.0,1.0,14800.0,23,0.6813646146240027,0.32358658596095163,0.09573679487489523,low
2110,0.33725133263751605,0.24296511459990966,0.29227340343352715,0.1275101493290471,4.775538565953623,0.0,0.29527585498951936,3.0,3.0,48950.0,23,0.7063442056328032,0.20930170537250922,0.1012143943757743,low
2145,0.2980154154986042,0.2267728701270579,0.3399749512778945,0.1352367630964434,4.728272383122075,0.0,0.45,1.0,1.0,336250.0,23,0.6434236694442913,0.27684103202134763,-0.09314486203524563,low
2170,0.30855222299346075,0.21393343805940163,0.32353048624557046,0.15398385270156723,4.7666085318656215,0.0,0.5535714285714285,1.0,1.0,51040.0,23,0.5098886668038468,0.31837430668885935,-0.03351844456578491,mid
2205,0.30020321117907944,0.2654009782140599,0.27749307940743917,0.15690273119942144,4.89281311439341,0.0,0.45372437728217013,35.0,35.0,1125390.0,25,0.5036281872545428,0.06849262987748933,0.05562358064647784,low
2300,0.2911191791040461,0.2791925990875545,0.26324119349115527,0.16644702831724414,4.751322556093047,0.0,0.3068160451034356,2.0,2.0,512400.0,25,0.4430222126108748,-0.006940341370208576,0.07117880832372235,low
2310,0.2964664329984348,0.2869208501868991,0.27562904354772083,0.14098367326694525,4.858576823572659,0.0,0.3200981344050223,3.0,3.0,1933120.0,25,0.613222207221383,-0.0030303744019956466,0.05153258786981342,low
2320,0.2910624325849603,0.2722987880389113,0.2749268350858911,0.16171194429023722,4.91725936098945,0.0,0.34066371795866635,2.0,2.0,1104600.0,25,0.4732808201521066,0.03112603337321683,0.040328266259211425,low
2330,0.2874262865027492,0.26741691382827226,0.2841483878080089,0.16100841186096956,4.877047783160282,0.0,0.2926540336505464,5.0,5.0,283890.0,25,0.4777290889266624,0.054233823928596006,0.008110400651928367,low
2350,0.29576147157574545,0.29126180158980697,0.28270439349154886,0.13027233334289892,4.777693900301935,0.0,0.3714285714285714,1.0,1.0,147100.0,25,0.6926171612819099,-0.005915498593989198,0.0319269208219953,low
2360,0.28047805213373234,0.26730356163315894,0.2790856004808229,0.17313278575228574,4.719791265667003,0.0,0.20635592505313782,3.0,3.0,629790.0,25,0.40247734679614816,0.03725025920666071,0.0035192208573041543,low
2400,0.2872520731588113,0.22911553800988946,0.2820653616719104,0.2015670271593889,4.886367706238256,0.0,0.4046619969030049,3.0,3.0,28110.0,25,0.2362400286913501,0.17719859414611652,0.012884412503705572,low
2435,0.2875852475146744,0.2565059546025175,0.3026159535846368,0.1532928442981712,4.852967324740957,0.0,0.5,1.0,1.0,127790.0,25,0.526568100997116,0.1141789197245054,-0.036023690928638955,mid
2440,0.275093066542578,0.22538389948813403,0.31021696137738486,0.18930607259190324,4.724818148253987,0.0,0.5288461538461539,1.0,1.0,73000.0,25,0.3008258029335013,0.2117873967022184,-0.08496769305800032,mid
2545,0.29283428030568215,0.25753914136817674,0.28886623747210194,0.16076034085403934,4.785072151263279,0.0,0.3636363636363636,3.0,3.0,121290.0,25,0.47833418763425195,0.09929707222303784,0.009647141206268424,low
2555,0.3008461976387012,0.27232202966961533,0.29173909626939715,0.13509267642228626,4.926199255034551,0.0,0.5256543475293476,2.0,2.0,195360.0,25,0.6557432506269759,0.06878512680588937,0.021735943388758297,mid
2600,0.3089655056502774,0.2472662768615469,0.2750205014598561,0.16874771602831967,4.787743223616501,0.0,0.41790871956331554,4.0,4.0,75680.0,27,0.4258901334066347,0.13437234641534737,0.0822959105415789,low
2631,0.29411016005345725,0.20867407006713973,0.29266236039074683,0.20455340948865622,4.816484041548723,0.0,0.4137931034482758,1.0,1.0,27940.0,27,0.21398338975859224,0.278191350440302,0.0034894307459245287,low
2632,0.29420159306903637,0.25699624505328783,0.26476169751930617,0.18404046435836963,4.886733577431695,0.0,0.375,1.0,1.0,19310.0,27,0.33679436930394085,0.06734971727298601,0.07455384328532592,low
2633,0.2986525828605554,0.2168557778441325,0.2900399372947148,0.1944517020005972,4.662684092188698,0.0,0.2666666666666666,1.0,1.0,36000.0,27,0.27077169612447277,0.249372167813226,0.020691598542564683,low
2634,0.29795993191043607,0.2553044389158047,0.27872463009034965,0.16801099908340972,4.852967324740957,0.0,0.4107142857142857,1.0,1.0,204040.0,27,0.43230593667289163,0.0989062741326114,0.04718856971879926,low
2635,0.29202306787642346,0.25612710947795,0.2828436211464981,0.16900620149912854,4.954488133473255,0.0,0.3620689655172414,1.0,1.0,61970.0,27,0.4265448149240102,0.09405194839575429,0.022584021332740883,low
2636,0.29686825728111865,0.25846444458316253,0.23635850434112354,0.20830879379459524,4.81834420626481,0.0,0.2682926829268293,1.0,1.0,159790.0,27,0.2010136319518128,0.020053940711985137,0.16117701718240524,low
2640,0.30128323837950305,0.23627708362836192,0.27094249392694914,0.19149718406518593,4.8059863254182105,0.0,0.358695652173913,1.0,1.0,6850.0,27,0.29166098818442315,0.1551127186950729,0.07505529403874849,low
2700,0.2688026865876226,0.26424508258515533,0.26033856486875473,0.20661366595846753,4.577182149447922,0.0,0.15625,1.0,1.0,30100.0,27,0.21370200802149253,0.000900811522711012,0.02262363174818408,low
2710,0.30211128714151764,0.24132691001972265,0.28565424035694653,0.17090756248181313,4.899480244730094,0.0,0.4787234042553191,1.0,1.0,138250.0,27,0.41233246178879246,0.1605528685825798,0.0396073986309531,low
2721,0.28463998936256657,0.24259257891276564,0.24027302745787504,0.23249440426679274,4.903346995532514,0.0,0.0,1.0,1.0,12320.0,27,0.08018991461439541,0.06133288195053967,0.11981874583692986,low
2722,0.28484735747364964,0.26884990856184815,0.27256782971486276,0.17373490424963942,4.935121205619039,0.0,0.1444444444444444,1.0,1.0,193740.0,27,0.3987765282752588,0.029203805571526388,0.031159331686081065,low
2723,0.29182802228101595,0.27272558289392973,0.26460255401411464,0.17084384081093973,4.690889061390629,0.0,0.1666666666666666,1.0,1.0,9620.0,27,0.41586825211109535,0.015293540427560877,0.0692510399999467,low
2740,0.28296084621202655,0.2933521249086806,0.23414028248054072,0.18954674639875213,4.690132567293327,0.0,0.10770620748299314,2.0,2.0,7840.0,27,0.3027323484103666,-0.10676443519619885,0.13391761116713558,low
2751,0.2954840211499451,0.2706926939576336,0.2801370090785142,0.1536862758139071,4.802790780071216,0.0,0.2807017543859649,1.0,1.0,9560.0,27,0.525428497353436,0.0497757338259541,0.03771421886396705,low
2752,0.30310901608494734,0.25558222326425095,0.25362019287128956,0.18768856777951226,4.69125613490122,0.0,0.1326530612244897,1.0,1.0,24080.0,27,0.31440256712854425,0.06647998120388808,0.12604509695194466,low
2805,0.31363504720202146,0.23715528442107445,0.29304842956629407,0.15616123881061003,4.835805603060597,0.0,0.5375,1.0,1.0,24580.0,27,0.5036272274992715,0.20050610748788447,0.04800700383387689,mid
2810,0.30697536676063264,0.24400233564569707,0.29724164713310663,0.15178065046056363,4.786324395030039,0.0,0.6333333333333333,1.0,1.0,39080.0,27,0.5343900887412671,0.17430460634840278,0.022784444981856517,high
2825,0.3052196728347594,0.2931457783523197,0.2929311767576254,0.10870337205529564,4.89836205161347,0.0,0.7878787878787878,1.0,1.0,242710.0,27,0.8705781057867773,0.0161786353432602,0.029057892981834248,high
2830,0.30632012246604085,0.24834252843653715,0.30110202827459637,0.14423532082282564,4.797359561980396,0.0,0.6470588235294118,1.0,1.0,88780.0,27,0.5867467662042044,0.1643044096261052,0.012149180111804016,high
2840,0.31052638984648717,0.22686684771137894,0.29720975390113835,0.16539700854099537,4.772208885917529,0.0,0.6333333333333333,1.0,1.0,47620.0,27,0.4422572931793333,0.2384090318064192,0.030993025918938474,high
2850,0.30867541534682263,0.29020621888939174,0.28098454974465065,0.12013381601913503,4.663061664403869,0.0,0.8076923076923077,1.0,1.0,49410.0,27,0.7723107679665517,0.012005126394637711,0.06646139368647726,high
2861,0.29299886349632354,0.26835727293888895,0.28217606222015307,0.15646780134463442,4.812590776837065,0.0,0.84,1.0,1.0,52170.0,27,0.5070487521480518,0.056363387279449326,0.026613745562995804,high
2862,0.27216496121344513,0.19263627896614566,0.33825527029912217,0.19694348952128696,4.645544080126364,0.0,0.5208333333333333,1.0,1.0,12300.0,27,0.24314025624400454,0.37093501465965634,-0.15371970420609804,mid
2905,0.28081028175635814,0.2124040972462113,0.2696854660671126,0.237100154930318,4.902402400889597,0.0,0.2722363258712208,3.0,3.0,86660.0,27,0.054264651454062694,0.2114540261081358,0.028583340637276897,low
2910,0.27404495938182044,0.25193300507667554,0.27426225828481915,0.19975977725668492,4.934473933130692,0.0,0.21875,1.0,1.0,38420.0,27,0.24975987328687477,0.06901460837247739,-0.0005604651222830018,low
2920,0.29463439399810626,0.22889921931918117,0.2688953883441152,0.2075709983385975,4.898972399170985,0.0,0.3503138401192634,2.0,2.0,48310.0,27,0.20406998057826617,0.16880822908335352,0.06463863360011234,low
3000,0.27520158205125195,0.26250750414935325,0.28150624462938334,0.18078466917001162,4.95420602612954,0.0,0.3181818181818182,1.0,1.0,35810.0,29,0.3568077215538748,0.047805526904049545,-0.016016517284976342,low
3010,0.2815468805121205,0.2629400127183917,0.2608792339340413,0.19463387283544642,5.019768772086641,0.0,0.21660178574135552,4.0,4.0,119940.0,29,0.2779715886111025,0.024700953271853596,0.0539107946392169,low
3030,0.296948434852688,0.2788938508555181,0.2981240574406005,0.1260336568511933,4.848273215041905,0.0,0.4634146341463415,1.0,1.0,66690.0,29,0.7252248236128657,0.05282966014098415,-0.0027939177034750234,low
3040,0.28284811403213883,0.26700732871646615,0.28075035298863715,0.16939420426275803,5.0084996819658345,0.0,0.05,1.0,1.0,38720.0,29,0.42520874676394943,0.04401883799559332,0.005263846500834314,low
3050,0.2787209083845806,0.2513089005235602,0.2956871029499139,0.1742830881419452,4.87458644963298,0.0,0.3999999999999999,1.0,1.0,312550.0,29,0.3937970115243133,0.10865407396502677,-0.04178354625582708,low
3065,0.28087585945511073,0.27668118371703143,0.28157109673098973,0.16087186009686813,4.975560640812765,0.0,0.3529411764705882,1.0,1.0,36180.0,29,0.47900996914856525,0.013295016261589672,-0.0017481017090804425,low
3070,0.28735645240069513,0.23908129536444905,0.2779354135193158,0.19562683871554007,4.983264097300124,0.0,0.5111111111111112,1.0,1.0,29530.0,29,0.27028334199111276,0.13656106037552945,0.02357117708963702,mid
3090,0.2946028349532256,0.2626609019992026,0.286903504593305,0.15583275845426692,4.936183301021425,0.0,0.3452342165773575,10.0,10.0,557060.0,29,0.5107493957104826,0.0828933280673083,0.018725735242914425,low
3100,0.28687358035595223,0.25468004311126946,0.25808390957127025,0.20036246696150817,5.028998978113214,0.0,0.3382352941176471,1.0,1.0,11610.0,29,0.24593684914470057,0.054015472664846007,0.07478139937571807,low
3110,0.2901154426471104,0.2676865854942278,0.292213761886382,0.1499842099722797,4.968771089997557,0.0,0.125,1.0,1.0,132940.0,29,0.5502122926098679,0.06863912778233427,-0.005095887938482655,low
3120,0.27406093117359503,0.2545022343382772,0.29297043742266454,0.17846639706546333,4.913904105136484,0.0,0.2857142857142857,1.0,1.0,8840.0,29,0.36936872185394515,0.08769293117011072,-0.047179048003419904,low
3140,0.2666458694846849,0.26537204208829707,0.27830528963325474,0.18967679879376342,5.035457979527601,0.0,0.4545454545454546,1.0,1.0,13240.0,29,0.3059402751888004,0.021381830388067267,-0.030262210680546412,low
3150,0.29078672106473813,0.25734326634545307,0.27540443577777574,0.17646557681203323,4.952511708745748,0.0,0.3939393939393939,1.0,1.0,127830.0,29,0.3815893140193499,0.0775708711380728,0.03843082103090368,low
3160,0.2825263487054844,0.2593153245350333,0.2740265370374319,0.1841317897220505,4.949256221086411,0.0,0.3404255319148936,1.0,1.0,225350.0,29,0.33719747260706423,0.05752511834027227,0.021599894530689914,low
3200,0.25792825734986435,0.23119948645705762,0.26120362722566315,0.24966862896741493,5.004214726293333,0.0,0.1707317073170731,1.0,1.0,16050.0,29,0.00024797486572319694,0.09447678952291699,-0.008922846203514745,low
3210,0.2791122304423107,0.2704863843853298,0.2669919722965528,0.1834094128758067,4.931303444814125,0.0,0.3636363636363636,1.0,1.0,16980.0,29,0.3417600859870058,0.007507289313452165,0.03139226643308528,low
3220,0.2705581894118975,0.2376679083417993,0.2557004176543628,0.2360734845919404,4.941499555261394,0.0,0.1904761904761904,1.0,1.0,133410.0,29,0.06435685031642042,0.08277029820237665,0.039937870033345355,low
3230,0.3227467153564269,0.252689641083262,0.289017990525926,0.135545653034385,4.88635620469617,0.0,0.3902439024390244,1.0,1.0,147470.0,29,0.6488242958955022,0.1547394716176107,0.07804967964522883,low
3235,0.26971020655986755,0.27232569744375107,0.26795261635124273,0.19001147964513881,4.913610311524382,0.0,0.34,1.0,1.0,6860.0,29,0.3042357440215041,-0.010548850174819512,0.004623002852357779,low
3245,0.29571730788966705,0.270282805781691,0.27959163756525157,0.1544082487633904,4.906577628242381,0.0,0.4095744680851064,1.0,1.0,13490.0,29,0.5205975216757766,0.050539660140882785,0.03965020362770153,low
3250,0.28650715214564376,0.26253315994798443,0.27010923276983095,0.18085045513654094,4.858959327416688,0.0,0.2297297297297297,1.0,1.0,77260.0,29,0.35621238991131066,0.047289500889611195,0.04167479245890178,low
3255,0.2798667343487118,0.2582321242926081,0.2637582598325534,0.1981428815261267,5.014162399872412,0.0,0.3809523809523809,1.0,1.0,3047530.0,29,0.25872227374402645,0.04148977093599657,0.041917671765942965,low
3256,0.2741850851709177,0.2511486235714194,0.26012644457811274,0.21453984667954995,5.047031509287547,0.0,0.125,1.0,1.0,43950.0,29,0.1719145989475317,0.050166133896161605,0.037218942719794854,low
3257,0.2857083692838654,0.2743330457290768,0.2768248490077653,0.1631337359792925,4.986820629330216,0.0,0.2926829268292683,1.0,1.0,7750.0,29,0.4644749622505282,0.020278046800104657,0.02233510656748497,low
3258,0.2907636929941266,0.2735565359250758,0.2830940398363362,0.1525857312444615,4.950956058594655,0.0,0.3148148148148147,1.0,1.0,234690.0,29,0.5330728460698212,0.03889520185498759,0.018902199594976184,low
3261,0.29642521626274093,0.25967819886940613,0.28145923725638206,0.16243734761147102,4.81834420626481,0.0,0.3055555555555555,1.0,1.0,7250.0,29,0.46775436217848787,0.08691453458469746,0.03663331669362845,low
3270,0.29044899135145863,0.2717350070354603,0.29006339119074576,0.14775261042233528,4.867751137223454,0.0,0.3157051282051282,1.0,1.0,26250.0,29,0.56572729658162,0.053836827185759474,0.0009393788548433998,low
3300,0.2780816050554099,0.21911387515984004,0.27684498455145673,0.22595953523329326,4.937490548491761,0.0,0.16369047619047616,2.0,2.0,318780.0,29,0.10966655974312922,0.1927704319669662,0.0031514950190734362,low
3310,0.26813753460554957,0.25703558119712305,0.25989560218939545,0.21493128200793196,4.951451300742808,0.0,0.09375,1.0,1.0,207190.0,29,0.17032973386222552,0.02178045901126011,0.0220758859848761,low
3321,0.2662681962788008,0.2252000385616504,0.2698351489443749,0.238696616215174,4.88386196660174,0.0,0.1714285714285714,1.0,1.0,55760.0,29,0.05014987587552054,0.1422080401090661,-0.009409579925033629,low
3322,0.26484764638403263,0.24110716694647805,0.26612772200696166,0.22791746466252777,4.895224442584928,0.0,0.2894736842105263,1.0,1.0,78640.0,29,0.10433351696237994,0.07864824575260983,-0.003409393206764864,low
3323,0.25045273128774354,0.24543002468054106,0.25985629761319556,0.24426094641851986,4.857639502684128,0.0,0.2807017543859649,1.0,1.0,216380.0,29,0.02647137636990599,0.03158830638788045,-0.02606294582905925,low
3324,0.261239688921387,0.2388455796981257,0.2765156205102568,0.2233991108702305,4.945065129886807,0.0,0.2222222222222222,1.0,1.0,38070.0,29,0.12604802312221314,0.09637565615502823,-0.04018415629013347,low
3330,0.26603840694399633,0.23769602676960308,0.27619695177328546,0.22006861451311516,4.9057185644519,0.0,0.26321524086241616,2.0,2.0,19540.0,29,0.1425851369659196,0.10727522861844993,-0.026497779573430486,low
3421,0.2698833270605947,0.24984569062852838,0.2855400828001506,0.19473089951072636,4.882347273794725,0.0,0.4264705882352941,1.0,1.0,436630.0,29,0.2766546554649556,0.0860118638807846,-0.039875639882038114,low
3422,0.26875490538065755,0.27358943053980994,0.28143803959187236,0.17621762448766023,4.810719868901253,0.0,0.34,1.0,1.0,93410.0,29,0.3839903233206727,0.004268251927749851,-0.03260644976334842,low
3423,0.27536408595647555,0.23978462108723436,0.23928714262024836,0.24556415033604184,4.908085639080461,0.0,0.0166666666666666,1.0,1.0,109060.0,29,0.018713333785913746,0.055634533321951014,0.09929893924272694,low
3424,0.2626379521586248,0.2408045559644762,0.2636733986304932,0.2328840932464058,4.943782987108415,0.0,0.1475409836065573,1.0,1.0,118670.0,29,0.08020858606041781,0.07247077505433669,-0.0027822776968316597,low
3430,0.2628257949860113,0.26727542728263526,0.2734555624709465,0.196443215260407,4.8674684995134285,0.0,0.18144151917193446,2.0,2.0,87310.0,29,0.2684072623868215,0.002478552332305139,-0.028035154117626304,low
3500,0.28050325741185367,0.25130890052356025,0.27108595739319835,0.19710188467138784,4.922168312773925,0.0,0.25,1.0,1.0,641240.0,29,0.2640054852321393,0.07579356932260295,0.024147259042594297,low
3520,0.2661153663661628,0.2663209013803644,0.2778264890902452,0.1897372431632276,5.026443024301769,0.0,0.238095238095238,1.0,1.0,73270.0,29,0.3056227109663066,0.016951590109596876,-0.03045286590083106,low
3545,0.26712330963623293,0.2566993710313087,0.2868821620591583,0.18929515727329999,4.914286894180278,0.0,0.25469834475756703,3.0,3.0,161970.0,29,0.30737122090281016,0.06163351246236166,-0.05045996061273027,low
3550,0.28402212463071,0.2535174487903435,0.2699046176150694,0.19255580896387717,4.937614902753839,0.0,0.2666579483690661,4.0,4.0,90160.0,29,0.2890779328868764,0.07195599140698465,0.03605078583634685,low
3601,0.28850272867450094,0.24231261084417874,0.257271641256927,0.21191301922439332,4.83834327293948,0.0,0.0384615384615384,1.0,1.0,1683240.0,31,0.18375269342415895,0.09568510974856229,0.08101467170760711,low
3602,0.26808042138540045,0.25853255183944956,0.25326295015463895,0.22012407662051106,4.979763630429169,0.0,0.3333333333333333,1.0,1.0,1683240.0,31,0.14380721011564088,0.00639809544635535,0.040205198939618485,low
3603,0.26855701724490494,0.25683320837025425,0.25693545088951,0.21767432349533095,4.841348415572757,0.0,0.135593220338983,1.0,1.0,1314830.0,31,0.15626417027421188,0.01838520723914511,0.03128124196885044,low
3605,0.2707806305774402,0.25426774857949647,0.2547380621550737,0.22021355868798978,4.811116242949074,0.0,0.08314798339264531,2.0,2.0,84300.0,31,0.14322307095667466,0.02644189134561044,0.043185275158713544,low
3610,0.27809767438893873,0.256155849125786,0.27131525770281306,0.19443121878246228,4.940570942933298,0.0,0.22078104360097128,2.0,2.0,45350.0,31,0.2790924169060477,0.057024842273752076,0.017459132092987314,low
3620,0.27101416541759055,0.24643355977068887,0.26783847633537955,0.2147137984763411,4.925015241787254,0.0,0.11781610524719671,2.0,2.0,136050.0,31,0.17081765003598862,0.07281938780095679,0.00833466186997088,low
3630,0.28840776677398156,0.25953858322100554,0.26697450065168715,0.18507914935332584,4.789822358120328,0.0,0.1851851851851851,1.0,1.0,81030.0,31,0.33142305986771364,0.05459003765722776,0.05460433063441878,low
3640,0.27297161095246103,0.25023797525057395,0.26059689792261614,0.21619351587434904,4.956460659649984,0.0,0.1,1.0,1.0,347170.0,31,0.1634574415948277,0.0520589358673504,0.03280483287959812,low
3645,0.27785939414018734,0.22672008300166083,0.27958786885388837,0.21583265400426344,5.01495926557631,0.0,0.141025641025641,1.0,1.0,727760.0,31,0.16184222151069869,0.16860635906711666,-0.004385060934914364,low
3646,0.28999603134643975,0.22141532848012416,0.33716081339627896,0.15142782677715713,4.710520701595917,0.0,0.2321428571428571,1.0,1.0,55830.0,31,0.5283159501194435,0.28183287687457376,-0.10655587936260087,low
3647,0.27391341287276527,0.25680474809141773,0.26138534548676434,0.20789649354905274,4.920345822748795,0.0,0.14,1.0,1.0,43560.0,31,0.2066922214262911,0.03354807304519315,0.03310412818950249,low
3648,0.2540408791584709,0.2406568032155991,0.2750719803871262,0.2302303372388038,4.926383741648665,0.0,0.1481481481481481,1.0,1.0,98970.0,31,0.09256629421417222,0.07666260919756192,-0.05624158667240713,low
3649,0.2650196160628443,0.2532180823191153,0.2742011181839308,0.2075611834341096,4.978594079884792,0.0,0.1097560975609756,1.0,1.0,132750.0,31,0.20831904080591412,0.051097778970366325,-0.024082642033247982,low
3655,0.2826805980360848,0.2276863940690704,0.2751422703910786,0.21449073750376607,4.902565762843587,0.0,0.08065299270505938,2.0,2.0,169580.0,31,0.1688101440917496,0.16561306628219025,0.019112615921672214,low
3700,0.2632742635635134,0.26626756041923694,0.272874288105918,0.19758388791133177,5.023156574649928,0.0,0.2826086956521739,1.0,1.0,54470.0,33,0.2621803755177005,0.005390585177737551,-0.025324951552989826,low
3710,0.26041299961361786,0.26407933713991333,0.26864508650667585,0.20686257673979302,5.041617031704984,0.0,0.3552631578947368,1.0,1.0,128230.0,33,0.21239141933493663,0.0012903925430792036,-0.022006786997871612,low
3720,0.25557499435647724,0.25628043471250284,0.25185430036441037,0.23629027056660962,5.098951375144823,0.0,0.4056603773584905,1.0,1.0,80890.0,33,0.06450616169145146,-0.008237614535818906,0.010369819526430013,low
3725,0.26936649502836685,0.26385754894789143,0.26837526597582456,0.19840069004791733,4.940570419647969,0.0,0.2619047619047618,1.0,1.0,55450.0,33,0.2577876128711557,0.015366626601541956,0.0026068482288010997,low
3740,0.25285975999929877,0.23845796481509085,0.24588019249143164,0.26280208269417876,5.005555748352958,0.0,0.087719298245614,1.0,1.0,317310.0,33,-0.05840797672215853,0.03645384865458453,0.019792365578688072,low
3750,0.274176153762635,0.23977615340995403,0.2721168470106828,0.2139308458167282,4.982334919671895,0.0,0.38308201585403656,2.0,2.0,17370.0,33,0.173998854288567,0.10638573531696648,0.005331046394848257,low
3801,0.26294160109207604,0.25958246674814356,0.27223282374550634,0.20524310841427415,4.936199062943238,0.0,0.1607142857142857,1.0,1.0,16420.0,33,0.22085915560283406,0.02467482965343478,-0.02455478599396192,low
3802,0.2634678885467295,0.2543316142915445,0.2685021147924164,0.2136983823693095,4.960884668831699,0.0,0.2386363636363636,1.0,1.0,392600.0,33,0.17659195925946625,0.03654325101619967,-0.013383618490072859,low
3820,0.28295574846495875,0.24673583174535957,0.284698990754464,0.18560942903521774,4.950318958088201,0.0,0.3,1.0,1.0,107890.0,33,0.327388594774579,0.11434481623813154,-0.004343000186516138,low
3830,0.2748261474269819,0.2270366401422741,0.2731662828609863,0.2249709295697576,4.968910114048942,0.0,0.1590909090909091,1.0,1.0,6730.0,33,0.11645652894321006,0.15349996162445198,0.004283654353978768,low
3840,0.2618689576163593,0.2319724314632125,0.2635104885793066,0.2426481223411216,4.959341999708705,0.0,0.3205128205128205,1.0,1.0,7450.0,33,0.032827821813329626,0.10153148027453653,-0.004418678579872435,low
3870,0.2636070375682519,0.25829065749002705,0.2693166531054858,0.20878565183623518,5.02230717582822,0.0,0.23385735688369094,2.0,2.0,668970.0,33,0.20221937329319242,0.02538335843465216,-0.015152121848775395,low
3900,0.2656067999370377,0.24398821704031842,0.27817678936835244,0.21222819365429152,4.9874349009258205,0.0,0.1333333333333333,1.0,1.0,11600.0,33,0.18313768617363677,0.08819551011252878,-0.03269649389156452,low
3910,0.30659556859460724,0.21176785422252173,0.3028589552349756,0.17877762194789554,4.890649834884672,0.0,0.3888888888888888,1.0,1.0,28860.0,33,0.3567618408788313,0.29712940137066873,0.008670762622586758,low
3930,0.2731784686726611,0.2560961062890417,0.2691111142254737,0.2016143108128235,5.033435512040438,0.0,0.2505386667792063,2.0,2.0,1066290.0,33,0.24010060714594694,0.04659913079541917,0.010607276755705495,low
3940,0.2777162656801574,0.24627128137659737,0.2565488673813649,0.21946358556188048,4.622911867464248,0.0,0.2631578947368421,1.0,1.0,82690.0,33,0.14629878619443829,0.06574909414853741,0.056059993330667045,low
3945,0.2643255178214699,0.2540216591315319,0.2501314267690043,0.2315213962779939,4.81039413599935,0.0,0.23,1.0,1.0,48320.0,33,0.08734458173449057,0.009932183392650734,0.039028673119650026,low
3960,0.2679711121730619,0.2493553721046058,0.27022230769858757,0.2124512080237448,4.886925494956358,0.0,0.24471903389928829,2.0,2.0,214430.0,33,0.18269273098065741,0.06220316473318789,-0.005915512330757891,low
4000,0.266527658233219,0.2656936076325328,0.2504843069985089,0.2172944271357393,4.922969157343683,0.0,0.2619047619047618,1.0,1.0,129810.0,35,0.1580376169808749,-0.022785682049286556,0.04389842613708155,low
4010,0.2619085468487002,0.2638114830746213,0.2538245745277726,0.2204553955489059,4.956742131750921,0.0,0.2555555555555555,1.0,1.0,1040600.0,35,0.1422554605796366,-0.018710335819806405,0.022169217498348454,low
4020,0.27160163796990316,0.24401188343981878,0.2466380389469451,0.23774843964333306,4.5584145451163005,0.0,0.08040175071748225,5.0,5.0,2480090.0,35,0.056532917412099294,0.0481016121186827,0.06817541323106041,low
4030,0.28211459044849824,0.25011123156845916,0.23425368317489362,0.23352049480814902,4.665041583025482,0.0,0.0462962962962962,1.0,1.0,783350.0,35,0.07529057157287918,0.02241548124842158,0.13145729767762404,low
4040,0.27097289850347583,0.2700684636175293,0.253370597452859,0.20558804042613604,4.845760650906022,0.0,0.1388888888888889,1.0,1.0,485330.0,35,0.21879394172226632,-0.02469042886835746,0.04749323803711674,low
4055,0.26643917067369843,0.27555969184633683,0.24869448322217053,0.20930665425779432,4.575844356606263,0.0,0.0729166666666666,1.0,1.0,3095120.0,35,0.19883196753305912,-0.05561869048974148,0.04873436279447898,low
4110,0.2738605462050843,0.2717444515682788,0.2344032771041719,0.219991725122465,4.66428779047118,0.0,0.2244897959183673,1.0,1.0,1804030.0,35,0.1425346093552056,-0.05718013614018574,0.1100088325304622,low
4120,0.2652428918553908,0.2543070740386643,0.2586545547188109,0.2217954793871339,4.794881041213901,0.0,0.1111111111111111,1.0,1.0,243030.0,35,0.13550837917389796,0.02410886014847507,0.017785555180596584,low
4130,0.26461470520728325,0.27138420237600636,0.25143307059161923,0.21256802182509127,4.74406218485471,0.0,0.0,1.0,1.0,336970.0,35,0.1822120558153724,-0.04148595327899205,0.03613173675903979,low
4140,0.2641144936168843,0.2410161469485004,0.2289131799668368,0.2659561794677785,4.626442321263631,0.0,0.0,1.0,1.0,377040.0,35,-0.07372914091089186,0.016328968109154542,0.10114447774667125,low
4150,0.266977721029582,0.265772484815217,0.2452596031073614,0.2219901910478395,4.715816706075155,0.0,0.3285714285714285,1.0,1.0,324690.0,35,0.13400978146705075,-0.030944721506807785,0.05999656718020037,low
4200,0.25399385306850863,0.27178690637496283,0.25270498033642885,0.22151426022009982,5.016816153171337,0.0,0.2551020408163265,1.0,1.0,153640.0,37,0.13656938085327686,-0.057360462572620445,0.0035972950970438737,low
4210,0.26081441836747815,0.24435122059913691,0.24775141514082843,0.24708294589255642,5.034091370132597,0.0,0.2454545454545454,1.0,1.0,116380.0,37,0.013183602027808727,0.03226049877766427,0.03633342931929142,low
4220,0.26941516374678326,0.24067066977512772,0.24916455722848763,0.24074960924960132,4.830152046575941,0.0,0.0277777777777777,1.0,1.0,2036680.0,37,0.04229792223238976,0.06021994316186613,0.05525332311224383,low
4230,0.25621562262188013,0.25376886842434815,0.24469468553428825,0.24532082341948347,4.632298853376344,0.0,0.0588235294117647,1.0,1.0,723430.0,37,0.021579618666113822,-0.010948057306236159,0.032532649334546616,low
4240,0.27729032645343316,0.22288475583524262,0.25908176843116265,0.24074314928016163,4.87527365616558,0.0,0.2291666666666666,1.0,1.0,85370.0,37,0.039742440305958096,0.15060242347613512,0.04802764515086226,low
4251,0.2908451406452549,0.2310516439585543,0.19150054843944045,0.2866026669567504,4.695467823968872,0.0,0.024390243902439,1.0,1.0,892450.0,37,-0.17435042094073983,0.017309372508069687,0.29550012910369144,low
4252,0.2741015689119281,0.2168624938445491,0.2128038674764504,0.2962320697670724,4.814214812922799,0.0,0.0609756097560975,1.0,1.0,41920.0,37,-0.20793164792425045,0.08791328552849745,0.17898838079360668,low
4255,0.261807856128727,0.22867960246095595,0.25423568386180784,0.25527685754850926,4.9021588177601725,0.0,0.0555555555555555,1.0,1.0,25820.0,37,-0.0256492247999674,0.09848123345247614,0.02075297248052981,low
4330,0.2739594472176095,0.2561147887837648,0.28183270285665724,0.18809306114196842,4.890280853233161,0.0,0.35793672615581784,2.0,2.0,120540.0,39,0.3143986679874201,0.06656172385984183,-0.020034845364034628,low
4340,0.2787727014457375,0.2722910835665734,0.2601696163639807,0.18876659862370837,4.849292143687493,0.0,0.1379310344827586,1.0,1.0,15840.0,39,0.3109228165080214,-0.008986671614189137,0.04883489489483092,low
4350,0.27539358037410255,0.23115804384919997,0.27518431473552046,0.21826406104117704,4.8084375072975085,0.0,0.1818181818181818,1.0,1.0,225680.0,39,0.15058079542356195,0.14265790956884283,0.0005375194338553213,low
4400,0.2504727915161475,0.2849386355027992,0.2578728095401938,0.20671576344085948,4.514137520619868,0.0,0.15701573738775287,2.0,2.0,72040.0,39,0.2119038414697561,-0.0933790034371772,-0.02058824772763521,low
4420,0.2551329259123595,0.270440130323302,0.2646565518305026,0.2097703919338359,4.63928171561686,0.0,0.1999999999999999,1.0,1.0,54970.0,39,0.19694217419186477,-0.03261244365515186,-0.0259142382245591,low
4435,0.27254057467548964,0.2582221766894581,0.2597796640942467,0.20945758454080543,4.743951392421871,0.0,0.3544190764379671,4.0,4.0,276840.0,39,0.1985732499393259,0.02448697669332538,0.03390836875539406,low
4461,0.24355009269935954,0.2442723966206959,0.265689505465337,0.24648800521460756,4.761948618445114,0.0,0.21181072210065643,2.0,2.0,36560.0,39,0.015587008590632351,0.03310200869978334,-0.06152232996958313,low
4465,0.26245551201119455,0.25743866169331076,0.26751510679367024,0.21259071950182454,4.992267636738071,0.0,0.0930232558139534,1.0,1.0,24700.0,39,0.18242325011728963,0.023553745876702285,-0.013501814456081753,low
4500,0.28434380668903897,0.24976980235122812,0.21105071078303902,0.25483568017669395,4.689695141057779,0.0,0.0735294117647058,1.0,1.0,12910.0,39,-0.028588827029106513,-0.015838757146376926,0.21077838651183758,low
4510,0.2662260562566328,0.2764497588551134,0.2476148196404367,0.209709365247817,4.84788104279483,0.0,0.0526315789473684,1.0,1.0,285980.0,39,0.19661128926682944,-0.06035462112952661,0.05124501219904123,low
4521,0.2619654458097893,0.2805114801036842,0.2271401147468086,0.2303829593397178,4.528828952731369,0.0,0.0555555555555555,1.0,1.0,120540.0,39,0.08982572476364006,-0.11408483018148419,0.1008656259507555,low
4522,0.2692194859783474,0.2653517675801648,0.2599444719555213,0.20548427448596657,4.95639027924386,0.0,0.106060606060606,1.0,1.0,50580.0,39,0.2196652842065946,-0.0024975497179460225,0.02479041500008457,low
4525,0.26730470163677555,0.2707279061549976,0.2574158101642107,0.20455158204401608,4.73477796611555,0.0,0.10077308362369336,2.0,2.0,11520.0,39,0.22451294994231763,-0.025779504627811214,0.026655448322088823,low
4530,0.2765682657440763,0.266531276804684,0.26752351086946996,0.1893769465817698,4.881662815162206,0.0,0.539744458823771,2.0,2.0,54090.0,39,0.3077099021305957,0.016608332568707595,0.02351146261292955,mid
4540,0.28491126816321183,0.25514218031978303,0.26994833950103,0.18999821201597522,4.7630585524742965,0.0,0.3730769230769231,2.0,2.0,30980.0,39,0.3034510787917891,0.06808212963715829,0.038146421402957986,low
4600,0.28897919222421437,0.27007643672737575,0.25267469566858547,0.18826967537982442,4.737863727713557,0.0,0.3295454545454545,1.0,1.0,438520.0,39,0.3127900282952772,0.00042764987022874263,0.09493036719933722,low
4621,0.28016247844098063,0.27015264591627847,0.23374812617869406,0.21593674946404676,4.827753580443738,0.0,0.2352941176470588,1.0,1.0,221600.0,39,0.1627101249266076,-0.04423796527166604,0.1280751140057103,low
4622,0.27774296366759393,0.25913720115592864,0.2753400386812316,0.18777979649524604,4.997009550514443,0.0,0.25,1.0,1.0,264020.0,39,0.31646030259696284,0.05306722435012227,0.006144232370498025,low
4640,0.27602809010621326,0.26384079679414857,0.28174969847877684,0.17838141462086132,4.9228235969358565,0.0,0.28,1.0,1.0,92500.0,39,0.3709751129869911,0.04524614228945322,-0.014507318418341127,low
4700,0.26999141530209075,0.2949723530070438,0.26669883706669933,0.16833739462416614,4.843320569408824,0.0,0.4054054054054054,1.0,1.0,1143260.0,41,0.43113084802457596,-0.07726222703076041,0.00867626567745894,low
4710,0.28430652202100526,0.2757488006223797,0.27690855916209245,0.16303611819452246,4.944281793546234,0.0,0.4444444444444444,1.0,1.0,243920.0,41,0.46514666894513373,0.014190580817780803,0.018643307746816357,low
4720,0.2606198513062342,0.2567294387022341,0.27739725092477957,0.2052534590667521,4.596529345817223,0.0,0.3602031675895418,2.0,2.0,3335170.0,41,0.220489892897562,0.03774986600067073,-0.04411480851613954,low
4740,0.25103559344343535,0.24417551276393112,0.28143364846345037,0.22335524532918322,4.844029593742304,0.0,0.6774193548387096,1.0,1.0,371620.0,41,0.12617647554472353,0.06928662846283927,-0.08082370312014038,high
4750,0.2549608035276825,0.2454679078882901,0.2833170014698677,0.2162542871141597,4.93756268320693,0.0,0.3428571428571428,1.0,1.0,265130.0,41,0.1620846058649968,0.07403329815576622,-0.07456907386706824,low
4760,0.27701168275605187,0.26410867214623046,0.25312638112524705,0.20575326397247062,4.78957290898587,0.0,0.3552631578947368,1.0,1.0,3693490.0,41,0.2177407608062339,0.0021340218884073514,0.06376037507240653,low
4800,0.2979894453977402,0.2638650564962606,0.299357334801049,0.1387881633049503,4.827273196127054,0.0,0.6923076923076923,1.0,1.0,96660.0,41,0.6279514271779978,0.10117224712520612,-0.003238472511277286,high
4810,0.30524797949229177,0.25157546195748925,0.29332965428846086,0.14984690426175812,4.729156165769083,0.0,0.5303030303030303,1.0,1.0,422600.0,41,0.5488644300070468,0.14163585994585826,0.028162236816018392,mid
4820,0.31306246250249986,0.25644957002866475,0.31089594027064865,0.11959202719818673,4.800407968048592,0.0,0.5192307692307693,1.0,1.0,426870.0,41,0.7738036565111047,0.16003207079102058,0.004910483492435154,mid
4830,0.28259922231161166,0.25744167337087687,0.31658956824886025,0.14336953606865113,4.7835673858898895,0.0,0.5625,1.0,1.0,37190.0,41,0.5935601583295746,0.12249471559964537,-0.08031069866368282,mid
4850,0.2863483275681204,0.23604676784284398,0.2963099432556384,0.18129496133339731,4.819167453319618,0.0,0.6827758534375543,2.0,2.0,1508650.0,41,0.3499519133063759,0.17169090141873972,-0.024180940339024494,high
4900,0.2681786749813199,0.2738086289389156,0.25033137947861234,0.20768131660115213,4.7546102261567365,0.0,0.39755605219522744,2.0,2.0,42680.0,41,0.2075153106432101,-0.04507871155324126,0.0486969576852634,low
4920,0.2860534976396192,0.2711525522758795,0.28178922267019935,0.16100472741430208,4.913149616531027,0.0,0.41312469757936154,2.0,2.0,224380.0,41,0.4779647914493404,0.037548648799316735,0.01062038597497707,low
4930,0.31777250791860834,0.24954810036317804,0.28241654367257596,0.15026284804563772,4.803857096868311,0.0,0.5340909090909091,1.0,1.0,59550.0,41,0.5447912561038397,0.14918023763211416,0.0834051233083611,mid
4940,0.3092718387127513,0.2580378170135722,0.2886018050885528,0.1440885391851236,4.819716890076783,0.0,0.5277777777777778,1.0,1.0,115130.0,41,0.5892121560855358,0.11963970268007125,0.04891250372122612,mid
4950,0.25813985193264066,0.30749168677055483,0.28156508028712507,0.15280338100967952,4.738914056037687,0.0,0.5217391304347826,1.0,1.0,7860.0,41,0.5296776356598897,-0.10738195291737074,-0.06142078850741787,mid
5000,0.27946925463826233,0.26183053873677997,0.29350823260066666,0.16519197402429098,4.936342689514401,0.0,0.53125,1.0,1.0,1443630.0,43,0.45067114465576946,0.07324096083130194,-0.03465770989278079,mid
5010,0.27925145227103704,0.24072523098982235,0.34074600164825225,0.13927731509088834,4.592490132830717,0.0,0.4838709677419355,1.0,1.0,48190.0,43,0.6170445675691825,0.20246569767164405,-0.1407317135689463,mid
5020,0.27927839458391585,0.24829880887738712,0.302332566978985,0.17009022955971212,4.74449725120919,0.0,0.5526315789473684,1.0,1.0,3870.0,43,0.41840067710106343,0.12838222783217512,-0.05608665790304521,mid
5100,0.28559268314769537,0.24587521506836907,0.31926107036131485,0.14927103142262063,4.701661486176852,0.0,0.4285714285714285,1.0,1.0,212900.0,43,0.5508236118845379,0.16776044061831152,-0.07880178957503885,low
5110,0.29023181845984464,0.22122453972720044,0.34267233469937003,0.14587130711358492,4.678420647727684,0.0,0.4166666666666666,1.0,1.0,429080.0,43,0.5653582866139463,0.28948815675891976,-0.11744670319255371,low
5120,0.28992738848946603,0.23321529491719423,0.34130986872697366,0.13554744786636622,4.709800435066175,0.0,0.313953488372093,1.0,1.0,1509370.0,43,0.6427115371249267,0.24433545826415864,-0.11537172873709145,low
5130,0.25712421144224495,0.25233848161844685,0.28279312595170764,0.20774418098760064,4.772885590392684,0.0,0.4193548387096774,1.0,1.0,11140.0,43,0.20672719326260672,0.054187682804516135,-0.06728569716437253,low
5140,0.2966654028778278,0.2261820939175648,0.3308147827185904,0.1463377204860171,4.699570861409576,0.0,0.4864864864864865,1.0,1.0,149290.0,43,0.5651545099354399,0.26596672455653664,-0.07704192545327923,mid
5150,0.28567922243675753,0.22868737114245505,0.31875674968092427,0.16687665673986324,4.794881041213901,0.0,0.4571428571428571,1.0,1.0,61930.0,43,0.43298061885906985,0.22640882502537388,-0.07746969280201058,low
5160,0.2808694123133615,0.2521081643106704,0.2799749237391151,0.1870474996368529,4.8721392168423305,0.0,0.3333333333333333,1.0,1.0,364210.0,43,0.3199560635029174,0.08690521787675082,0.002255525935381163,low
5200,0.30987897458828023,0.23017514326765323,0.33133542220804796,0.12861045993601863,4.6179876896987055,0.0,0.8,1.0,1.0,39980.0,43,0.6950688466416618,0.2701101394118505,-0.04734037878235178,high
5210,0.2817478340107323,0.2291797445651388,0.3355251167970841,0.1535473046270448,4.734618253174978,0.0,0.7321428571428571,1.0,1.0,7060.0,43,0.5164946092269627,0.2399259157971525,-0.12352048995422252,high
5220,0.27589677073083463,0.24179264692727437,0.32455664639055376,0.15775393595133733,4.772716457199892,0.0,0.5909090909090908,1.0,1.0,150170.0,43,0.4929006782676632,0.1740467817840184,-0.11485769456315645,high
5230,0.28818174920116574,0.26979099628756353,0.32880777672546807,0.11321947778580281,4.785573236959415,0.0,0.5750000000000001,1.0,1.0,16820.0,43,0.8281303238016997,0.10768345832069195,-0.09325462825754777,high
5240,0.26592666263512743,0.25692566807770545,0.31303070133790467,0.16411696794926262,4.888316989638111,0.0,0.7045454545454546,1.0,1.0,2787070.0,43,0.455116694019762,0.0946924609757573,-0.11531547357582896,high
5250,0.30566653632329693,0.24345874632346695,0.33539332528604704,0.11548139206718913,4.77144704561319,0.0,0.62,1.0,1.0,151340.0,43,0.8040809120502224,0.2236807441657902,-0.06562600850267498,high
5260,0.28596008091048675,0.24717666268613064,0.29920308044744476,0.16766017595593793,4.916397872014886,0.0,0.4705882352941176,1.0,1.0,85460.0,43,0.4333765982469662,0.13748501599556961,-0.03201094871590101,low
5300,0.2720960631671421,0.2672325742621415,0.2938018300266195,0.1668695325440968,4.838422471450589,0.0,0.3974358974358974,1.0,1.0,220380.0,43,0.4403863941547474,0.04605938131904408,-0.05427066832512777,low
5310,0.28452203534170745,0.2621247604854163,0.3037115889574907,0.14964161521538571,4.952794294406406,0.0,0.4310344827586206,1.0,1.0,169840.0,43,0.551652466206134,0.09359013798895353,-0.04615132314543722,low
5320,0.27049512302136425,0.23699753619764424,0.31448074521583586,0.17802659556515574,4.762173934797756,0.0,0.4396551724137931,1.0,1.0,78470.0,43,0.3676069437125847,0.16945465073169652,-0.1065389175778043,low
5330,0.3028837606229776,0.236390143299079,0.3122355367492799,0.1484905593286634,4.802298250099019,0.0,0.5,1.0,1.0,238610.0,43,0.5545525469854384,0.21479565461448785,-0.021502215567647268,mid
5340,0.2809266828924802,0.2743233806569993,0.2889792054415885,0.155770731008932,4.746061924685573,0.0,0.6,1.0,1.0,40500.0,43,0.511994312420495,0.030958769626789572,-0.019983553029139112,high
5350,0.28264133510423284,0.23052491771091985,0.31398336894381246,0.17285037824103483,4.919834929769759,0.0,0.6,1.0,1.0,133850.0,43,0.39738979816725395,0.20935006103948328,-0.07436026313488407,high
5360,0.28603258599080916,0.24482789178514003,0.32961223430517406,0.13952728791887684,4.877103901471733,0.0,0.4655172413793103,1.0,1.0,102770.0,43,0.6177063472441124,0.18490042521231603,-0.10027564322922247,low
5400,0.26702304115781605,0.26160866986945347,0.30914341208522056,0.16222487688751003,4.754365752349944,0.0,0.5833333333333334,1.0,1.0,983150.0,43,0.46795379384616587,0.0765223517414433,-0.10357016702313886,high
5410,0.26739312244797564,0.24393171643626704,0.28894573719683175,0.19972942391892556,4.89836205161347,0.0,0.5285714285714286,1.0,1.0,100860.0,43,0.2485367274848355,0.10662717981246396,-0.05481418629680232,mid
5500,0.26893224250052444,0.21313194881476816,0.26127543528424585,0.25666037340046155,4.794632850933413,0.0,0.2727272727272727,1.0,1.0,85750.0,43,-0.03502063790414469,0.1780826872989313,0.02042428636443813,low
5510,0.26635806086175245,0.19813273956013905,0.27803820461736783,0.25747099496074066,4.595220855134423,0.0,0.1551724137931034,1.0,1.0,68310.0,43,-0.043643056523041554,0.2591256461007936,-0.030346925666790824,low
5521,0.27311469248846443,0.25505675583507514,0.30526357303094487,0.16656497864551553,4.964521545130232,0.0,0.59375,1.0,1.0,97050.0,43,0.4406328621009224,0.1012844488945657,-0.07868949520206937,high
5522,0.29133858267716534,0.25694156651471195,0.28180687940323246,0.16991297140489012,4.836916626109569,0.0,0.6521739130434783,1.0,1.0,194330.0,43,0.4210897516835366,0.0890025094184853,0.023521266183230784,high
5530,0.256825679341616,0.2106140490023955,0.2784957829333147,0.2540644887226738,4.788907406923208,0.0,0.3541666666666666,1.0,1.0,24000.0,43,-0.024519082671503118,0.1950389337478138,-0.05727943436880093,low
5540,0.26766276263620037,0.24604250498629607,0.27984194179656985,0.20645279058093374,4.81210305125432,0.0,0.2777777777777778,1.0,1.0,79320.0,43,0.21340072258786408,0.0869340970183152,-0.03146420853938016,low
5550,0.2453017363977551,0.2192731132369978,0.261895677389368,0.2735294729758791,4.533888983983128,0.0,0.3461538461538461,1.0,1.0,335540.0,43,-0.10781289196866468,0.11831002225225586,-0.046285241774095646,low
5560,0.25880406148657004,0.22824464021353552,0.25295212251665083,0.25999917578324366,4.633660456387719,0.0,0.125,1.0,1.0,112130.0,43,-0.04686521238996353,0.09325836707079276,0.016172256362882186,low
5600,0.2978569997997196,0.2091613973849103,0.3152270321306973,0.1777545706846728,4.742145641015169,0.0,0.5192307692307693,1.0,1.0,367200.0,43,0.36136395606309885,0.31177686814599403,-0.040078537472434166,mid
5610,0.26297350900298283,0.23618579616143423,0.26310885306320053,0.23773184177238252,4.836361268881602,0.0,0.3571428571428571,1.0,1.0,795360.0,43,0.05652545932312219,0.08792998775255037,-0.0003638316422881214,low
5630,0.2666399405187825,0.2267744724887715,0.2746088387411052,0.2319767482513408,4.94356913673158,0.0,0.2758620689655172,1.0,1.0,54760.0,43,0.08235655379575754,0.1442483569344945,-0.02082321254158276,low
5710,0.29196542617799404,0.22994882886271564,0.32446262469536324,0.15362312026392713,4.841032509710076,0.0,0.7432432432432433,1.0,1.0,466910.0,43,0.5176394192507032,0.23804636982988367,-0.07462448559823995,high
5720,0.2897860301768991,0.23061914672216435,0.3244504422476587,0.15514438085327784,4.8037751128551465,0.0,0.7608695652173912,1.0,1.0,155250.0,43,0.5077722709824793,0.23259552756944532,-0.0798959813886824,high
5730,0.2801699825168132,0.2580671507510114,0.305287068822501,0.1564757979096744,4.873210618184584,0.0,0.611111111111111,1.0,1.0,656640.0,43,0.5055177376990936,0.10214755655005371,-0.0607093907868349,high
5740,0.28568083499680974,0.22689621664022663,0.32510083300649195,0.16232211535647173,4.723308714005133,0.0,0.5673076923076923,1.0,1.0,1825980.0,43,0.4603661578363319,0.24087677135146973,-0.09140073814358958,mid
5810,0.2940816227860477,0.221113194269107,0.3179307973719977,0.1668743855728476,4.809660848803092,0.0,0.4999999999999999,1.0,1.0,147170.0,43,0.43088857776943235,0.2646843395449898,-0.055137629502709944,mid
5820,0.27232635060639465,0.22617071896941915,0.32260488597458364,0.17889804444960253,4.726502471155617,0.0,0.4864864864864865,1.0,1.0,41930.0,43,0.35919021560036,0.2208007862556593,-0.11980308363724489,mid
5830,0.2947928331466966,0.2404321190962387,0.291688623937817,0.1730864238192477,4.797689567758492,0.0,0.4838709677419355,1.0,1.0,7600.0,43,0.3992447659173138,0.16210891511841738,0.0074854127218891495,mid
5840,0.2903673917016998,0.2324986291354414,0.3431182599159203,0.1340157192469384,4.687855552606699,0.0,0.5119047619047619,1.0,1.0,218300.0,43,0.6536283965309347,0.24962484620344177,-0.11803604785200937,mid
5850,0.25045530038371233,0.22555409197640455,0.25585304392646474,0.26813756371341846,4.730745008896157,0.0,0.1216216216216216,1.0,1.0,69400.0,43,-0.08315481742754788,0.09420887937228065,-0.015077474885080943,low
5860,0.27771813726223127,0.22068652047929044,0.32491156092353424,0.17668378133494414,4.695741884172478,0.0,0.5,1.0,1.0,2578180.0,43,0.3706063913501661,0.251755803888144,-0.11097780747355071,mid
5900,0.2645722841119599,0.2257466947496637,0.2788675446832627,0.2308134764551137,4.751864565138895,0.0,0.1764705882352941,1.0,1.0,32920.0,43,0.08759419729513682,0.15106179472196385,-0.037209669333244086,low
5910,0.33153369028527624,0.19467399918885836,0.32011817366617434,0.15367413685969103,4.485485343042112,0.0,0.6000000000000001,1.0,1.0,5340.0,43,0.5020761830937068,0.42040059020903453,0.02477646579360997,high
5920,0.30686647282487134,0.25676582420040267,0.3139118765376874,0.12245582643703863,4.766353223579481,0.0,0.6739130434782609,1.0,1.0,6190.0,43,0.7506819039405989,0.1548061392973586,-0.016051032262776786,high
6005,0.2664959969086233,0.2255352549782033,0.2549733731026072,0.2529953750105662,4.907346704590325,0.0,0.1578947368421052,1.0,1.0,25770.0,45,-0.015911424932173294,0.11821456598764699,0.031254191861403824,low
6010,0.2759060107541927,0.2300357806784336,0.2849361344873768,0.2091220740799968,4.879234962480687,0.0,0.2916666666666666,1.0,1.0,13630.0,45,0.19682035040342183,0.16160737304486025,-0.022772231522459642,low
6020,0.27578580935804237,0.21321944155977124,0.27460691248957864,0.23638783659260781,4.71330684459267,0.0,0.0757575757575757,1.0,1.0,950.0,45,0.057984892601842,0.20833784830703841,0.0030291361485541538,low
6040,0.27587779297765624,0.22343821249430001,0.26003191974464207,0.24065207478340173,4.719123676063936,0.0,0.05,1.0,1.0,25560.0,45,0.0403685184936933,0.14798695853044103,0.04182790947576729,low
6050,0.2622830963282727,0.2278594401829811,0.24455462640003772,0.26530283708870844,4.851088169112991,0.0,0.06656549982223273,3.0,3.0,337520.0,45,-0.07073227005219121,0.08630583139083367,0.04948738846726597,low
6115,0.27044440131961967,0.21480302736270135,0.23381331263341745,0.28093925868426156,4.8346933442663405,0.0,0.0087719298245614,1.0,1.0,0.0,45,-0.14148097478679006,0.12865806544193345,0.10291483050714036,low
6120,0.27073761460260704,0.20650298330596037,0.25894731918255337,0.26381208290887925,4.826391891739602,0.0,0.0652173913043478,1.0,1.0,6300.0,45,-0.06859541504613641,0.20295862152491564,0.03148428290806388,low
6130,0.26609654642018254,0.217061675240186,0.2294859086397416,0.28735586969988985,4.840729873249665,0.0,0.0798531221039849,3.0,3.0,32940.0,45,-0.16809029940177536,0.10587419922981196,0.10466422892624881,low
6200,0.2678469617404351,0.2297374343585896,0.2480120030007502,0.254403600900225,4.955193053846446,0.0,0.2,1.0,1.0,665870.0,47,-0.02192082554067845,0.09390477745679648,0.0544038304971317,low
6210,0.27186775601259217,0.19240294874065303,0.24781474423190272,0.28791455101485214,4.802872844820349,0.0,0.0,1.0,1.0,12920.0,47,-0.17620791577583117,0.244464586242924,0.06550233390768577,low
6220,0.2775168983876261,0.22519698827550388,0.2320720862739365,0.26521402706293357,4.876538551256763,0.0,0.0,2.0,2.0,64950.0,47,-0.07266128039519784,0.09756269524538981,0.12645458301293505,low
6230,0.2675677751324783,0.223254742339298,0.245135262268643,0.2640422202595807,4.912948960138995,0.0,0.0888888888888888,1.0,1.0,668060.0,47,-0.06605768596015849,0.11208706854200404,0.0619162143996332,low
6240,0.28531217413156457,0.2160893887784544,0.22913968899705925,0.2694587480929219,4.790487962332648,0.0,0.025863590142361524,4.0,4.0,83590.0,47,-0.09400360217862917,0.13738837846054516,0.15503465761718174,low
6250,0.27432131312937547,0.2246714009603359,0.2291133838143245,0.27189390209596426,4.887709902830284,0.0,0.000317057704502219,2.0,2.0,189240.0,47,-0.10192535207380757,0.08950407463285825,0.1273379728072169,low
6260,0.27287334657654055,0.22606561489386223,0.23047926398503024,0.27058177454456706,4.976526824462806,0.0,0.025,1.0,1.0,968760.0,47,-0.09576195497094102,0.08471889972882671,0.11939275842275474,low
6305,0.26986943442433153,0.21918455761817326,0.23612381906068475,0.2748221888968105,4.960289825209926,0.0,0.0777457907381836,3.0,3.0,452780.0,47,-0.11436275781267763,0.11531641787915729,0.09445669657511385,low
6330,0.27054728867384537,0.22793288149213212,0.2232229265108877,0.27829690332313484,4.627484545928485,0.0,0.018112778026571102,2.0,2.0,111650.0,47,-0.12944094099968284,0.061447668082954,0.13595963512513734,low
6355,0.2687155429311371,0.2287393481469209,0.239157399999564,0.263387708922378,5.012234015459953,0.0,0.1463414634146341,1.0,1.0,650580.0,47,-0.06279347152558998,0.08393952122483078,0.08240017590310313,low
6360,0.26909894471002077,0.22807492258200296,0.23050269083912087,0.27232344186885543,4.872904620630176,0.0,0.03125,1.0,1.0,52700.0,47,-0.10275553011692368,0.07184896666760902,0.10947186761604681,low
6400,0.2644806757730129,0.2305785974234969,0.23306395777740638,0.2718767690260838,4.790748867056943,0.0,0.07382528384755553,2.0,2.0,58370.0,47,-0.09998951280918807,0.060378909717467816,0.08941738344017694,low
6410,0.28378360082116183,0.23497824717957116,0.23072915120876591,0.25050900079050115,4.890482963652365,0.0,0.028262705155944836,2.0,2.0,216560.0,47,-0.006216651668235662,0.06959433365856388,0.1463480956998315,low
6441,0.25553095475518456,0.23296770159041355,0.23180151097740295,0.27969983267699905,4.752814027900653,0.0,0.0,1.0,1.0,33330.0,47,-0.13308679355204947,0.03569125251246777,0.06891611649159511,low
6442,0.2678460140710762,0.2166675426674976,0.2340724277487029,0.2814140155127232,4.867842095435704,0.0,0.0555555555555555,1.0,1.0,417620.0,47,-0.1429155256868655,0.11811218848413374,0.09530502099848943,low
6460,0.2688970072541897,0.2383519485821356,0.2308622332017879,0.2618888109618867,4.8342958089798485,0.0,0.0384615384615384,1.0,1.0,26980.0,47,-0.055963183411219655,0.03619237827012554,0.1078389418268738,low
6500,0.27381857113535885,0.23118783595626535,0.22240096744309895,0.27259262546527696,4.774575350848819,0.0,0.0,1.0,1.0,16420.0,47,-0.10500766613362618,0.05327093332739793,0.1470667734225223,low
6515,0.2588224914715916,0.2376779202446771,0.235692859663569,0.2678067286201623,4.895673275626574,0.0,0.0,1.0,1.0,129890.0,47,-0.08117781892100928,0.0313693982141778,0.06619435196957837,low
6520,0.2496614202249348,0.2501368494743017,0.2477618840955831,0.2524398462051804,5.014826498714724,0.0,0.0394736842105263,1.0,1.0,122630.0,47,-0.011240136631148647,-0.004671385548603659,0.005400556812182569,low
6530,0.28246688077077486,0.21283286498059686,0.20820788170748025,0.29649237254114813,4.763881877142913,0.0,0.0,1.0,1.0,68620.0,47,-0.21173136795955771,0.10658707499373056,0.21568474785658148,low
6540,0.2570610573785083,0.20933958345695128,0.24221206906782178,0.2913872900967187,4.8722157835894295,0.0,0.11,1.0,1.0,16420.0,47,-0.18500461880961444,0.14338162740690835,0.04207283449518181,low
6600,0.2729756280393657,0.22228121445329924,0.224455500314459,0.280287657192876,4.904253389575927,0.0,0.0,6.0,6.0,179600.0,47,-0.13869280490312222,0.08784415770389567,0.13838436510085328,low
6660,0.27450164995511245,0.24152700960618786,0.28009853253065686,0.20387280790804285,4.905496975972951,0.0,0.1379310344827586,1.0,1.0,117830.0,47,0.22649194037768583,0.11273209041002578,-0.014272364515211886,low
6700,0.259854547223506,0.19602558801352377,0.24474010653564565,0.29937975822732465,4.88302916949111,0.0,0.0789473684210526,1.0,1.0,22510.0,47,-0.22129099273553388,0.20568712176229537,0.04237350316385454,low
6710,0.24374347860984036,0.24477084838269525,0.22850951119672525,0.28297616181073926,4.805495367221621,0.0,0.0256410256410256,1.0,1.0,24470.0,47,-0.14666755998426392,-0.029782011311152032,0.045635625944128205,low
6720,0.26181002089223887,0.22790996404763136,0.25461216474600795,0.25566785031412187,4.887940214078852,0.0,0.032258064516129,1.0,1.0,44240.0,47,-0.027518296722955284,0.10184132524915744,0.019712485841836692,low
6730,0.25211416739217396,0.25931904280100715,0.25125767665121534,0.23730911315560366,4.944281793546234,0.0,0.0,1.0,1.0,141150.0,47,0.05956218847614134,-0.02439578101211332,0.0024062966674909428,low
6740,0.2763094666025949,0.2212878423834695,0.2283157135992311,0.2740869774147045,4.95350040939126,0.0,0.0,1.0,1.0,21030.0,47,-0.11218530433470598,0.1034183782407713,0.13491039724423415,low
6750,0.2689321592459383,0.21609822646657575,0.23593368886684027,0.27903592542064576,4.771616393623756,0.0,0.09375,1.0,1.0,28620.0,47,-0.13287099290190443,0.12514599246661287,0.09256619297153157,low
6765,0.25953363838241916,0.24750078061212988,0.23248590707648037,0.26047967392897053,4.937243485730077,0.0,0.14166666666666666,2.0,2.0,30920.0,47,-0.04862583301211747,-0.006169261039163497,0.07782184837259679,low
6800,0.24774570724892622,0.23920176002421092,0.23749902189029515,0.2755535108365677,4.956953263992907,0.0,0.09756161366186973,3.0,3.0,51920.0,47,-0.11445154823603051,0.01141118932413312,0.029867724456499538,low
6821,0.2662432922827472,0.2218468903215844,0.2214198162375014,0.290490001158167,4.906385272722456,0.0,0.0,1.0,1.0,35720.0,47,-0.18135985430943385,0.07368723345217633,0.130355137161181,low
6825,0.25910179759265123,0.22070003167564145,0.22197695597085845,0.29822121476084895,4.877713239597068,0.0,0.1136363636363636,1.0,1.0,15800.0,47,-0.2127268922027597,0.0678450223545943,0.10935226117231205,low
6835,0.272255910009667,0.2200544863344758,0.2538008612356094,0.2538887424202478,4.976250867234425,0.0,0.1145833333333333,1.0,1.0,5370.0,47,-0.021223640746537924,0.14514943677436082,0.049633607562292195,low
6850,0.2665303037443588,0.21441601810310326,0.21300644020072,0.3060472379518178,4.778105329957581,0.0,0.059249491555398354,3.0,3.0,21040.0,47,-0.24724733756387865,0.08612980454163638,0.15850897790778842,low
6920,0.26127427845343987,0.22438918133962604,0.23257941550190595,0.2817571247050282,4.90260454988255,0.0,0.0,1.0,1.0,34520.0,47,-0.14288030323408238,0.07676641560791152,0.08226409021911052,low
6950,0.258853946522363,0.2187322971463797,0.22901399594980532,0.29339976038145194,4.854031692149479,0.0,0.07021166752710374,2.0,2.0,10430.0,47,-0.1924633043446542,0.08750798828140369,0.08660705390408888,low
7000,0.2688439403863975,0.2295513644837701,0.2543480118210716,0.2472566833087608,5.007764510671235,0.0,0.2692307692307692,1.0,1.0,526240.0,49,0.010877374692605857,0.10638170239274312,0.039193238511056994,low
7010,0.2603526945369343,0.18869568791877336,0.2698647593209192,0.2810868582233732,4.760291822855391,0.0,0.2040816326530612,1.0,1.0,86420.0,49,-0.14892675276097614,0.2774810436101852,-0.025373616711367463,low
7020,0.2677630504959374,0.2160874297252605,0.2590320252934542,0.25711749448534776,4.887237722247816,0.0,0.1943267057131114,2.0,2.0,186530.0,49,-0.03633329499125704,0.16153893618943616,0.023441117051117816,low
7030,0.2637483906566121,0.2104101526577156,0.2609895162773589,0.2648519404083134,4.922750808785736,0.0,0.14,1.0,1.0,18910.0,49,-0.07187384641454471,0.18018379368212384,0.0074354710485717655,low
7040,0.2623387805950462,0.2071486149787483,0.2506984647515756,0.2798141396746299,4.949823154699498,0.0,0.0192307692307692,1.0,1.0,15880.0,49,-0.1371359020414425,0.17432799704641833,0.03209263727897114,low
7050,0.2649015404336199,0.20615731429708045,0.24785436971880268,0.281086775550497,4.880526608749236,0.0,0.16,1.0,1.0,10710.0,49,-0.14293783617099814,0.17755554581650662,0.0470345203678397,low
7100,0.2736960339305344,0.19516310345809734,0.255768055340642,0.27537280727072627,4.882061476624761,0.0,0.24458801832351712,2.0,2.0,73270.0,49,-0.12247122400796846,0.24846719739662543,0.04790445178526224,low
7110,0.27859116312417825,0.23092929892125563,0.23745221085377044,0.25302732710079573,4.94826331320342,0.0,0.125,1.0,1.0,9000.0,49,-0.016936327459338863,0.08797282437525618,0.11298078342529912,low
7120,0.27777668595910276,0.22498452347028014,0.26155335226546916,0.23568543830514802,4.89447593955597,0.0,0.0952380952380952,1.0,1.0,21540.0,49,0.06408395230256643,0.1475378944371097,0.04255313193962473,low
7130,0.27344274089269566,0.19629193929436015,0.25717014884742895,0.2730951709655153,4.889295942237095,0.0,0.1833333333333333,1.0,1.0,77420.0,49,-0.11230266239327279,0.24561200713492892,0.043384055343687986,low
7140,0.27382183825653894,0.20310676956398035,0.25013839968063306,0.27293299249884767,4.989956282887855,0.0,0.0597014925373134,1.0,1.0,125440.0,49,-0.10953925692193367,0.2069934916132668,0.06396721722952226,low
7150,0.286197639109538,0.2089207070605506,0.2410687352947091,0.2638129185352022,4.866918876413368,0.0,0.0425531914893617,1.0,1.0,137300.0,49,-0.06985970665324925,0.18691857968254083,0.12133988885602968,low
7160,0.27167668354550184,0.21511523354313566,0.23562538450617576,0.27758269840518673,4.637056374850413,0.0,0.0,1.0,1.0,16230.0,49,-0.12711144524324802,0.132479908447399,0.10067044297279895,low
7200,0.270445591966904,0.21048370375489978,0.23171424057819337,0.287356463700003,4.879691028162049,0.0,0.0727272727272727,1.0,1.0,629780.0,49,-0.16950610531625215,0.14156391737586604,0.10929470101639484,low
7210,0.2640812557710065,0.18749999999999994,0.2437312442289936,0.3046875,4.891926830363372,0.0,0.0,1.0,1.0,261420.0,49,-0.24588139432122486,0.24689440481488775,0.05670337548020698,low
7220,0.2583034173030389,0.20646876731666702,0.2413014147293902,0.29392640065090386,4.9298823825804945,0.0,0.12650252318191713,3.0,3.0,203060.0,49,-0.19620015550538908,0.15508677285577183,0.04814555328898955,low
7240,0.2667407540724244,0.20450979283873905,0.24412729849476075,0.28462215459407575,4.8837186145800064,0.0,0.06326304190315175,3.0,3.0,72800.0,49,-0.15845513475917655,0.18074593360589516,0.06264076809313934,low
7260,0.26716430030329796,0.22540426770406824,0.24027923222464345,0.2671521997679904,4.840014300803031,0.0,0.01996615117976515,3.0,3.0,123970.0,49,-0.07964388817374028,0.09547885258031942,0.07499723823059345,low
7300,0.2623448075943214,0.21206775918848816,0.24517242169765263,0.2804150115195378,4.884599532372246,0.0,0.07031885526824645,2.0,2.0,68170.0,49,-0.13864628042326865,0.14607521395142756,0.04786969576854421,low
7315,0.2627738972347144,0.2265429145536312,0.2372428475743948,0.2734403406372596,4.915958247154348,0.0,0.1403508771929824,1.0,1.0,356960.0,49,-0.10679183099306315,0.07940815268836468,0.07227314811596017,low
7320,0.26469794144766,0.2199456961941488,0.2494332740712062,0.2659230882869849,4.8507012561799305,0.0,0.109090909090909,1.0,1.0,28120.0,49,-0.07461095279136551,0.12697314337385218,0.042000651829348104,low
7330,0.2692018474901424,0.19828339242519646,0.24835222546623428,0.2841625346184269,4.863474406066631,0.0,0.14490495199050593,2.0,2.0,373750.0,49,-0.15837652987063702,0.21674509974138406,0.05700232288928678,low
7340,0.26779847527357453,0.20263872316049025,0.24628158305275866,0.28328121851317667,4.96109484853612,0.0,0.0784313725490196,1.0,1.0,1416740.0,49,-0.15334000398589442,0.19345288531670887,0.059226706674909924,low
7350,0.26321619791987205,0.20475106160379103,0.23081420395101232,0.30121853652532465,4.835885002798619,0.0,0.1142857142857142,1.0,1.0,57660.0,49,-0.22722323820113396,0.15145970735035894,0.09288743108699048,low
7360,0.25526333222921505,0.22645909241470683,0.23838357071878102,0.27989400463729713,4.992946431225172,0.0,0.0434782608695652,1.0,1.0,39240.0,49,-0.13408726260387624,0.06983007948199872,0.04837647686224681,low
7410,0.25848134776765186,0.22359812906028725,0.21234047850731325,0.30558004466474764,4.85257698943798,0.0,0.0,1.0,1.0,123940.0,49,-0.24357551709713826,0.03809520136652995,0.1390401873241236,low
7420,0.2592099972161217,0.2249373627393362,0.251662593955891,0.264190046088651,4.919104629583938,0.0,0.03125,1.0,1.0,101530.0,49,-0.06594967069622658,0.10372930127120994,0.02089447911823728,low
7430,0.27726635586035026,0.18833328541328198,0.2601587704568603,0.27424158826950745,4.846592450273017,0.0,0.23629091291342946,4.0,4.0,63420.0,49,-0.12053467859947622,0.28979273905498776,0.045033168345038836,low
7440,0.25630402582185574,0.19981871642384985,0.24262374814847565,0.30125350960581876,4.979007018638079,0.0,0.0434782608695652,1.0,1.0,10100.0,49,-0.22764044824984256,0.18087650647576956,0.03878654561404002,low
7510,0.26120925786348514,0.19199588212585256,0.26312112800338255,0.28367373200727986,4.650717000944062,0.0,0.1964285714285714,1.0,1.0,27540.0,49,-0.15821244509032925,0.25433398201390145,-0.0051566812397867996,low
7520,0.2596781261299229,0.22585287476323998,0.2425260465929309,0.2719429525139063,4.91338990965742,0.0,0.0888888888888888,1.0,1.0,2670.0,49,-0.09998007552755397,0.08605237895334839,0.048319275280719415,low
7540,0.26093825639220175,0.22982880781586942,0.24689301588698673,0.26233991990494215,5.000382917631905,0.0,0.08,1.0,1.0,15380.0,49,-0.05725858615017971,0.08106565346189536,0.03912330253653128,low
7550,0.25078079958855076,0.24905951497102854,0.23099224799771045,0.26916743744271027,5.065060346074329,0.0,0.1153846153846153,1.0,1.0,3530.0,49,-0.08699098321075244,-0.027932497874865042,0.05812071093317178,low
7560,0.2672790160011886,0.2052447616242549,0.2389856617464988,0.2884905606280577,4.821409960985506,0.0,0.037037037037037,1.0,1.0,17980.0,49,-0.174673628851407,0.16994977138488807,0.07911786596540504,low
7610,0.27148791791643456,0.20480013081046275,0.22538744934926905,0.29832450192383353,4.842847607079338,0.0,0.0,1.0,1.0,88480.0,49,-0.21672932148892568,0.15418292436896266,0.13159025180593714,low
7640,0.2691440356635108,0.20649546703991362,0.24148343387311988,0.28287706342345575,4.926332977704572,0.0,0.29385844548783746,2.0,2.0,172160.0,49,-0.15089371897333476,0.17207283210202096,0.07668276829461772,low
7700,0.2676587684175902,0.23432959404738946,0.26276329072286564,0.23524834681215476,4.974731739749902,0.0,0.225,1.0,1.0,629420.0,51,0.06806090800828096,0.10104521467695654,0.01305271419113114,low
7710,0.2727021268642769,0.2107576720367809,0.2572496542443838,0.2592905468545584,4.871219958312758,0.0,0.025,1.0,1.0,33320.0,51,-0.04754813952999952,0.1865731921055129,0.041247701186955345,low
7720,0.2840408305084247,0.22514640471447694,0.2308115371990248,0.2600012275780736,4.7530966712684,0.0,0.1387897512897513,3.0,3.0,11100.0,51,-0.05039940512189147,0.10500871162734514,0.14673630736956553,low
7730,0.26193354056591567,0.21244551884779417,0.22571097387382674,0.29990996671246345,4.768054048889571,0.0,0.0,1.0,1.0,45990.0,51,-0.22066768054873437,0.11021681856938426,0.10524259520209617,low
7740,0.26661635909270637,0.21503386716216186,0.23473393409535526,0.28361583964977666,4.834534349115358,0.0,0.0227272727272727,1.0,1.0,61070.0,51,-0.15236358847913073,0.123565477775951,0.09005576936947707,low
7750,0.27878746004162713,0.21877880822969967,0.23399332620367225,0.268440405525001,4.8027950277285845,0.0,0.0881353246836837,3.0,3.0,1346490.0,51,-0.08778128829315124,0.12640178316682457,0.1238547767828989,low
7800,0.28981512731090864,0.24097198785015192,0.24801252484343944,0.22120035999550003,4.666265285347902,0.0,0.1176470588235294,1.0,1.0,181800.0,51,0.1357340316779445,0.0871042996149393,0.11014176607997946,low
7810,0.2663587344301288,0.24199730665744323,0.23938349594575592,0.2522604629666721,4.806613021935432,0.0,0.010536279515734019,3.0,3.0,364480.0,51,-0.0114167946632578,0.034724654176332824,0.07550286407536584,low
7830,0.25962466247297916,0.22978016799682852,0.25670753143395697,0.25388763809623544,4.874891933062879,0.0,0.0666666666666666,1.0,1.0,21050.0,51,-0.019161657519685137,0.09509257534993987,0.007989992144448281,low
7840,0.2755130815419999,0.2031577830841549,0.2603114320233251,0.2610177033505201,4.831109824604303,0.0,0.1538461538461538,1.0,1.0,155240.0,51,-0.05752369596189917,0.22557676523158185,0.04013282166540487,low
7850,0.2867890660491296,0.1903358411541146,0.2628419629699394,0.2600331298268163,4.760891060984867,0.0,0.032258064516129,1.0,1.0,26710.0,51,-0.05869836607700546,0.29913158151629377,0.06165549253122722,low
7905,0.27270290651613394,0.19597662610380553,0.24500828016237605,0.28631218721768453,4.84009458590622,0.0,0.20488720166785945,2.0,2.0,183640.0,51,-0.16846445348158937,0.22604061159228994,0.07572473096067127,low
7925,0.2704256832790619,0.21038841218727775,0.2451352640381584,0.27405064049550204,4.840213292158758,0.0,0.07564178243394,3.0,3.0,102640.0,51,-0.11234538892059961,0.1648901251030077,0.06942881082602126,low
7950,0.27039849342685035,0.19382643021838067,0.24764296147856635,0.28813211487620266,4.670395970905799,0.0,0.02,1.0,1.0,179630.0,51,-0.17649870313305083,0.23595063976376668,0.062160862730376146,low
8000,0.254751020472615,0.2103950038292396,0.2604988275421019,0.2743551481560435,4.809334770704498,0.0,0.064516129032258,1.0,1.0,67750.0,51,-0.11298701812196364,0.16530445592103443,-0.01577674200234715,low
8025,0.2660725586795795,0.20371570282385681,0.24559131122660552,0.28462042726995823,4.855133443515847,0.0,0.04017689057373151,3.0,3.0,41420.0,51,-0.15857101252800873,0.18533943704499106,0.05663941628162819,low
8030,0.2664947054032039,0.20363833831115935,0.24477328265001358,0.2850936736356232,4.818667360250496,0.0,0.1326530612244897,1.0,1.0,333220.0,51,-0.16062492628188604,0.18493469696446632,0.06011961229566641,low
8040,0.2677557007352996,0.2167367547758461,0.2394172272694331,0.2760903172194213,4.802332584722338,0.0,0.02928539122568969,2.0,2.0,22110.0,51,-0.11986307996077446,0.12693081937483816,0.07910209081184832,low
8060,0.29164077887178985,0.1731044733813876,0.24056856129919357,0.294686186447629,4.730737571061093,0.0,0.10894558301829103,2.0,2.0,5780.0,51,-0.21515240072141564,0.34731207018789945,0.13613057718628527,low
8100,0.2710672028968999,0.203044761072687,0.23239765111061614,0.293490384919797,4.733171196609835,0.0,0.032198688457319574,2.0,2.0,176820.0,51,-0.196671913792561,0.17308248998552234,0.10883565083271127,low
8130,0.2885052842387104,0.1936284380203968,0.2424845173438401,0.2753817603970526,4.78105440081804,0.0,0.109375,1.0,1.0,63630.0,51,-0.12496248461755564,0.25465269119500256,0.1228778625247591,low
8140,0.28089485880916454,0.20620789249772487,0.23141296831412986,0.28148428037898077,4.628158664128877,0.0,0.040449894648145815,2.0,2.0,427580.0,51,-0.14698202691197615,0.17326653238304868,0.13702073046027075,low
8225,0.28346463239739644,0.2066096673270771,0.24223783372999813,0.2676878665455282,4.90622399182055,0.0,0.11436765882982947,5.0,5.0,194670.0,51,-0.08707196554431589,0.1940586584361269,0.11113408792690449,low
8250,0.29128264965822814,0.21911241810484156,0.27508889221769334,0.21451604001923696,4.829433110570218,0.0,0.109375,1.0,1.0,25840.0,51,0.16622484973122548,0.20911234522171254,0.040446373933432145,low
8255,0.26044069021089783,0.22590235905415543,0.24265053210703272,0.27100641862791414,4.947269418474436,0.0,0.125,1.0,1.0,145290.0,51,-0.09593460585807471,0.08728009384395088,0.05002984815859288,low
8256,0.2721114817503138,0.21313180809332768,0.2421001878817577,0.2726565222746009,4.821893169499378,0.0,0.0641025641025641,1.0,1.0,40810.0,51,-0.10599119080408688,0.15176299450566272,0.08263264107912767,low
8300,0.24801530539264766,0.24967815763124016,0.23000107280789586,0.27230546416821627,4.701752283834336,0.0,0.05,1.0,1.0,157400.0,51,-0.10075519875357582,-0.03624061110847596,0.053320437779283046,low
8310,0.27337626112198493,0.21097022475628555,0.21953687156648605,0.29611664255524356,4.636668853047462,0.0,0.0208333333333333,1.0,1.0,26910.0,51,-0.20731898165272195,0.12203981420868591,0.15508894821089683,low
8320,0.26220219678217827,0.22068378712871287,0.23291499071782176,0.28419902537128716,4.614724398792903,0.0,0.0232558139534883,1.0,1.0,116220.0,51,-0.15372066951761668,0.0923979337530597,0.08375143077867826,low
8335,0.2653184991763834,0.23592356738393308,0.24239491043750194,0.25636302300218167,4.808849842499627,0.0,0.0443192303535951,2.0,2.0,9230.0,51,-0.030246331208151508,0.05898513138823508,0.06389609954332959,low
8350,0.3079165970054776,0.21082196800173153,0.2211173306215023,0.2601441043712885,4.616547337442054,0.0,0.06302472014925364,2.0,2.0,21440.0,51,-0.05893901169907619,0.1741156008118948,0.23414814971724737,low
8365,0.27415586117452484,0.20588391001861953,0.24381470978006087,0.27614551902679485,4.73737486036349,0.0,0.10710854517245491,4.0,4.0,56700.0,51,-0.12279261928747211,0.1859490942523691,0.08293530306860945,low
8450,0.28175007185857165,0.22784136850955924,0.23614204089088506,0.25426651874098405,4.808029393999594,0.0,0.088235294117647,1.0,1.0,28020.0,51,-0.02339581342590765,0.10130870379880505,0.12486580563543258,low
8465,0.28128475897302463,0.20436506230472995,0.250156327590433,0.26419385113181243,4.820473864480075,0.0,0.10510398769329121,2.0,2.0,17260.0,51,-0.07179000522276324,0.2129577134815533,0.08293054434172771,low
8500,0.2835461061760755,0.2034205459281912,0.2275941297348025,0.2854392181609307,4.792893792071041,0.0,0.0441176470588235,1.0,1.0,93070.0,51,-0.1650855695661416,0.18142050656718003,0.15542972993200252,low
8510,0.28796544756732484,0.23380621986551062,0.24057345064625452,0.23765488192091003,4.818425004551931,0.0,0.0714285714285714,1.0,1.0,16300.0,51,0.05424204805472203,0.09670611882941751,0.1271484399438434,low
8530,0.25656748955656505,0.21359412488277776,0.22086494781327265,0.30897343774738456,4.665888921022797,0.0,0.0147058823529411,1.0,1.0,45350.0,51,-0.25713598072721516,0.08850331532118162,0.10595311225462943,low
8540,0.27176022883996526,0.19584205955968742,0.23183455074832712,0.30056316085202023,4.615714399863762,0.0,0.0326086956521739,1.0,1.0,67210.0,51,-0.22768416900651833,0.20262469344514913,0.11235657485795182,low
8555,0.2814436998099933,0.1974946347652812,0.22702296966815444,0.2940386957565711,4.819885772810839,0.0,0.20279720279720276,2.0,2.0,550.0,51,-0.20219934720590158,0.2014953490743387,0.15194397246035618,low
8600,0.27432060426398125,0.21122913038270494,0.27661873749865146,0.23783152785466236,4.839248082688269,0.0,0.14311740796547423,3.0,3.0,43440.0,51,0.05057399846692857,0.2168005524852769,-0.005899143140564743,low
8610,0.2691907634699397,0.21611340604475618,0.24713958810068648,0.2675562423846177,4.958710221231336,0.0,0.1046511627906976,1.0,1.0,29820.0,51,-0.08279563512822877,0.14442477353568056,0.060434277687762696,low
8620,0.2611656979634635,0.2179717795514738,0.2673937213569679,0.2534688011280948,4.968006112040297,0.0,0.125,1.0,1.0,121150.0,51,-0.01947961855741062,0.15723521339415963,-0.016664470413570626,low
8630,0.26528961206882506,0.20623314463510634,0.26204521568166106,0.2664320276144075,4.821362117597196,0.0,0.13374363879390838,4.0,4.0,86500.0,51,-0.07996618597339264,0.20058241780028074,0.008700975215051731,low
8640,0.26041696719629004,0.2199279673951455,0.2605170862860154,0.25913797912254904,4.853346832171202,0.0,0.07165552688294578,2.0,2.0,154790.0,51,-0.04440671862019619,0.13813177752214764,-0.0002717998090907249,low
8650,0.2522959192222969,0.21791951582874902,0.24410066487950424,0.2856839000694498,4.823745326004944,0.0,0.07808520423964238,3.0,3.0,155920.0,51,-0.15944933001705186,0.10611670484480733,0.023350065996194918,low
8710,0.2532714427985353,0.23229746849863958,0.24360915778825087,0.27082193091457424,4.830370435430211,0.0,0.049770413611447274,2.0,2.0,63850.0,51,-0.09420592281207063,0.05470096568658495,0.027504107145004498,low
8720,0.26112842385733726,0.20510225421422654,0.25666440324383777,0.2771049186845986,4.828393734102471,0.0,0.075,1.0,1.0,56570.0,51,-0.12612165006380138,0.190147531368069,0.012192588578544081,low
8730,0.27804534026170147,0.19977610394649561,0.24253133627142281,0.27964721952038013,4.817131447899731,0.0,0.04,1.0,1.0,14180.0,51,-0.1398556715481565,0.2141346383597643,0.09662845466031997,low
8740,0.2756421990359388,0.203612178900482,0.2715769723595094,0.2491686497040698,4.848821997933652,0.0,0.1770833333333333,1.0,1.0,551380.0,51,-0.004279197136875244,0.24124005897530357,0.010506219015940364,low
8750,0.2801322231577634,0.2293323354227087,0.2529703433436243,0.2375650980759036,4.841269448462517,0.0,0.125,1.0,1.0,24350.0,51,0.05553564796282402,0.12173538763176257,0.07211743552162006,low
8760,0.28346756696353487,0.22757167611677281,0.2546259485111623,0.2343348084085299,4.837970989572662,0.0,0.06125768188587772,3.0,3.0,68380.0,51,0.07046729458439308,0.13552325245620483,0.07587405294608192,low
8800,0.2748726593132764,0.2237008108971171,0.243057118776273,0.2583694110133334,4.829273276797001,0.0,0.075,1.0,1.0,358640.0,51,-0.041354808869105864,0.11797780325530333,0.08698223821440995,low
8810,0.27888310006969846,0.21296841910234646,0.24615168533994475,0.2619967954880104,4.813636249382716,0.0,0.012266774068584346,2.0,2.0,157260.0,51,-0.05978816523267028,0.16919967796194377,0.0882785656935853,low
8830,0.2766206958764254,0.2264967923036513,0.2596164560925005,0.2372660557274227,4.817778435386918,0.0,0.17,1.0,1.0,5740.0,51,0.056879701591571,0.13733106954885507,0.04486017353671168,low
8850,0.27036419090532315,0.19664396008459176,0.23157791262393865,0.30141393638614655,4.799255609702288,0.0,0.0,1.0,1.0,12510.0,51,-0.23075896682573827,0.19673350766716968,0.10949798313370632,low
8865,0.25688456209810884,0.211595440521899,0.2598975967763284,0.27162240060366377,4.870046404263771,0.0,0.04813742135224207,2.0,2.0,21080.0,51,-0.10093466900516739,0.16312058504436944,-0.008245491289318995,low
8910,0.278923311325546,0.2096495683087862,0.2487557135601828,0.262671406805485,4.82895353258964,0.0,0.0303030303030303,1.0,1.0,7110.0,51,-0.0634698206175824,0.18637897603867953,0.08093935203369997,low
8920,0.26474473802060017,0.20911330049261082,0.24080273175100764,0.28533922973578146,4.751087060888247,0.0,0.0172413793103448,1.0,1.0,38420.0,51,-0.16033475308060685,0.15390623397148367,0.06702527374818716,low
8930,0.26013670550403484,0.22939701747300564,0.24270180064161664,0.2677644763813429,4.856317933711899,0.0,0.0263157894736842,1.0,1.0,87480.0,51,-0.08135682405635376,0.07435524452170061,0.04905464999752757,low
8940,0.27265995818283595,0.21487897871742292,0.24100843120373694,0.27145263189600427,4.86599480426999,0.0,0.0,1.0,1.0,17240.0,51,-0.10052552297994577,0.1440738433945761,0.08725239988286489,low
8950,0.25382910367843003,0.21185631625698365,0.24077071866776245,0.29354386139682387,4.759520845818016,0.0,0.0555555555555555,1.0,1.0,202860.0,51,-0.19331609427838908,0.12602206004991462,0.03734663277967583,low
8990,0.271069523338126,0.21835152143682088,0.24063293028810268,0.2699460249369505,4.824626949444306,0.0,0.0625,1.0,1.0,24020.0,51,-0.09321662266453083,0.12795950607606862,0.08421830569975448,low
9005,0.2643860402635499,0.2414716391450164,0.2647127361119996,0.2294295844794341,4.969882741609291,0.0,0.0,3.0,3.0,8590.0,53,0.0970003528964888,0.07452632646713522,-0.0008732164559682936,low
9030,0.28768215047326195,0.20867784453381183,0.262821989606266,0.2408180153866603,4.942705072213718,0.0,0.22335571625344353,2.0,2.0,124080.0,53,0.03521844056653105,0.22525094763806153,0.06390779403903922,low
9040,0.3046903111050206,0.2381200787331897,0.27885973501444783,0.1783298751473419,4.8657459257160465,0.0,0.3151838998443176,2.0,2.0,33840.0,53,0.36715859465699313,0.16511791657522698,0.06264044991281023,low
9050,0.29590014918924207,0.24763783700056255,0.24746663623097426,0.20899537757922104,4.811533737262284,0.0,0.1458333333333333,1.0,1.0,96900.0,53,0.19812605090694732,0.07240820077226871,0.12639271644328146,low
9110,0.25299315640616077,0.23206670672196253,0.25413619777546564,0.26080393909641114,4.894026568667641,0.0,0.0454545454545454,1.0,1.0,11710.0,53,-0.04995499203392506,0.07233467929596606,-0.0031875641410376533,low
9121,0.28266653023636557,0.23070363927828372,0.23655308844094272,0.25007674204440805,4.753331536968612,0.0,0.1764705882352941,1.0,1.0,361420.0,53,-0.003963236558321085,0.0931510912967796,0.12593232806502297,low
9122,0.2663947517138013,0.2320122525532978,0.2553215885730198,0.2462714071598811,4.787908322667263,0.0,0.1666666666666666,1.0,1.0,145720.0,53,0.015874440867986415,0.09549856440228267,0.030020469728882736,low
9130,0.2647521755390161,0.20077284065084236,0.25571157605431966,0.27876340775582203,4.776433928851341,0.0,0.1911826215464638,3.0,3.0,3390480.0,53,-0.1345433354257734,0.21167515018297095,0.024567752295574678,low
9141,0.26587433259931825,0.22943500950197585,0.25626677928267627,0.24842387861602966,4.868994921909306,0.0,0.173076923076923,1.0,1.0,175660.0,53,0.005615641487752973,0.10532934857615886,0.02602489175281221,low
9210,0.27278692549464323,0.21291687648490903,0.24411956069612895,0.27017663732431885,4.878701515347992,0.0,0.2141422113797804,2.0,2.0,43440.0,53,-0.09525613411566826,0.15699001411263042,0.07851210918104565,low
9240,0.27096698645834205,0.21178182791471845,0.26770494408524803,0.24954624154169144,4.758749273916392,0.0,0.2083333333333333,1.0,1.0,48030.0,53,-0.0033179344351196892,0.19627318321093618,0.008564175514355355,low
9265,0.2769487473200604,0.21209177985868444,0.24103351491475636,0.26992595790649887,4.780420259765902,0.0,0.10501183086999755,2.0,2.0,26510.0,53,-0.0948746759499711,0.161147946287546,0.09821463686920606,low
9300,0.27351134865627225,0.20481411745566164,0.24147624641429352,0.2801982874737727,4.909340575944674,0.0,0.0106382978723404,1.0,1.0,26610.0,53,-0.1403756505162526,0.18530740080720323,0.08808570980101414,low
9310,0.26271911901540435,0.22422235053440326,0.2441121513732463,0.268946379076946,4.9244323444231695,0.0,0.2030362388228351,2.0,2.0,36230.0,53,-0.08723319482880766,0.09938267284403367,0.05194244944562005,low
9330,0.26857034693491255,0.21221708444877102,0.23904167004678073,0.28017089856953575,4.970923793860028,0.0,0.140625,1.0,1.0,7650.0,53,-0.13822885655485276,0.14473679704676767,0.08236025597217424,low
9350,0.25404320843637723,0.24405767346367413,0.25938127012271944,0.24251784797722922,4.658426552288523,0.0,0.125,1.0,1.0,91160.0,53,0.034635840338076214,0.04123075078310009,-0.014704073491993808,low
9365,0.268000797819294,0.21780466724286943,0.24293597500166214,0.2712585599361745,4.847017722096073,0.0,0.0652173913043478,1.0,1.0,111480.0,53,-0.09867806870121251,0.12924757535399162,0.0694322475697691,low
9410,0.30329591008107654,0.20918523865379413,0.27789278302677206,0.20962606823835733,4.848508444587821,0.0,0.3181818181818182,1.0,1.0,25070.0,53,0.18740458256305698,0.2676083706789686,0.06185314966964253,low
9415,0.26325598927793603,0.27475288993131175,0.23752931814374265,0.22446180264700955,4.561740628060756,0.0,0.1388888888888889,1.0,1.0,21240.0,53,0.12071627077568568,-0.0768838739162176,0.07271592078649737,low
9430,0.25954947374941584,0.21657749145931027,0.27715013540077543,0.24672289939049855,4.801407136896199,0.0,0.31083424055481623,2.0,2.0,11810.0,53,0.010582133168757998,0.1745710008190952,-0.04639471112216575,low
9510,0.2690677966101695,0.2097457627118644,0.231395656779661,0.2897907838983051,4.847645665601793,0.0,0.0263157894736842,1.0,1.0,43400.0,53,-0.17969712897333331,0.14178468763987706,0.10665598082463758,low
9570,0.2660025925130935,0.21758121670481917,0.24150803175057023,0.2749081590315171,4.8459318209614235,0.0,0.12762976501070988,3.0,3.0,32910.0,53,-0.11441068765404917,0.12462367082699771,0.06830886599332953,low
9600,0.2602803304557691,0.2242643646152418,0.2420866982270491,0.2733686067019401,4.918885435486688,0.0,0.03125,1.0,1.0,758290.0,53,-0.10640061954033485,0.09202081933827681,0.05123930857114784,low
9610,0.24721607635904846,0.24412326323131056,0.24775940839500235,0.26090125201463865,4.8304714078561,0.0,0.0,1.0,1.0,351960.0,53,-0.04966130095251588,0.011175533756955998,-0.0015523755547581215,low
9620,0.28069961074551836,0.2500305468763638,0.22136012148929113,0.24790972088882682,4.738651577362572,0.0,0.06,1.0,1.0,2729010.0,53,0.005619097637940199,-0.00248631980430343,0.1679337680306215,low
9630,0.25902532565443015,0.20898226788018096,0.24533327357533186,0.28665913289005707,4.614427207250768,0.0,0.0909090909090909,1.0,1.0,60880.0,53,-0.16543643662536156,0.15311132270783007,0.0384017338906193,low
9640,0.2686211079660331,0.2346138293570562,0.2369490497371613,0.2598160129397493,4.8672267108009,0.0,0.1,1.0,1.0,585270.0,53,-0.046428582216645024,0.059304285015070644,0.0887113031993255,low
9645,0.25796761922434586,0.24222954165893493,0.26742844219706813,0.23237439691965112,4.729421148325948,0.0,0.1909090909090909,1.0,1.0,2451430.0,53,0.08271187463343142,0.06610131913700497,-0.025468539929443125,low
9650,0.2674224975622016,0.20514269915476724,0.25651801019490666,0.27091679308812455,4.931010341029503,0.0,0.06736083994967242,3.0,3.0,29550.0,53,-0.09979519844431688,0.19947705988814657,0.02943750462738825,low
9720,0.23901429026867385,0.19683364922102445,0.23855885145337535,0.32559320905692635,4.510199948396864,0.0,0.2321428571428571,1.0,1.0,126050.0,53,-0.3243115029658211,0.15775590654153143,0.0013486686926316592,low
9760,0.2802054339851165,0.2031979689519839,0.253710971618899,0.2628856254440006,4.937992914104144,0.0,0.125,1.0,1.0,12090.0,53,-0.06618099759040709,0.22182468817150316,0.07023501789007307,low
