cps_occ,c1_nonroutine_analytic,c2_nonroutine_interpersonal,c3_routine_cognitive,c4_residual,ln_T,task_filled_share,exposure,n_soc,n_soc_exposure,emp_total,soc_major,z1,z2,z3,exposure_tercile
10,0.3145601250050514,0.2921454261352156,0.2806147877742905,0.11267966108544254,4.960744524482791,0.0,0.35,1.0,1.0,200480.0,11,0.8347800756829072,0.013739463610492329,0.08074619743713701,low
20,0.2757855600863516,0.2712880786759415,0.2742707562026135,0.1786556050350934,4.989956282887855,0.0,0.3846153846153846,1.0,1.0,2984920.0,11,0.36966028474376994,0.011176545224809797,0.0038946223303489113,low
40,0.301278337025198,0.2694405092278135,0.2860192457506591,0.1432619079963294,4.803857096868311,0.0,0.5465116279069767,1.0,1.0,22520.0,11,0.5965234449284822,0.0699731056593369,0.03675218876949716,mid
51,0.314596397583272,0.2986103473961445,0.2723750848904616,0.1144181701301219,4.875884110209718,0.0,0.578125,1.0,1.0,278690.0,11,0.819268834787386,-0.016251723645407445,0.10190146571653844,high
52,0.2901539997957261,0.3114750842629685,0.2655375807165473,0.132833335224758,4.93655809069994,0.0,0.4833333333333333,1.0,1.0,453800.0,11,0.6715166381307177,-0.09408918925910123,0.06268886153335278,mid
60,0.29453348786188566,0.27337444619731854,0.30066553225137505,0.13142653368942084,4.821651594428751,1.0,0.5,1.0,1.0,23190.0,11,0.6832621652270235,0.06928229033339417,-0.014570466160484524,mid
101,0.26820962976638096,0.25535496188472057,0.28075551231100865,0.19567989603788993,4.967936539563141,0.0,0.5,1.0,1.0,224620.0,11,0.2720668647712466,0.0587648649049212,-0.032325635606419635,mid
102,0.274661956049302,0.24001818319569668,0.2557929029711183,0.22952695778388318,5.035523009604034,1.0,0.2727272727272727,1.0,1.0,101230.0,11,0.09600251340756857,0.08102906661012584,0.050326873088023825,low
110,0.3023679467782129,0.2613001735493058,0.2875133499466002,0.1488185297258811,4.929786706232935,0.0,0.5606060606060607,1.0,1.0,485190.0,11,0.5572587240182885,0.09862227986296936,0.03562075076047649,mid
120,0.29693671279738765,0.285429948686052,0.28785569895817137,0.12977763955838903,4.877941645704118,0.0,0.4259259259259259,1.0,1.0,681070.0,11,0.6964309011519624,0.019589821334852216,0.021962537633346567,low
135,0.31802496142502784,0.28903220766030585,0.29803082091447103,0.09491201000019531,4.8342958089798485,0.0,0.4605263157894737,1.0,1.0,15330.0,11,1.0008407773318786,0.051541562064153335,0.045914541784691135,low
136,0.30649101495788755,0.31036383929571976,0.27272931019798924,0.11041583554840351,4.970299292573381,0.0,0.45,1.0,1.0,166530.0,11,0.8540894968288294,-0.0578987373679145,0.08252549510158802,low
137,0.2966633798174668,0.2977076796466374,0.2692553059544962,0.1363736345813995,4.965707660741121,0.0,0.4772727272727273,1.0,1.0,35830.0,11,0.646105436369623,-0.04244394649168317,0.0685455683944625,low
140,0.26823519235343724,0.23961955912737654,0.26870307643613883,0.22344217208304742,4.963683439200464,0.0,0.3484848484848485,1.0,1.0,192270.0,11,0.12617000301052295,0.09282184339528579,-0.0012323356730478967,low
150,0.29454695366472206,0.29661573825377596,0.27154046997389036,0.13729683810761173,4.922750808785736,0.0,0.4714285714285714,1.0,1.0,69310.0,11,0.6395745566641954,-0.03891641791442087,0.057507040519517105,low
160,0.28182670753854716,0.26748455815647626,0.27458278513157697,0.17610594917339964,4.947056312453384,0.0,0.4732142857142857,1.0,1.0,144640.0,11,0.38461620444072225,0.032015440914257336,0.018412755898765547,low
205,0.27148281618153597,0.24418767612978023,0.25207407928907893,0.23225542839960492,4.967101292072528,0.0,0.2448979591836734,1.0,1.0,5220.0,11,0.08315163050843657,0.05623524946957606,0.05245023626597472,low
220,0.28707064348071876,0.25965092600325057,0.28176451316575557,0.17151391735027524,5.001796345429051,0.0,0.4,1.0,1.0,284750.0,11,0.41169256717548797,0.07435169698251984,0.013192256186683241,low
230,0.2981253550047301,0.28987157897407834,0.28355212709315075,0.12845093892804077,4.987700828525561,0.0,0.4683662809144178,3.0,3.0,487130.0,11,0.7065921253519005,0.0024633869066681825,0.035438831647470796,low
300,0.2941922791090247,0.2624955850310372,0.2643725582733735,0.1789395775865646,4.96109484853612,0.0,0.3857142857142857,1.0,1.0,187100.0,11,0.36681445920671296,0.04944880969170263,0.07557150707142556,low
310,0.25453712596402017,0.26896292888913703,0.27630901766656596,0.20019092748027692,4.811533737262284,0.0,0.3958333333333333,1.0,1.0,210680.0,11,0.2476040199993295,-0.011504659948863849,-0.058034491683276734,low
325,0.2589931447989406,0.2719616528599873,0.2781067349199679,0.1909384674211041,4.890349128221754,0.0,0.5357142857142857,1.0,1.0,12710.0,11,0.2986673351417269,-0.010824938773418847,-0.05034839650041604,mid
335,0.278728337782567,0.285149822672343,0.26300831329801777,0.17311352624707238,4.996593746235848,0.8294501397949674,0.39990954443287097,2.0,2.0,21460.0,11,0.4022962771926214,-0.04229706322297882,0.041048939235195765,low
340,0.26887048356179244,0.29156368926342524,0.26549483405065893,0.17407099312412344,4.972725721023036,0.0,0.3804347826086956,1.0,1.0,35920.0,11,0.39626261814656283,-0.07131761522152276,0.008933874761156597,low
350,0.28507956205802193,0.28196245088776645,0.29331006469699067,0.13964792235722104,5.016683632630459,0.0,0.3714285714285714,1.0,1.0,436770.0,11,0.6230761974772794,0.020596444198437397,-0.020125662129973534,low
360,0.2922890827335072,0.24867089520237715,0.28421401940307245,0.17482600266104312,5.01747849257825,0.0,0.5666666666666667,1.0,1.0,74760.0,11,0.39035447159296693,0.12051907304909588,0.01981014666825928,mid
400,0.27810014005857114,0.27299807729658176,0.28206532294700704,0.16683645969784003,4.975422538340511,0.0,0.4523809523809523,1.0,1.0,12750.0,11,0.4412522277548725,0.02089841208996811,-0.010010808324580631,low
410,0.27956629065756106,0.29143150407109086,0.2806708988462225,0.14833130642512563,4.906311278124028,0.0,0.4318181818181818,1.0,1.0,234680.0,11,0.5620164981546105,-0.03232826626065901,-0.002788379520468217,low
420,0.2930853475347771,0.2822936259937024,0.2834879946514899,0.1411330318200305,4.92180408038964,0.0,0.4464285714285714,1.0,1.0,156400.0,11,0.612416384207061,0.017039515380892423,0.023542469566412247,low
425,0.2878147324703466,0.2926089360885709,0.2765289424086134,0.14304738903246925,5.018008048425669,0.0,0.6,1.0,1.0,10320.0,11,0.5986953703994773,-0.02981910182452318,0.028285327273244416,high
426,0.26900733443141484,0.2865502610544834,0.2656973664694816,0.17874503804462022,4.981442769995603,0.0,0.3253105590062111,1.0,1.0,7350.0,11,0.3686754644466912,-0.056636823499035635,0.008754479561245991,low
440,0.2926686836031554,0.2640370287957995,0.2764907507174795,0.16680353688356567,4.968576704379621,0.0,0.4654910240471341,1.0,1.0,497890.0,11,0.44076589172529923,0.06084526717167455,0.040208797970029006,low
500,0.325389574032033,0.2843049243859978,0.2672231155017017,0.1230823860802674,4.714293613006445,0.0,0.3695652173913043,1.0,1.0,12480.0,13,0.7461076257373932,0.029807196726143872,0.1392570478834036,low
510,0.2977355845354152,0.2724509929073249,0.2832814876029356,0.1465319349543242,4.863680881139593,0.0,0.25,1.0,1.0,146340.0,13,0.573994546242919,0.052145285011817984,0.035188980354330816,low
520,0.2843888212792844,0.24884138579285317,0.30405180382770663,0.16271798910015595,4.798266815950004,0.0,0.4,1.0,1.0,146340.0,13,0.4642763491973811,0.13631782241153287,-0.04727412122918485,low
530,0.2942274745040738,0.2749885711600166,0.2943171962385231,0.1364667580973865,4.908602568531104,0.0,0.3684210526315789,1.0,1.0,146340.0,13,0.6459099350498508,0.055338954212136894,-0.00021559229229049817,low
540,0.30665194036624294,0.2520472428832311,0.3052510411813769,0.13604977556914896,4.855242973373364,0.0,0.4903947232102773,2.0,2.0,289570.0,13,0.6458823172725494,0.15824307953050987,0.0032377258289129707,mid
565,0.2829316324846321,0.2381962980088277,0.2932730511712705,0.18559901833526976,4.880830283212547,0.0,0.6136363636363636,1.0,1.0,334340.0,13,0.32580998611597406,0.15518299189196294,-0.025384287166869673,high
600,0.31108489915396853,0.26275217099872283,0.28795342688616116,0.13820950296114753,4.864838511984673,0.0,0.4807692307692308,1.0,1.0,208950.0,13,0.6315530312758917,0.10632503097170973,0.0546360958172992,mid
630,0.2910493389342058,0.2845204824184965,0.3069538676734274,0.11747631097387033,4.872848023580649,0.0,0.5770354110934351,3.0,3.0,805080.0,13,0.7945163589732182,0.040245026537112365,-0.037621379928028435,high
640,0.32877205447010066,0.25830669034931913,0.29525162818235645,0.11766962699822381,4.812184355372417,0.0,0.4736842105263157,1.0,1.0,87750.0,13,0.7891504817009168,0.153051236637478,0.07603992798009174,low
650,0.30266714864705646,0.2862263160563305,0.27219003548100346,0.13891649981560963,4.898884030671591,0.0,0.5921052631578947,1.0,1.0,336030.0,13,0.6276657336591036,0.002273346537923074,0.07504750555255191,high
700,0.2884960166194327,0.2748031349270139,0.2902589821723099,0.14644186628124364,4.918666193332852,0.0,0.4545454545454546,1.0,1.0,189320.0,13,0.5749323885729292,0.04219038219938312,-0.004307898007909302,low
710,0.31190392271230566,0.28059625143869527,0.28686776688510923,0.12063205896388993,4.94847616218787,0.0,0.5,1.0,1.0,768450.0,13,0.7679907918066831,0.05220799588537732,0.05916633496046366,mid
725,0.2728522896855916,0.267366823370022,0.2706774576366146,0.1891034293077718,5.010501951873243,0.0,0.3648648648648649,1.0,1.0,98150.0,13,0.30934362724777714,0.013315153753048132,0.005658739763977684,low
726,0.30775622629315325,0.29966223754164323,0.27045617166642305,0.12212536449878052,4.90468201019345,0.0,0.4903846153846154,1.0,1.0,82080.0,13,0.7554425435058496,-0.030983545328340772,0.09135673840864864,mid
735,0.3262076132558408,0.2585889688618606,0.3062237789153612,0.1089796389669373,4.88302916949111,0.0,0.576923076923077,1.0,1.0,727540.0,13,0.8641798392203979,0.16385884124920594,0.04470179928858694,high
750,0.30093160682590336,0.2635404977103333,0.3005188161055479,0.13500907935821554,4.8613506395050115,0.0,0.5379899336046262,1.0,1.0,1030330.0,13,0.655458353990927,0.10776909457277073,0.000970610884208814,mid
800,0.3003239256320279,0.2689471265174759,0.3122410542007768,0.1184878936497193,4.878017769481417,0.0,0.52,1.0,1.0,1318550.0,13,0.7848267383048938,0.10598433202782163,-0.02751625065945358,mid
810,0.310985397147239,0.22842485521907535,0.2898889871506703,0.17070076048301538,4.870774956440101,0.5,0.5178571428571428,2.0,2.0,58340.0,13,0.4101251064799624,0.22324217311695663,0.04967277338538681,mid
820,0.31487278756864134,0.23754469401947984,0.33078867193601047,0.11679384647586831,4.774912960575186,0.0,0.64,1.0,1.0,47440.0,13,0.79177038321806,0.25023041878702496,-0.034868149448673766,high
830,0.32537915510151827,0.25069433997074786,0.30801063354238606,0.11591587138534783,4.715727176552735,0.0,0.5555555555555556,1.0,1.0,68770.0,13,0.8027379486268077,0.19051175276462037,0.038789634055103904,mid
850,0.3253295218385574,0.287529511181086,0.2914992303567116,0.095641736623645,4.871143315277656,0.0,0.6710526315789473,1.0,1.0,263030.0,13,0.9928616221886717,0.05602184814614689,0.07764118478017848,high
860,0.3195546340253336,0.2619578222636703,0.3053218911651515,0.1131656525458445,4.779795536147575,0.0,0.5,1.0,1.0,107690.0,13,0.8284746215987969,0.1436739408904941,0.03221695645670593,mid
900,0.3221906939585113,0.2733298437973497,0.2946747844293231,0.1098046778148158,4.820604094232248,0.0,0.5757575757575758,1.0,1.0,60750.0,13,0.8589776316989707,0.09783969945275764,0.06312431681624345,high
910,0.31166890248755474,0.26453665441373175,0.29624243588096594,0.1275520072177475,4.820648494717453,0.0,0.6515494198854457,2.0,2.0,371400.0,13,0.7117362957800578,0.11315006767353389,0.03589504193016426,high
930,0.30116208990452964,0.27079413048537526,0.29368777908824684,0.13435600052184823,4.855150391255861,0.0,0.6774193548387096,1.0,1.0,52270.0,13,0.6610792580219127,0.07652537432134492,0.017770581466415327,high
940,0.2974454093246775,0.2486334285381005,0.3136144357067539,0.140306726430468,4.813159489530624,0.0,0.625,1.0,1.0,83190.0,13,0.614266587955776,0.16796794374264887,-0.03742971427639556,high
960,0.32049975872333447,0.25570787726608957,0.2983354883301599,0.12545687568041605,4.8536314084545715,0.0,0.5924447174447174,1.0,1.0,123200.0,13,0.7263786996738933,0.1551461077601112,0.050673301699336835,high
1005,0.3232065724849047,0.2289994226657752,0.2870432476145894,0.1607507572347307,4.888467660122048,0.0,0.5,1.0,1.0,30840.0,15,0.4711405719566211,0.23289976692399217,0.08390442030550356,mid
1006,0.32309929468557624,0.24015807748236712,0.29496255799306886,0.14178006983898783,4.755915072680517,0.0,0.4705882352941176,1.0,1.0,505150.0,15,0.6013894946527563,0.20502775819952973,0.06442539236287219,low
1007,0.30814380044020545,0.22408835835101426,0.31327953044754225,0.15448831076123812,4.813646700258897,0.0,0.5434782608695652,1.0,1.0,157220.0,15,0.5107666407446606,0.26682355335424635,-0.011687981497981116,mid
1010,0.3209450202192275,0.2315528011676903,0.2989435366782731,0.1485586419348091,4.814944769563347,0.0,0.6833333333333333,1.0,1.0,152610.0,15,0.5523490253373883,0.23756322637487992,0.05021527070391927,high
1021,0.33219654083895533,0.21739906376214763,0.30912354233701717,0.14128085306187993,4.758234561714928,1.0,0.4473684210526315,1.0,1.0,1364180.0,15,0.5972553255775097,0.3168000440068969,0.05090162884250749,low
1022,0.32363256166871157,0.24465661841469927,0.30539255844450763,0.12631826147208153,4.818425004551931,0.0,0.6140350877192982,1.0,1.0,190120.0,15,0.7172562916244992,0.20473467619041508,0.04101981409883874,high
1031,0.32420844366677093,0.24082810260021634,0.29687808768948304,0.13808536604352972,4.788407989566399,0.0,0.6346153846153847,1.0,1.0,84820.0,15,0.6279190442781194,0.20679466280672593,0.06227141398965861,high
1032,0.3222046684066063,0.256020470519468,0.2908792145337418,0.1308956465401838,4.7736463359599925,0.0,0.6833333333333333,1.0,1.0,82380.0,15,0.684203725719424,0.14598153065370312,0.07232206778500336,high
1050,0.2778880169606829,0.2188694685547931,0.2867067701432763,0.21653574434124764,4.803786814617213,0.0,0.6394668212828138,2.0,2.0,830510.0,15,0.1561405745594891,0.20768699593453172,-0.02209126798440216,high
1065,0.3083119677589665,0.22794741701637705,0.3004575183951379,0.16328309682951864,4.81179145174998,0.0,0.5970653335027225,2.0,2.0,136310.0,15,0.45584027939154037,0.23604449790857676,0.018247440928995735,high
1105,0.29573552564648126,0.20622396634435505,0.28695276887366816,0.21108773913549556,4.811208269399362,0.0,0.5135135135135136,1.0,1.0,316760.0,15,0.1792454263091246,0.2820414371704468,0.021317803372991058,mid
1106,0.3090553515796204,0.2376793040919304,0.2840006758514835,0.1692646684769657,4.871603085400698,0.0,0.5546875,1.0,1.0,168830.0,15,0.4211852736350574,0.17989559047426504,0.05978147608929125,mid
1108,0.30672159521034664,0.2545624489383766,0.2933046564113559,0.14541129943992098,4.903324777406474,0.0,0.5969636725035986,1.0,1.0,370190.0,15,0.5796595813980352,0.13392991877765634,0.03162791642730021,high
1200,0.34579759862778736,0.26452518322158114,0.28991111804147823,0.09976610010915331,4.811777768662202,0.0,0.537037037037037,1.0,1.0,23040.0,15,0.9482629251846386,0.14678775508721614,0.12464824763962101,mid
1210,0.33578841309823676,0.25207556675062975,0.29340050377833754,0.11873551637279593,4.750654852730072,0.0,0.6904761904761905,1.0,1.0,1770.0,15,0.7785722324052591,0.1790421868398896,0.09541886708593839,high
1220,0.345181879084894,0.2616876542570564,0.2901633080949455,0.102967158563104,4.790237968450072,0.0,0.6290322580645161,1.0,1.0,98700.0,15,0.9175356501151468,0.15522093706878617,0.1227732307532799,high
1230,0.3358874423539975,0.2630188140227727,0.2989633922376852,0.1021303513855446,4.743278588105721,0.0,0.7105263157894737,1.0,1.0,31370.0,15,0.9268125790783078,0.15213213780415488,0.08234610531077619,high
1240,0.3235991123063997,0.24956251521510303,0.30876026620046443,0.1180781062780328,4.809249560501382,0.0,0.595781036834925,2.0,2.0,109950.0,15,0.7845442653409618,0.1929592438798451,0.03319180709807636,high
1305,0.29009089417021255,0.26566707042975674,0.27464254758684864,0.16959948781318201,4.95378271583678,0.0,0.4302325581395348,1.0,1.0,100400.0,17,0.42365660424462975,0.04947026528301273,0.03869562440883845,low
1306,0.29353626574883956,0.26441243548438026,0.26473023889241437,0.17732105987436572,4.955333978311167,0.0,0.3684210526315789,1.0,1.0,17430.0,17,0.37652957656113045,0.043148682946388406,0.07303695590868899,low
1310,0.27539151058658334,0.23277279088394442,0.2706316773499851,0.22120402117948715,4.965524551831831,0.0,0.4390327683615819,2.0,2.0,59000.0,17,0.13618509815161348,0.1301605244538723,0.012328398103089385,low
1320,0.3049886063937884,0.2190373490298547,0.2926199211094893,0.1833541234668676,4.888467660122048,0.0,0.5178571428571428,1.0,1.0,56640.0,17,0.3331695269412549,0.2533852094788049,0.02927411501047133,mid
1330,0.28259241483700503,0.23710754349786664,0.26972632866930024,0.21057371299582822,4.96298448062025,0.0,0.3333333333333333,1.0,1.0,1120.0,17,0.19064682314101591,0.1242650070700915,0.032949607510986904,low
1340,0.30590003757985723,0.23524990605035703,0.28072153325817367,0.17812852311161212,4.927978060415247,0.0,0.5384615384615384,1.0,1.0,17190.0,17,0.36770109502101755,0.1793536022061426,0.06073706486422614,mid
1350,0.3040342620330453,0.234509650540277,0.2883026097092786,0.1731534777173991,4.908750213592645,0.0,0.3461538461538461,1.0,1.0,24180.0,17,0.3972495274267424,0.1903080328019105,0.03756840116694,low
1360,0.293883003710977,0.2611106836926544,0.2739790913193911,0.1710272212769774,4.908602568531104,0.0,0.375,1.0,1.0,304310.0,17,0.41445369986853603,0.06790995991348968,0.04958936119583233,low
1400,0.30924162243855147,0.22819773931256904,0.28011487298618093,0.18244576526269862,4.904311351528766,0.0,0.3181818181818182,1.0,1.0,73750.0,17,0.3406875738424418,0.20775659119497805,0.0699492240107284,low
1410,0.2933654916292882,0.2171351990652178,0.2731924473454524,0.21630686196004162,4.86398230606693,0.0,0.4458939745958753,2.0,2.0,293190.0,17,0.1564682022212618,0.21659830733245983,0.05037623954327865,low
1420,0.2892349466834373,0.2495083093934998,0.2744556191882069,0.1868011247348561,4.945705585343674,0.0,0.5,1.0,1.0,42660.0,17,0.3208299273683057,0.09922248270788575,0.03708757601206901,mid
1430,0.29057516732262073,0.21608776432391819,0.2755200794366887,0.21781698891677248,4.873694076531939,0.0,0.5991083431069942,2.0,2.0,316820.0,17,0.1487375005547199,0.2201085032328784,0.037619342808674565,high
1440,0.2945673834988238,0.22935691682960496,0.26370505413258927,0.21237064553898205,4.874128049441593,0.0,0.4035087719298245,1.0,1.0,7380.0,17,0.17915732916837676,0.15912713491888097,0.07826012061738685,low
1450,0.2896692056568799,0.2400410946085227,0.2715323603450301,0.1987573393895672,4.96109484853612,0.0,0.3170731707317073,1.0,1.0,21530.0,17,0.25327692917281036,0.1270471343997061,0.04572030721790573,low
1460,0.28706258576887816,0.22973486492916917,0.28813607102142347,0.19506647828052914,4.825991041932656,0.0,0.3720930232558139,1.0,1.0,278240.0,17,0.27136552021811416,0.18341833598693766,-0.002639330164993367,low
1500,0.29705925118513715,0.24715201001527246,0.29353658121579557,0.16225215758379483,4.929280615053424,0.0,0.5,1.0,1.0,7370.0,17,0.46721565339295335,0.14530648404609015,0.008435323198665136,mid
1510,0.2953161273798531,0.2219730720832377,0.2798188752269806,0.2028919253099286,4.856862320706717,0.0,0.475,1.0,1.0,12670.0,17,0.22710784398271713,0.21109570546596326,0.038115799884349516,low
1520,0.3211314197516946,0.24764354226203938,0.2892484138142722,0.14197662417199394,4.885525483053412,0.0,0.4305555555555555,1.0,1.0,22100.0,17,0.6016392318958461,0.16948654915204775,0.07393831255995835,low
1530,0.28951755193051726,0.22858123783363532,0.2729793527488628,0.20892185748698464,4.894737975759549,0.0,0.4461732967325073,1.0,1.0,151940.0,17,0.1973449255853577,0.16894487459891896,0.041591852745622535,low
1541,0.30990816549014744,0.23272637076658115,0.28076116026332165,0.17660430347994982,4.777862193806203,0.0,0.52,1.0,1.0,101310.0,17,0.375828691592115,0.19353156344384084,0.06984211679952411,mid
1545,0.29654333256037535,0.2070406106635573,0.28482241306961414,0.21159364370645312,4.773723849310905,0.0,0.4727585319083687,2.0,2.0,68590.0,17,0.1769495461107279,0.27688595515969067,0.028515835041017897,low
1551,0.27386271408508833,0.21557256940885783,0.26933517629559056,0.24122954021046333,4.896943876343125,0.0,0.330188679245283,1.0,1.0,101450.0,17,0.03597884182843421,0.18860595252701456,0.011787699730134316,low
1555,0.2794060892643164,0.2174080511520363,0.26845036902863634,0.23473549055501092,4.862718188521973,0.0,0.36429153996259267,7.0,7.0,277380.0,17,0.06689479739301306,0.18852100847256778,0.028284404980847697,low
1560,0.2808822457419492,0.2155756968826855,0.2816571987009792,0.2218848586743861,4.779459571084781,0.0,0.5106382978723404,1.0,1.0,56070.0,17,0.12859397100065598,0.2171889201879918,-0.0019482183675772278,mid
1600,0.29329033631318124,0.23960758805695717,0.27917443259668157,0.18792764303318002,4.938645705201972,0.0,0.593862408540324,3.0,3.0,31910.0,19,0.3128751527130212,0.14492599954878038,0.03487891484075701,high
1610,0.29727675485886773,0.232128822739112,0.2885719420399218,0.18202248036209853,4.9555582175491395,0.0,0.4395943034366742,4.0,4.0,117460.0,19,0.34482529298288284,0.18984483831168317,0.02101459041417214,low
1640,0.28107438020214637,0.2423688570765508,0.2733008978529568,0.203255864868346,4.953615228030701,0.0,0.49654468731092216,2.0,2.0,32050.0,19,0.22985950105799705,0.10952124801283852,0.019831484525868307,mid
1650,0.3163738517302591,0.23161092873032607,0.27876048295387534,0.17325473658553944,4.850143209308347,0.0,0.5674467526819108,2.0,2.0,116730.0,19,0.39492130171742357,0.20296457858686281,0.08949967932127348,mid
1700,0.31635287137611323,0.23151064645462163,0.2912980874624502,0.16083839470681507,4.86775657742768,0.0,0.617504271070615,2.0,2.0,21950.0,19,0.47187730319295157,0.22125165014453296,0.058344210456380864,high
1710,0.30838204265698715,0.25929252725658725,0.29271427931712996,0.13961115076929562,4.8513268916113015,0.0,0.6086956521739131,1.0,1.0,8520.0,19,0.6212029296626715,0.12027919051750259,0.03687026953393072,high
1720,0.2845826207653481,0.2107834251034505,0.287811474303903,0.21682247982729835,4.902325452986138,0.0,0.40898550610134277,2.0,2.0,87290.0,19,0.15210974280698664,0.24971197071813467,-0.007977610075287439,low
1745,0.3064449282472269,0.2381664848216255,0.283416809664627,0.1719717772665207,4.886733577431695,0.0,0.7258064516129032,1.0,1.0,76890.0,19,0.4049925976556708,0.1739206340582895,0.0552387716301769,high
1750,0.29812270956627257,0.2433267456956631,0.279837736621209,0.17871280811685547,4.925613567721211,0.0,0.4891635658484209,2.0,2.0,30010.0,19,0.366265235603376,0.1399902807098327,0.044756504519863356,mid
1760,0.31448914428797253,0.23675855329229126,0.30572531288139104,0.14302698953834514,4.841506331088285,0.0,0.4456521739130434,1.0,1.0,19680.0,19,0.5922393805120176,0.22027235244469426,0.019984626400520095,low
1800,0.34587619008023957,0.25112543133912607,0.29494699205920266,0.10805138652143181,4.764308407326388,0.0,0.4583333333333333,1.0,1.0,15640.0,19,0.8692032339557355,0.19635577206928437,0.1126316638882347,low
1815,0.32173724791420344,0.25626627143388453,0.3107639871882408,0.11123249346367131,4.869225327808716,0.0,0.84375,1.0,1.0,8850.0,19,0.844120255286361,0.1716010040126084,0.024537645974844317,high
1821,0.31876549962032175,0.28745230547499706,0.29306708511484836,0.10071510978983302,4.833181868699161,0.0,0.5092592592592592,1.0,1.0,58100.0,19,0.9436867249750922,0.050109766414477085,0.059435280172965434,mid
1822,0.30802526113779416,0.28907419285867014,0.28520992714737925,0.11769061885615643,4.725439018379036,0.0,0.5810810810810811,1.0,1.0,57110.0,19,0.7926767321299211,0.02042896334824524,0.054416322071190175,high
1825,0.31046330752055434,0.2646632068073528,0.2974780966900165,0.12739538898207634,4.910609708607472,0.9576682859125607,0.29474791535860234,2.0,2.0,14410.0,19,0.7130211658031185,0.11287661878072495,0.030211225225786217,low
1830,0.33492993630573253,0.26107643312101914,0.29618471337579616,0.10780891719745221,4.807947751349428,0.0,0.6153846153846154,1.0,1.0,2640.0,19,0.8742921194186658,0.15320669692797728,0.08693034524189111,high
1840,0.3272362889113181,0.29004262364123523,0.27765780549968416,0.10506328194776238,4.916104810250022,0.0,0.5795454545454546,1.0,1.0,38940.0,19,0.9016511701445755,0.031441717913918074,0.11617274106085337,high
1860,0.31549585114996315,0.2681506920981864,0.2864856607676247,0.12986779598422568,4.894855632826347,0.0,0.6129595231511034,5.0,5.0,50980.0,19,0.6939265799406047,0.09338100101911986,0.06820543173693357,high
1900,0.2789314357475478,0.21914530923941705,0.2689691484022168,0.23295410661081836,4.950062124878892,0.0,0.2213744804418379,2.0,2.0,25090.0,19,0.07585611961906157,0.18211655770306998,0.025716991767641504,low
1910,0.2956206506350916,0.1917969230558284,0.3001530740304708,0.2124293522786092,4.79214755431824,0.0,0.2666666666666666,1.0,1.0,76150.0,19,0.16569327402977477,0.3594607411065042,-0.010759014762066844,low
1920,0.27436804574604196,0.19823284826889945,0.28530237078002096,0.24209673520503766,4.882044059723269,0.0,0.3928571428571428,1.0,1.0,57690.0,19,0.025822051747592185,0.2813383177019374,-0.027633118007072882,low
1935,0.27136478142029685,0.23005262482719496,0.28391406830202254,0.21466852545048573,4.881535170499289,0.0,0.39727439587415264,2.0,2.0,43320.0,19,0.16834332556647633,0.15330515959219793,-0.031966631149985304,low
1940,0.26819640026674146,0.20158761502870376,0.27925461293596754,0.25096137176858724,4.860199926164623,0.0,0.25,1.0,1.0,5360.0,19,-0.013229832222693211,0.24960108762434252,-0.028570230814702644,low
1950,0.3102078407031022,0.246799147729964,0.3250389539139056,0.1179540576530282,4.748491005432314,0.0,0.6212121212121212,1.0,1.0,28690.0,19,0.7848721200109853,0.20577260388581609,-0.03302365914184193,high
1970,0.27940626875082863,0.21854105525009643,0.2783437616060939,0.22370891439298105,4.868610228812154,0.0,0.38923330345437557,3.0,3.0,109690.0,19,0.120510473453835,0.19905206840610085,0.0026940632004877805,low
1980,0.28687460828367356,0.2530736632730939,0.27165623490025953,0.18839549354297305,4.981721819862415,0.0,0.36725014777555953,2.0,2.0,128090.0,19,0.312240528440343,0.08010706293634068,0.038542828402177036,low
2001,0.28922827178161786,0.26093085844885405,0.28252985026806504,0.16731101950146313,4.980588372743959,0.0,0.2888888888888889,1.0,1.0,0.0,21,0.4375427359254103,0.07450103849382378,0.016568950433561776,low
2002,0.31046357111218015,0.3002900593931139,0.27192234600418186,0.11732402349052423,4.906015244966153,0.0,0.3245614035087719,1.0,1.0,296370.0,21,0.7948708400026206,-0.026909539215251143,0.09372703091211348,low
2003,0.32646070078898776,0.28683400137750187,0.27661009098508277,0.11009520684842772,4.81210305125432,0.0,0.2777777777777778,1.0,1.0,54800.0,21,0.8561485596858686,0.03801247398480311,0.11716807133419307,low
2004,0.3082743094462206,0.2868098317176722,0.2777635001079392,0.127152358728168,4.820200917191751,0.0,0.2647058823529412,1.0,1.0,0.0,21,0.7160359514231321,0.016379434384828882,0.0736946468918587,low
2005,0.28570861216465776,0.28344486586310297,0.28680077046803953,0.14404575150419982,4.914858338702487,0.0,0.4677419354838709,1.0,1.0,90310.0,21,0.5918951577399427,0.008052694612325191,-0.0026978544027325534,low
2011,0.29062527815252626,0.29012264017578365,0.2891787977527894,0.13007328391890072,4.9362708788073935,0.0,0.3,1.0,1.0,340050.0,21,0.6942895628647189,-0.0006236212700094152,0.0035281511944754754,low
2012,0.2873344460321082,0.3030448121420252,0.2776788823381084,0.13194185948775836,4.871832891215797,0.0,0.421875,1.0,1.0,173860.0,21,0.6795149365108999,-0.05741978640379654,0.02416997605824375,low
2013,0.3090766823161189,0.282472613458529,0.2797339593114241,0.128716744913928,4.916324614625014,0.0,0.3541666666666666,1.0,1.0,113810.0,21,0.7038382950711531,0.03276813491703882,0.07053418622267707,low
2015,0.29037755596331805,0.26116802842950043,0.28090935399852085,0.16754506160866073,4.930725910867953,0.0,0.4473684210526315,1.0,1.0,92140.0,21,0.4360787191742972,0.07302992510449721,0.02344056128500191,low
2016,0.28416259065609717,0.28173385056501943,0.28645640074211504,0.14764715803676842,4.868841288478369,0.0,0.375,1.0,1.0,398380.0,21,0.5668481740275412,0.010290819329366596,-0.005684975185674402,low
2025,0.28793580411471603,0.26854741568022994,0.2719642330550475,0.1715525471500066,5.012749133819962,0.0,0.42022447601658486,2.0,2.0,116840.0,21,0.41187208542547743,0.03362052384212676,0.04035245658783263,low
2040,0.2910125720696429,0.2996911423173789,0.2602066119942584,0.1490896736187198,4.86221262230776,0.0,0.238095238095238,1.0,1.0,50790.0,21,0.5553968084109755,-0.06967262947900597,0.07911852583520815,low
2050,0.29206507608739357,0.30031247326039195,0.26418062624548583,0.14344182440672862,4.96298448062025,0.0,0.4545454545454546,1.0,1.0,21000.0,21,0.5948568474090989,-0.06370196913084432,0.07095362673790416,low
2100,0.32075249749618245,0.26457023936605867,0.2897238489859952,0.12495341415176381,4.887261660126628,0.0,0.475,1.0,1.0,681010.0,23,0.7314686819231677,0.11569122612166603,0.071942150865375,low
2105,0.3538318168015665,0.2216056040124394,0.2945666628273458,0.1299959163586484,4.569646629919045,0.0,0.4482758620689655,1.0,1.0,14800.0,23,0.6791709470674708,0.30721849669423557,0.12962424807354678,low
2110,0.33958891164090804,0.2500912574179775,0.28720474965441295,0.12311508128670154,4.765989481789091,0.0,0.29527585498951936,3.0,3.0,48950.0,23,0.7420101167606578,0.18137631192626316,0.11846897264772197,low
2145,0.30189218457369055,0.23430625116901863,0.3237625661975608,0.14003899805973014,4.763284429081783,0.0,0.45,1.0,1.0,336250.0,23,0.612264538544736,0.23548672807488247,-0.049455386174014855,low
2170,0.3081723326256773,0.2193396705239428,0.3197979020313696,0.1526900948190103,4.7666085318656215,0.0,0.5535714285714285,1.0,1.0,51040.0,23,0.5206945679379862,0.2927570200440574,-0.026184229242119054,mid
2205,0.3037525435945352,0.2679654769146399,0.2705741849782744,0.1577077945125505,4.892794751156269,0.0,0.45372437728217013,35.0,35.0,1125390.0,25,0.4980760584269933,0.05513122540027097,0.08178896008241901,low
2300,0.2896193455861613,0.28770815666146426,0.2545669073934226,0.16810559035895198,4.751322556093047,0.0,0.3068160451034356,2.0,2.0,512400.0,25,0.4319448612738052,-0.047259673163744666,0.09121943383285784,low
2310,0.30775701152748897,0.28212746864487953,0.2675652695394727,0.14255025028815882,4.885637777817766,0.0,0.3200981344050223,3.0,3.0,1933120.0,25,0.601007010182491,0.013862524792354967,0.09895748200219477,low
2320,0.3012232742152317,0.26706775442306097,0.2783927902627054,0.15331618109900175,4.890401174144134,0.0,0.34066371795866635,2.0,2.0,1104600.0,25,0.5273748839468076,0.06608724120760305,0.05573326093623687,low
2330,0.2997771088357377,0.2783929260016693,0.27166414654174564,0.15016581862084732,4.896816709733047,0.0,0.2926540336505464,5.0,5.0,283890.0,25,0.5488923486874755,0.020224105363222965,0.06963069977051017,low
2350,0.30256435594644004,0.28827511240673953,0.27831908691140866,0.13084144473541182,4.777693900301935,0.0,0.3714285714285714,1.0,1.0,147100.0,25,0.6879182709995925,0.005401819201024944,0.05906162539579015,low
2360,0.2819311848418708,0.267188996491005,0.2778152992237783,0.17306451944334597,4.719791265667003,0.5948331983677099,0.20635592505313782,3.0,3.0,629790.0,25,0.40286992797985016,0.037847473179891365,0.010399075898685276,low
2400,0.28511239474093025,0.2380277419518045,0.276265204713478,0.20059465859378733,4.879361385065565,0.0,0.4046619969030049,3.0,3.0,28110.0,25,0.2432876804160971,0.1345056874030867,0.02228954655280635,low
2435,0.2892594253635266,0.2593740447455146,0.2984744934501617,0.1528920364407971,4.852967324740957,0.0,0.5,1.0,1.0,127790.0,25,0.5297429921891518,0.10184407416654055,-0.022175242741644,mid
2440,0.2723157435781522,0.23166946427887689,0.3084216155994363,0.18759317654353475,4.724818148253987,0.0,0.5288461538461539,1.0,1.0,73000.0,25,0.3120331635962818,0.1828163107810238,-0.08803869302088652,mid
2545,0.2963656085919237,0.2595121779270366,0.2831534269797042,0.1609687865013354,4.785072151263279,0.0,0.3636363636363636,3.0,3.0,121290.0,25,0.4771092608745729,0.08980461854203013,0.03224757700760013,low
2555,0.300192176003597,0.27531563842568213,0.28926669755114703,0.13522548801957388,4.926199255034551,0.0,0.5256543475293476,2.0,2.0,195360.0,25,0.6549632243111431,0.05549544225465054,0.026215110481792005,mid
2600,0.3067502134613965,0.2472295290088666,0.27621622298776716,0.1698040345419697,4.832240398725931,0.0,0.41790871956331554,4.0,4.0,75680.0,27,0.4196181251358052,0.13332711897440078,0.0741400073031688,low
2631,0.29068876863601206,0.22433579852574256,0.28002996791429235,0.20494546492395305,4.816484041548723,0.0,0.4137931034482758,1.0,1.0,27940.0,27,0.21710161924358554,0.19631098214879508,0.02641506666452437,low
2632,0.29732304310314256,0.27397856070723675,0.25861412818664237,0.17008426800297832,4.9691881041820825,0.0,0.375,1.0,1.0,19310.0,27,0.41982722429052677,0.009821073031811216,0.0986287647227966,low
2633,0.28485828531880375,0.22099621980150336,0.3022106200814987,0.19193487479819427,4.662684092188698,0.0,0.2666666666666666,1.0,1.0,36000.0,27,0.28572869622963976,0.2314052601180027,-0.041812906655556814,low
2634,0.31642177247943815,0.24551587401601266,0.27959103090791476,0.15847132259663452,4.788574489733284,0.0,0.4107142857142857,1.0,1.0,204040.0,27,0.48989459056777906,0.15663701763819682,0.08750313136384091,low
2635,0.29184976666568113,0.26858990711320724,0.2666770263849649,0.17288329983614684,4.944068049824143,0.0,0.3620689655172414,1.0,1.0,61970.0,27,0.4034560540464353,0.030988512850572532,0.0637816574241091,low
2636,0.29693046565044895,0.26359749865371307,0.22859403677286763,0.21087799892297043,4.81834420626481,0.0,0.2682926829268293,1.0,1.0,159790.0,27,0.18649270519844313,-0.00955340708089851,0.18494400760895532,low
2640,0.3003793012895773,0.2487962100488346,0.2576139935209075,0.1932104951406806,4.8059863254182105,0.0,0.358695652173913,1.0,1.0,6850.0,27,0.2834217459786514,0.091137378354235,0.10860007451741677,low
2700,0.2739283572915694,0.2903973220607598,0.2237320614528001,0.2119422591948707,4.577182149447922,0.0,0.15625,1.0,1.0,30100.0,27,0.18060215580411793,-0.1303064605703371,0.1431307308759153,low
2710,0.29917977037558785,0.25020101572587516,0.27932817660041637,0.17129103729812073,4.899480244730094,0.0,0.4787234042553191,1.0,1.0,138250.0,27,0.4115365400347446,0.11794401985548422,0.048548028723727384,low
2721,0.28333320898584674,0.25023688196190486,0.23161460237404224,0.23481530667820616,4.903346995532514,0.0,0.0,1.0,1.0,12320.0,27,0.06862055759127719,0.019139668410088868,0.1425165432008155,low
2722,0.28423819979418136,0.27595961952695025,0.2650187278401114,0.17478345283875724,4.935121205619039,0.0,0.1444444444444444,1.0,1.0,193740.0,27,0.39237425075743365,-0.004448267260314558,0.049506047439272234,low
2723,0.29588204021584485,0.28111106827764337,0.24996974263759925,0.17303714886891253,4.690889061390629,0.0,0.1666666666666666,1.0,1.0,9620.0,27,0.4011232449894257,-0.02702561258778517,0.11923303913271088,low
2740,0.29207922537497427,0.2930088049819236,0.21773489615693079,0.1971770734861714,4.733452034646406,0.0,0.10770620748299314,2.0,2.0,7840.0,27,0.2564011013900766,-0.12251612195471807,0.20771037908449888,low
2751,0.29426809375657503,0.28429371769507755,0.26615616122521313,0.15528202732313443,4.802790780071216,0.0,0.2807017543859649,1.0,1.0,9560.0,27,0.5146654397309787,-0.012835896892550927,0.07099919646176595,low
2752,0.3030807452530574,0.2630823848953302,0.2440839211688511,0.1897529486827613,4.69125613490122,0.0,0.1326530612244897,1.0,1.0,24080.0,27,0.302187938863037,0.027179903165186543,0.1530795322401171,low
2805,0.2937480124957144,0.2436402381344944,0.2681736384483313,0.1944381109214599,4.953923839178814,0.0,0.5375,1.0,1.0,24580.0,27,0.27704381536296735,0.11552265892295063,0.06440867667920945,mid
2810,0.31586732184551286,0.25547778926766057,0.27522030381975615,0.15343458506707053,4.786324395030039,0.0,0.6333333333333333,1.0,1.0,39080.0,27,0.5242937003393806,0.11701342682722143,0.09740422504271082,high
2825,0.31198524755472284,0.30876288564069326,0.26862969765286815,0.11062216915171583,4.89836205161347,0.0,0.7878787878787878,1.0,1.0,242710.0,27,0.8517365121758852,-0.05260585330648206,0.10579877368724179,high
2830,0.3080192553821467,0.260874133221265,0.2859557966723338,0.1451508147242545,4.797359561980396,0.0,0.6470588235294118,1.0,1.0,88780.0,27,0.5821762456292658,0.10529680943563285,0.05255575161101438,high
2840,0.3133061423061315,0.22962328746503277,0.2919290335865784,0.16514153664225736,4.772208885917529,0.0,0.6333333333333333,1.0,1.0,47620.0,27,0.4444797192833274,0.22486779973664237,0.0499712828165693,high
2850,0.31698850848743915,0.31553526930754106,0.24391812279491135,0.12355809941010833,4.663061664403869,0.0,0.8076923076923077,1.0,1.0,49410.0,27,0.7389604635662175,-0.10322264070834698,0.18528525160556633,high
2861,0.304326547637528,0.27112763262205775,0.26656775880068684,0.15797806093972744,4.812590776837065,0.0,0.84,1.0,1.0,52170.0,27,0.4962183921855884,0.04023303325201737,0.09367243575027949,high
2862,0.26371910483266703,0.21177697317746674,0.32996064910635214,0.19454327288351406,4.645544080126364,0.0,0.5208333333333333,1.0,1.0,12300.0,27,0.26483858979572616,0.2705830995280117,-0.15845475416604374,mid
2905,0.27724983738837045,0.21917055165450477,0.2644488897411201,0.2391307212160048,4.911822249796644,0.0,0.2722363258712208,3.0,3.0,86660.0,27,0.0465881775060987,0.1726345812549131,0.03342567334830778,low
2910,0.26803050597644146,0.25732856556895756,0.27531218247761496,0.19932874597698605,4.934473933130692,0.0,0.21875,1.0,1.0,38420.0,27,0.2524446281614874,0.04421288075581515,-0.01895389863562864,low
2920,0.2916507685258697,0.24036242646135036,0.2591338536072135,0.20885295140556645,4.898972399170985,0.0,0.3503138401192634,2.0,2.0,48310.0,27,0.19923158422026754,0.10965795530370509,0.08358875486977899,low
3000,0.2750846106068534,0.2615536173317919,0.2831841677188873,0.1801776043424674,4.95420602612954,0.0,0.3181818181818182,1.0,1.0,35810.0,29,0.36026261745688937,0.05303046514068025,-0.02051934078636701,low
3010,0.27851303041129244,0.26340865341552544,0.2630540493047563,0.19502426686842575,5.021078950103367,0.0,0.21660178574135552,4.0,4.0,119940.0,29,0.2760193339243121,0.022213232345727068,0.04037956210904478,low
3030,0.30088332069274243,0.27867998015522266,0.29433682517777615,0.12609987397425884,4.848273215041905,0.0,0.4634146341463415,1.0,1.0,66690.0,29,0.724657926731742,0.05361080960737723,0.01555477606183413,low
3040,0.28344422984711376,0.26091342048404753,0.28718853935632266,0.16845381031251613,5.0084996819658345,0.0,0.05,1.0,1.0,38720.0,29,0.4305180224798424,0.07298542720645187,-0.009279749734393527,low
3050,0.2785153901258081,0.24841121656650159,0.3002851035550198,0.17278828975267055,4.87458644963298,0.0,0.3999999999999999,1.0,1.0,312550.0,29,0.4021504236650992,0.12412163776543458,-0.0532161845526472,low
3065,0.2861465835502028,0.27416328753858255,0.27864189311868304,0.16104823579253164,4.975560640812765,1.0,0.3529411764705882,1.0,1.0,36180.0,29,0.4777699728089253,0.024080073063106243,0.018792627896711916,low
3070,0.28796944175580247,0.25971395730429303,0.28754286069924284,0.16477374024066171,4.991995989877317,0.0,0.5111111111111112,1.0,1.0,29530.0,29,0.45324518452029006,0.08371726297782305,0.0010482431453612139,mid
3090,0.29887802970148336,0.26505575715099716,0.2832051596918656,0.15286105345565396,4.9178913183608115,0.0,0.3452342165773575,10.0,10.0,557060.0,29,0.5304576688899025,0.07606756786956888,0.03808758682172093,low
3100,0.2885881168934998,0.25486695698793255,0.2554049605432708,0.20113996557529693,5.028998978113214,0.0,0.3382352941176471,1.0,1.0,11610.0,29,0.24150257861482433,0.05158931304166248,0.08637316716726401,low
3110,0.29374014212757177,0.27103403637747564,0.28486621434917614,0.15035960714577662,4.968771089997557,0.0,0.125,1.0,1.0,132940.0,29,0.5478679191404005,0.05316467901893329,0.021691108244173838,low
3120,0.27505792369389065,0.25600692409990355,0.29115256602571743,0.17778258618048853,4.913904105136484,0.0,0.2857142857142857,1.0,1.0,8840.0,29,0.37364650941807254,0.08182117789735163,-0.04021012530997651,low
3140,0.26905827930105836,0.26703684929415616,0.27412176328893606,0.18978310811584942,5.035457979527601,0.0,0.4545454545454546,1.0,1.0,13240.0,29,0.30548798337973226,0.013769024639963667,-0.013183575609687772,low
3150,0.29189483802827404,0.25999400732408046,0.27118621087982514,0.17692494376782042,4.952511708745748,0.0,0.3939393939393939,1.0,1.0,127830.0,29,0.37893839241431704,0.0644551135883669,0.052034491596506346,low
3160,0.28270343100469875,0.26129475851381967,0.27167114826332345,0.18433066221815822,4.949256221086411,0.0,0.3404255319148936,1.0,1.0,225350.0,29,0.3361466546059126,0.048047760364099495,0.028147149151030604,low
3200,0.2583000958514996,0.2336563189147584,0.2586589918773201,0.2493845933564218,5.004214726293333,0.0,0.1707317073170731,1.0,1.0,16050.0,29,0.0018749956081380997,0.08243757949928149,-0.0009818102066261902,low
3210,0.27774910301391503,0.27822972456205974,0.25937682192135786,0.18464435050266742,4.931303444814125,0.0,0.3636363636363636,1.0,1.0,16980.0,29,0.33432985731286985,-0.029350653756809328,0.04839176035861647,low
3220,0.26914978780702675,0.23565980793772542,0.25981798632720265,0.23537241792804534,4.941499555261394,0.0,0.1904761904761904,1.0,1.0,133410.0,29,0.06758797476348538,0.09408932778976459,0.024951481365364462,low
3230,0.31986551204999963,0.25113530559543606,0.2939175396034511,0.13508164275111334,4.88635620469617,0.0,0.3902439024390244,1.0,1.0,147470.0,29,0.65227696061475,0.1629793160938836,0.05982221101713571,low
3235,0.2746031578391509,0.2704208691978667,0.2644896234884089,0.1904863494745736,4.913610311524382,0.0,0.34,1.0,1.0,6860.0,29,0.3014827629267007,-0.002788347028809261,0.026534163002947656,low
3245,0.29657648908347767,0.27462682714901004,0.27367369309759376,0.1551229906699187,4.906577628242381,0.0,0.4095744680851064,1.0,1.0,13490.0,29,0.5158624558789766,0.029971665084947776,0.05682922651048809,low
3250,0.29084208229275277,0.26267730281502316,0.26490798438522906,0.18157263050699513,4.858959327416688,0.0,0.2297297297297297,1.0,1.0,77260.0,29,0.35164154742572834,0.045034031261103905,0.06604229578159206,low
3255,0.2812222412840015,0.2597968014334458,0.2601932864413564,0.1987876708411963,5.014162399872412,0.0,0.3809523809523809,1.0,1.0,3047530.0,29,0.2551189551310914,0.03297439004182159,0.054956683237375424,low
3256,0.27259987456052825,0.25028004772907997,0.26286051295066687,0.21425956475972502,5.047031509287547,0.0,0.125,1.0,1.0,43950.0,29,0.1733911217796199,0.05489617513475125,0.025725631260603076,low
3257,0.2869740334428861,0.2751083504447655,0.2744403622946381,0.1634772538177104,4.986820629330216,0.0,0.2926829268292683,1.0,1.0,7750.0,29,0.46224658874222513,0.016246514421525762,0.031577803452559415,low
3258,0.2932031411886758,0.2743404167142532,0.2795501997265855,0.1529062423704854,4.950956058594655,0.0,0.3148148148148147,1.0,1.0,234690.0,29,0.5308569683861358,0.03482688652420217,0.033717539388280725,low
3261,0.27042206371319133,0.2531733674606261,0.27125199855633186,0.20515257026985081,4.909856857255696,0.0,0.3055555555555555,1.0,1.0,7250.0,29,0.22108037049022278,0.05506583921036425,-0.0021668123162046564,low
3270,0.29381090958777567,0.26994850684111155,0.2885838462069875,0.1476567373641252,4.867751137223454,0.0,0.3157051282051282,1.0,1.0,26250.0,29,0.566231247675424,0.06183312961797705,0.012693078616459604,low
3300,0.2752383349231779,0.22472137462289826,0.27757792713151647,0.2224623633224074,4.9078638823239125,0.0,0.16369047619047616,2.0,2.0,318780.0,29,0.128266042727204,0.169021531360752,-0.005985176292135442,low
3310,0.27073737176293183,0.25774956793111936,0.25594761276266037,0.21556544754328846,4.951451300742808,0.0,0.09375,1.0,1.0,207190.0,29,0.16694567505106278,0.017205679652435215,0.03972275383808121,low
3321,0.2657078608786464,0.2241196832179042,0.2729690881987159,0.2372033677047335,4.88386196660174,0.0,0.1714285714285714,1.0,1.0,55760.0,29,0.05692171692959604,0.1499886166866764,-0.01906439138989688,low
3322,0.26679551261628315,0.24263689706319855,0.26266006401505637,0.22790752630546196,4.895224442584928,0.0,0.2894736842105263,1.0,1.0,78640.0,29,0.10452619261284517,0.07112134634478662,0.01104630245462862,low
3323,0.25045251552920106,0.24490151324675943,0.26108867127508706,0.24355729994895253,4.857639502684128,0.0,0.2807017543859649,1.0,1.0,216380.0,29,0.02971300666100672,0.03527965136404023,-0.029409096070962776,low
3324,0.2643666678681586,0.2489642281530151,0.2785250485316911,0.2081440554471352,4.918739279391719,0.0,0.2222222222222222,1.0,1.0,38070.0,29,0.20480433005259632,0.07031120724127307,-0.03689044187727241,low
3330,0.26380180721747604,0.23814931170636985,0.27935419353519264,0.2186946875409615,4.9057185644519,0.12282497441146366,0.26321524086241616,2.0,2.0,19540.0,29,0.14940280747261322,0.106913248012669,-0.04050477106588401,low
3421,0.2695428788707837,0.250512394854721,0.2861620929822772,0.1937826332922181,4.882347273794725,0.0,0.4264705882352941,1.0,1.0,436630.0,29,0.2819152404681845,0.08420900434768423,-0.04230685349009655,low
3422,0.27671786747012783,0.26394246949816497,0.27227624165191855,0.18706342137978874,4.982989993275931,0.0,0.34,1.0,1.0,93410.0,29,0.3207768576997386,0.03198759331479693,0.01144191608573052,low
3423,0.27555288264399547,0.24242092889751515,0.23498537492140725,0.24704081353708215,4.908085639080461,0.0,0.0166666666666666,1.0,1.0,109060.0,29,0.01163873202850363,0.0395803486015813,0.11261119826606764,low
3424,0.2648996508502675,0.2427389414985807,0.2593011981613122,0.2330602094898395,4.943782987108415,0.0,0.1475409836065573,1.0,1.0,118670.0,29,0.07951194367781748,0.06261234198366573,0.01510434174496562,low
3430,0.262983683204047,0.26926162965560707,0.27130141390021895,0.19645327324012696,4.8674684995134285,0.0,0.18144151917193446,2.0,2.0,87310.0,29,0.2683905405088409,-0.006550178616493579,-0.022018203509430973,low
3500,0.27908986953115855,0.25456280782632973,0.26913137825159156,0.19721594439092033,4.922168312773925,0.0,0.25,1.0,1.0,641240.0,29,0.2636710223964934,0.060273087273726725,0.025692150445005696,low
3520,0.2662777501231988,0.266416144234093,0.2779726758906549,0.1893334297520532,5.026443024301769,0.0,0.238095238095238,1.0,1.0,73270.0,29,0.30789898709454294,0.017123436262227135,-0.030393488249021754,low
3545,0.2671296553212341,0.2604325737766214,0.28421177563582417,0.18822599526632036,4.913645682121502,0.0,0.25469834475756703,3.0,3.0,161970.0,29,0.3137516951290128,0.04603644608609043,-0.04383037314347562,low
3550,0.28384462524602977,0.25763491913194675,0.2653968622203597,0.19312359340166374,4.937614902753839,0.0,0.2666579483690661,4.0,4.0,90160.0,29,0.2861364507281431,0.05167043963170259,0.04751806731196023,low
3601,0.2872349943543733,0.24669520372766143,0.25325175644868,0.21281804546928543,4.83834327293948,0.0,0.0384615384615384,1.0,1.0,1683240.0,31,0.17941900780460043,0.07282234693916949,0.08903648006430988,low
3602,0.2725393197093242,0.2535379209170619,0.2536488007915118,0.22027395858210227,4.713217090071225,0.0,0.3333333333333333,1.0,1.0,1683240.0,31,0.14278761849733085,0.029682398178088713,0.050793078162335,low
3603,0.26809573047310553,0.25754652127000055,0.25637638714337635,0.21798136111351762,4.841348415572757,0.0,0.135593220338983,1.0,1.0,1314830.0,31,0.15471902861457948,0.014529560390547511,0.0316059004064285,low
3605,0.27432763129075577,0.2612340749681859,0.24404181101106093,0.2203964827299974,4.796671730660569,0.0,0.08314798339264531,2.0,2.0,84300.0,31,0.14168036538221368,-0.007826525854554815,0.08271986820167747,low
3610,0.2816537818547479,0.2614487029128124,0.2613273238639291,0.19557019136851056,4.940570942933298,0.0,0.22078104360097128,2.0,2.0,45350.0,31,0.2727784813669491,0.03020062851047886,0.05296573215108669,low
3620,0.2704000344192385,0.2546112970024803,0.25505795745952226,0.2199307111187591,4.9172885205240595,0.0,0.11781610524719671,2.0,2.0,136050.0,31,0.14468215586210478,0.02527757534229404,0.041303286522427735,low
3630,0.28740336082287155,0.25892852879238637,0.26855066304384156,0.18511744734090052,4.789822358120328,0.0,0.1851851851851851,1.0,1.0,81030.0,31,0.3312567097834021,0.05749038434801141,0.047975131862792925,low
3640,0.27060910640668684,0.25174772046602323,0.2615029662931533,0.21614020683413682,4.956460659649984,0.0,0.1,1.0,1.0,347170.0,31,0.16390008898743547,0.045015922745402705,0.02420408198010791,low
3645,0.27366725912331075,0.23101781614305456,0.28057226540777114,0.21474265932586345,5.01495926557631,0.0,0.141025641025641,1.0,1.0,727760.0,31,0.1682739344907581,0.14850221022175442,-0.017619924929097426,low
3646,0.2850138482642221,0.2231919075802271,0.3431562081712442,0.1486380359843065,4.710520701595917,0.0,0.2321428571428571,1.0,1.0,55830.0,31,0.5468122847157137,0.27542862157421905,-0.1312729536430861,low
3647,0.27193784724597897,0.2658010447225593,0.25298566962359553,0.20927543840786622,4.920345822748795,0.0,0.14,1.0,1.0,43560.0,31,0.19938810171471613,-0.010855228463826916,0.05108188325712312,low
3648,0.2549199900306689,0.2425144628008342,0.2731474984181972,0.2294180487502997,4.926383741648665,0.0,0.1481481481481481,1.0,1.0,98970.0,31,0.09681741909408119,0.06892822079965406,-0.04883435361361095,low
3649,0.2639145585773271,0.2550423349624837,0.2739700051043535,0.2070731013558358,4.978594079884792,0.0,0.1097560975609756,1.0,1.0,132750.0,31,0.21098051913918023,0.04318651981170327,-0.02644100011348994,low
3655,0.2837568337989069,0.23621536822502548,0.2665781532042649,0.21344964477180267,4.8911888987730645,0.0,0.08065299270505938,2.0,2.0,169580.0,31,0.1756086563106846,0.12422880295032064,0.04415895563697766,low
3700,0.2629781420765028,0.26741803278688525,0.27219945355191255,0.19740437158469945,5.023156574649928,0.0,0.2826086956521739,1.0,1.0,54470.0,33,0.26317250037578993,0.00040000235119391363,-0.024369844031656235,low
3710,0.26818815488931813,0.27195152035767184,0.27459305492986574,0.18526726982314431,5.055608659738987,0.0,0.3552631578947368,1.0,1.0,128230.0,33,0.3311693758516176,-0.0017426595853986245,-0.016688707700540168,low
3720,0.25447767616563405,0.25990824294421977,0.24861506684818616,0.23699901404196005,5.098951375144823,0.0,0.4056603773584905,1.0,1.0,80890.0,33,0.060991170953516465,-0.0267559455635671,0.016480772275845098,low
3725,0.26754238973670463,0.27299774370996255,0.25993173276296766,0.19952813379036533,4.940570419647969,1.0,0.2619047619047618,1.0,1.0,55450.0,33,0.25152115434364286,-0.028263033384202715,0.020406387417137812,low
3740,0.2513807597642975,0.2443070466587923,0.2405326400390638,0.2637795535378463,5.005555748352958,0.0,0.087719298245614,1.0,1.0,317310.0,33,-0.06266871844109212,0.005296170108112065,0.031192575353755938,low
3750,0.2756387185075949,0.24857533050823305,0.26076586730720297,0.21502008367696923,4.982334919671895,0.0,0.38308201585403656,2.0,2.0,17370.0,33,0.16924029918478595,0.061736156036198676,0.039221850365213,low
3801,0.26263478087222264,0.27059241414768004,0.26020830557421387,0.20656449940588345,4.936199062943238,0.0,0.1607142857142857,1.0,1.0,16420.0,33,0.21391475270797375,-0.028161161830200065,0.00656330551356646,low
3802,0.2715521642202154,0.2595067155395937,0.2732171647643699,0.195723955475821,4.843714533878324,0.0,0.2386363636363636,1.0,1.0,392600.0,33,0.2722460441893847,0.03954131542237362,-0.004322331595188104,low
3820,0.28409203470892724,0.25810395030918154,0.27109528795245125,0.18670872702944014,4.950318958088201,0.0,0.3,1.0,1.0,107890.0,33,0.32230049332128125,0.05921388452551623,0.033112308952235554,low
3830,0.27490253881228216,0.24104252476134064,0.25751794250134313,0.22653699392503412,4.968910114048942,0.0,0.1590909090909091,1.0,1.0,6730.0,33,0.11078041557534785,0.08065324215914642,0.046193329619027196,low
3840,0.26096737018345995,0.24237823861850574,0.25291418834640944,0.24374020285162495,4.959341999708705,0.0,0.3205128205128205,1.0,1.0,7450.0,33,0.028762540879751396,0.047539159988653386,0.022164351402982774,low
3870,0.2638823761667455,0.2660682785220509,0.2602665669076969,0.2097827784035068,5.02230717582822,0.0,0.23385735688369094,2.0,2.0,668970.0,33,0.19709149430439157,-0.0123683317915959,0.009756020073917623,low
3900,0.2692447562772919,0.2428149173007987,0.2737044156369712,0.2142359107849383,4.9228235969358565,0.0,0.1333333333333333,1.0,1.0,11600.0,33,0.17284010921029397,0.09106819017584067,-0.011616285494204992,low
3910,0.30197226321946635,0.22182513854639632,0.29813195949276405,0.17807063874137322,4.890649834884672,0.0,0.3888888888888888,1.0,1.0,28860.0,33,0.3646601536101737,0.24661975510633213,0.009050234188599198,low
3930,0.281019563925311,0.2659043512942869,0.2669068679200716,0.18616921686033036,4.879461944322674,0.0,0.2505386667792063,2.0,2.0,1066290.0,33,0.32576776925223233,0.024107368820626928,0.03643332416480053,low
3940,0.2778713883989203,0.25648496187637015,0.24410393972352615,0.22153971000118344,4.622911867464248,0.0,0.2631578947368421,1.0,1.0,82690.0,33,0.13568221310225936,0.01249746918821218,0.09161576537685542,low
3945,0.266408556146412,0.2594274634664688,0.2408608927633065,0.2333030876238127,4.81039413599935,0.0,0.23,1.0,1.0,48320.0,33,0.07814797113077208,-0.01947493945144994,0.071284493451826,low
3960,0.2653111593404081,0.25651984600089245,0.26524824511794265,0.2129207495407568,4.886925494956358,0.0,0.24471903389928829,2.0,2.0,214430.0,33,0.1807150893922471,0.02741690067993237,0.00016769874654216978,low
4000,0.26734804927659306,0.26484651264027076,0.25363987375823693,0.21416556432489933,5.047352877031418,0.0,0.2619047619047618,1.0,1.0,129810.0,35,0.17417766298462842,-0.013812719706543027,0.03721921861142351,low
4010,0.26293619700247045,0.27485649990860106,0.25033641671930945,0.21187088636961915,4.893352133481524,0.0,0.2555555555555555,1.0,1.0,1040600.0,35,0.18562822705366142,-0.05624893934852,0.034722991606682053,low
4020,0.2732479410451838,0.25134736697674315,0.24382924544789505,0.2315754465301781,4.762846834272959,0.0,0.08040175071748225,5.0,5.0,2480090.0,35,0.08630419549007386,0.02170898228098922,0.08054754135378589,low
4030,0.2781534325061816,0.2650619763617595,0.2296926388566582,0.2270919522754007,4.839688795323807,0.0,0.0462962962962962,1.0,1.0,783350.0,35,0.10646730879525122,-0.03878865153416592,0.13536202707572573,low
4040,0.26687519677257077,0.27723417419394586,0.24901155444756096,0.20687907458592245,4.845760650906022,0.0,0.1388888888888889,1.0,1.0,485330.0,35,0.2115237135872856,-0.059377536412484735,0.048989646511030535,low
4055,0.25606956362126376,0.28781912306755847,0.24842325187794875,0.20768806143322904,4.672548421318039,0.0,0.0729166666666666,1.0,1.0,3095120.0,35,0.20634602040189529,-0.10781077320318096,0.021436075142046606,low
4110,0.2614640157651796,0.27982131380037506,0.24510392376622064,0.21361074666822474,4.76745908903181,0.0,0.2244897959183673,1.0,1.0,1804030.0,35,0.17599482193117275,-0.08178172749638647,0.045689257616282924,low
4120,0.2633594655266589,0.266158441287813,0.2468055682725915,0.2236765249129365,4.794881041213901,0.0,0.1111111111111111,1.0,1.0,243030.0,35,0.1257497027080983,-0.03513499468149938,0.045904689443399475,low
4130,0.2642718466134857,0.2798539367662888,0.2412105543763643,0.2146636622438612,4.74406218485471,0.0,0.0,1.0,1.0,336970.0,35,0.1702314396262399,-0.08405305997825166,0.06456455808474161,low
4140,0.2680851406120904,0.24618750653562105,0.22503450233328845,0.26069285051900015,4.819716890076783,0.0,0.0,1.0,1.0,377040.0,35,-0.05091561635227011,-0.001889610482772869,0.1237796676647627,low
4150,0.2734455571411132,0.29484637629914,0.2441365936889192,0.1875714728708276,4.6466959328165895,0.0,0.3285714285714285,1.0,1.0,324690.0,35,0.31546563023559776,-0.10780959767885494,0.0801679932875386,low
4200,0.25428886388890115,0.2677133961714804,0.25670990798145926,0.22128783195815932,5.016816153171337,0.0,0.2551020408163265,1.0,1.0,153640.0,37,0.13796990546703786,-0.0381370925955681,-0.006700405555984213,low
4210,0.26032868460682246,0.24883090199680374,0.24269284929771126,0.24814756409866257,5.034091370132597,0.0,0.2454545454545454,1.0,1.0,116380.0,37,0.008211206429445355,0.00824438590708522,0.0496023775253317,low
4220,0.26832067497326667,0.24548862314384312,0.22259977516559012,0.26359092671730017,4.574401652316455,0.0,0.0277777777777777,1.0,1.0,2036680.0,37,-0.06419739426155582,-0.0036509508863231677,0.13209276858329044,low
4230,0.26028268626432316,0.25807323122159825,0.23423369243145994,0.24741039008261864,4.632298853376344,0.0,0.0588235294117647,1.0,1.0,723430.0,37,0.01102323781300766,-0.03608881220616792,0.07456369776311089,low
4240,0.27489905496424777,0.23727919624406646,0.24509108830420986,0.24273066048747585,4.87527365616558,0.0,0.2291666666666666,1.0,1.0,85370.0,37,0.032162472284671804,0.07330461634897117,0.08115749277914218,low
4251,0.2850382502942331,0.236195566888976,0.1880639466457434,0.2907022361710475,4.695467823968872,0.0,0.024390243902439,1.0,1.0,892450.0,37,-0.19134338673456147,-0.01629516547925416,0.29404422864992225,low
4252,0.27438756597729336,0.22115852476893375,0.20507896634904815,0.2993749429047248,4.814214812922799,0.0,0.0609756097560975,1.0,1.0,41920.0,37,-0.22178156956171963,0.05722709652818462,0.20587164655153506,low
4255,0.259457925220102,0.2369097960045455,0.2475271460010845,0.2561051327742679,4.9021588177601725,0.0,0.0555555555555555,1.0,1.0,25820.0,37,-0.028570130649868655,0.055013860157573195,0.03328655305379108,low
4330,0.2730397420853779,0.2743119442005203,0.27082562663748344,0.18182268707661853,4.875109552935734,0.0,0.35793672615581784,2.0,2.0,120540.0,39,0.3511047624975687,-0.007119586029140349,0.005757398014195074,low
4340,0.283202174759171,0.2790424005059843,0.2468254354383575,0.1909299892964873,4.849292143687493,0.0,0.1379310344827586,1.0,1.0,15840.0,39,0.2974755964413379,-0.0440439068862864,0.09721282345754642,low
4350,0.2760353055527979,0.2409513936827718,0.2638819946760002,0.2191313060884301,4.8084375072975085,0.0,0.1818181818181818,1.0,1.0,225680.0,39,0.14768985139814425,0.09260717904848019,0.0318387293481503,low
4400,0.2577410400780336,0.2997588808675774,0.23186544160175845,0.21063463745263047,4.514137520619868,0.0,0.15701573738775287,2.0,2.0,72040.0,39,0.1878454775144689,-0.1665017266407766,0.07481058924513122,low
4420,0.25553258636667037,0.28103918658829785,0.25189063785941557,0.21153758918561624,4.63928171561686,0.0,0.1999999999999999,1.0,1.0,54970.0,39,0.18695494972901874,-0.08354526498908489,0.010150464484909319,low
4435,0.27366827245609626,0.26659889321471614,0.24846061480571033,0.2112722195234773,4.743951392421871,0.0,0.3544190764379671,4.0,4.0,276840.0,39,0.18865034369929706,-0.01808110564182285,0.06832938798903748,low
4461,0.2634225037751971,0.25715870592810325,0.2542243576429134,0.22519443265378633,4.940946261022574,0.0,0.21181072210065643,2.0,2.0,36560.0,39,0.1185811926329286,0.005139659065767168,0.025132022067186975,low
4465,0.26672964674921557,0.27369344444819327,0.26983366510341106,0.18974324369918016,5.001998100700592,0.0,0.0930232558139534,1.0,1.0,24700.0,39,0.3057169374033564,-0.016320145056843798,-0.008181315657919686,low
4500,0.2840654785835507,0.2578085808111175,0.1987910441919955,0.2593348964133362,4.689695141057779,0.0,0.0735294117647058,1.0,1.0,12910.0,39,-0.052159093436184405,-0.06653456543398004,0.252402137558935,low
4510,0.26978255635163345,0.28050287517039635,0.23781422588430684,0.21190034259366342,4.84788104279483,0.0,0.0526315789473684,1.0,1.0,285980.0,39,0.18398473624593129,-0.08330790430819744,0.08918489093903134,low
4521,0.26392519385547786,0.28056060781557673,0.22277179680627596,0.23274240152266945,4.528828952731369,0.0,0.0555555555555555,1.0,1.0,120540.0,39,0.07759777743015131,-0.11911293942634921,0.1198671799684346,low
4522,0.28662271612205525,0.28889629948655354,0.21033616361159527,0.21414482077979585,4.694370831446394,0.0,0.106060606060606,1.0,1.0,50580.0,39,0.1654062463260683,-0.13278757131907887,0.21882108280284313,low
4525,0.2722002098021667,0.28116338913629363,0.23840621176927326,0.20823018929226647,4.723578153292297,0.0,0.10077308362369336,2.0,2.0,11520.0,39,0.2030879706225449,-0.08057109092954341,0.09373539723977385,low
4530,0.27205094700414073,0.28249212405115354,0.2579576026331428,0.18749932631156296,4.893937150229452,0.0,0.539744458823771,2.0,2.0,54090.0,39,0.31786293542358207,-0.052466742262172725,0.03761391829043733,mid
4540,0.28851311360276927,0.2699262112202169,0.24898630315885772,0.19257437201815614,4.7630585524742965,0.0,0.3730769230769231,2.0,2.0,30980.0,39,0.28834020648374936,-0.005780319301506856,0.10418698823627257,low
4600,0.28996334924906747,0.28004573549015094,0.23911272807415054,0.19087818718663097,4.737863727713557,0.0,0.3295454545454545,1.0,1.0,438520.0,39,0.2963932069093193,-0.050302812121696676,0.13634392422021877,low
4621,0.2766509898309261,0.2906816303211288,0.2274535603434704,0.2052138195044746,4.798843731118271,0.0,0.2352941176470588,1.0,1.0,221600.0,39,0.21644113236362195,-0.12033297758221648,0.13845904555718266,low
4622,0.27559665840372305,0.26304634635305274,0.2735313519447122,0.18782564329851215,4.997009550514443,0.0,0.25,1.0,1.0,264020.0,39,0.316429109906894,0.03498450446267965,0.005318975033071149,low
4640,0.2730797041900617,0.269727293480833,0.2787615677801642,0.17843143454894125,4.9228235969358565,0.0,0.28,1.0,1.0,92500.0,39,0.3709240880961905,0.01849270087914539,-0.014561528689914859,low
4700,0.27144071187110297,0.30383209465430516,0.25453496686737365,0.17019222660721822,4.843320569408824,0.0,0.4054054054054054,1.0,1.0,1143260.0,41,0.41825319363545105,-0.11829749199611904,0.04547087075983121,low
4710,0.28404648689329604,0.28456480476520724,0.2671534708119658,0.16423523752953112,4.944281793546234,0.0,0.4444444444444444,1.0,1.0,243920.0,41,0.45726802036714215,-0.026520145122772894,0.043355984078475664,low
4720,0.2649891501425394,0.27783306690156717,0.24122905899339142,0.21594872396250211,4.797135955258758,0.0,0.3602031675895418,2.0,2.0,3335170.0,41,0.16377501670290937,-0.0769977065769572,0.06642698842487264,low
4740,0.24975599426958742,0.25015302054280114,0.27739343428829183,0.22269755089931964,4.844029593742304,0.0,0.6774193548387096,1.0,1.0,371620.0,41,0.1300626798318314,0.04154972760909702,-0.0742125682579271,high
4750,0.25343702878504326,0.25268191956222313,0.26564928905534446,0.22823176259738923,4.9486889658772695,0.0,0.3428571428571428,1.0,1.0,265130.0,41,0.10344355288284574,0.02164917660586144,-0.03327757057801021,low
4760,0.27781997827630395,0.26890157660884617,0.24590519535718025,0.20737324975766955,4.78957290898587,0.0,0.3552631578947368,1.0,1.0,3693490.0,41,0.20862665186160834,-0.023176840131348617,0.0862863078793981,low
4800,0.2974427559551605,0.2823332023444033,0.2799839697590829,0.1402400719413533,4.827273196127054,0.0,0.6923076923076923,1.0,1.0,96660.0,41,0.6186235450053866,0.017872398219939935,0.04277249239660904,high
4810,0.30320990291089334,0.25682782924420006,0.29014603411912326,0.14981623372578332,4.729156165769083,0.0,0.5303030303030303,1.0,1.0,422600.0,41,0.5499224676421569,0.11757461202284628,0.03114165608396457,mid
4820,0.31448420584073894,0.263810947013656,0.30192041715021545,0.11978442999538971,4.800407968048592,0.0,0.5192307692307693,1.0,1.0,426870.0,41,0.7734325435520261,0.12681491952715518,0.02882902044254681,mid
4830,0.28284430177589376,0.26824116161414713,0.30561613828071277,0.14329839832924632,4.7835673858898895,0.0,0.5625,1.0,1.0,37190.0,41,0.5959194126131009,0.07489460835104042,-0.05475360343562899,mid
4850,0.2815170704110042,0.25165212224781,0.2852180685551454,0.1816127387860403,4.819167453319618,0.0,0.6827758534375543,2.0,2.0,1508650.0,41,0.3509899809894845,0.09689846418403562,-0.009235489057813507,high
4900,0.27354074898034864,0.2906125472038793,0.22376553724496492,0.21208116657080725,4.7546102261567365,0.0,0.39755605219522744,2.0,2.0,42680.0,41,0.17988304185969217,-0.13142837549647682,0.1420236744649017,low
4920,0.2868368069589328,0.2771067627858933,0.27428923987643206,0.16176719037874182,4.913149616531027,0.0,0.41312469757936154,2.0,2.0,224380.0,41,0.4731457186998618,0.009916715323933534,0.031629075521513304,low
4930,0.3209889812841452,0.2665282743120422,0.259854639900473,0.1526281045033396,4.803857096868311,0.0,0.5340909090909091,1.0,1.0,59550.0,41,0.5291405713354329,0.06555182696661219,0.14940063126041325,mid
4940,0.27308474899903934,0.26754142574990003,0.30027627111564603,0.15909755413541463,4.559021529962111,0.0,0.5277777777777778,1.0,1.0,115130.0,41,0.4893640708365499,0.055495763549286925,-0.06711912134432906,mid
4950,0.2590108130611589,0.3186574672868355,0.2680705665722622,0.1542611530797434,4.738914056037687,0.0,0.5217391304347826,1.0,1.0,7860.0,41,0.518545967491187,-0.15518066499516214,-0.024310644992104877,mid
5000,0.2768152566385831,0.2654633795373089,0.2931058220562176,0.1646155417678905,4.936342689514401,0.0,0.53125,1.0,1.0,1443630.0,43,0.45452559181011226,0.05753453339197589,-0.04043474947637016,mid
5010,0.272557443535683,0.2582798645065545,0.3308276109250385,0.1383350810327239,4.592490132830717,0.0,0.4838709677419355,1.0,1.0,48190.0,43,0.6277107917213548,0.12302943305431642,-0.13700054793210026,mid
5020,0.2973701645055734,0.2707942647759714,0.2799370196951567,0.1518985510232984,4.702206148499686,0.0,0.5526315789473684,1.0,1.0,3870.0,43,0.5373003777802513,0.05177553100084936,0.042718484177139145,mid
5100,0.28199237135018185,0.25582744083335185,0.3136891882848922,0.14849099953157413,4.701661486176852,0.0,0.4285714285714285,1.0,1.0,212900.0,43,0.558070460755819,0.12299555573199866,-0.07532287461538362,low
5110,0.28760127364538135,0.23997922212617334,0.32716624343785067,0.14525326079059464,4.678420647727684,0.0,0.4166666666666666,1.0,1.0,429080.0,43,0.5765302285690432,0.20042492400851075,-0.09114138097026525,low
5120,0.28423976832382764,0.24474629453779784,0.33690952951099107,0.13410440762738352,4.709800435066175,0.0,0.313953488372093,1.0,1.0,1509370.0,43,0.6564468923831064,0.19154531709533948,-0.12020553597383664,low
5130,0.25990183955506413,0.25892132456680306,0.29757540432625007,0.18360143155188283,4.719302120033004,0.0,0.4193548387096774,1.0,1.0,11140.0,43,0.3389606386772771,0.058348141266577884,-0.09571654298570416,low
5140,0.29215889584911203,0.23265769563893196,0.33057581628522315,0.14460759222673292,4.699570861409576,0.0,0.4864864864864865,1.0,1.0,149290.0,43,0.578975702359542,0.23637467342582666,-0.08735470857027884,mid
5150,0.28026954422430433,0.24277124525601154,0.31089315504841014,0.16606605547127393,4.794881041213901,0.0,0.4571428571428571,1.0,1.0,61930.0,43,0.44172024655574016,0.15960950831542578,-0.07332520699576502,low
5160,0.2798565309259528,0.2576495823988723,0.2752545001723757,0.1872393865027992,4.8721392168423305,0.0,0.3333333333333333,1.0,1.0,364210.0,43,0.319393009895619,0.06073603683379195,0.011724507439768042,low
5200,0.30736602965847126,0.24582979044717515,0.31838372165554285,0.12842045823881074,4.6179876896987055,0.0,0.8,1.0,1.0,39980.0,43,0.7014825687479267,0.19678297067017572,-0.024902894259933604,high
5210,0.2787535253208998,0.2511905561954111,0.3154794320554504,0.1545764864282387,4.801969761962699,0.0,0.7321428571428571,1.0,1.0,7060.0,43,0.5163145891249575,0.13553752596383387,-0.08751543754090839,high
5220,0.2730495173132588,0.253050652439748,0.317113063757991,0.1567867664890022,4.772716457199892,0.0,0.5909090909090908,1.0,1.0,150170.0,43,0.5016715117728485,0.12318164960591992,-0.10578686376373105,high
5230,0.2901691082952565,0.2841396203306798,0.3121516164994426,0.11353965487462114,4.785573236959415,0.0,0.5750000000000001,1.0,1.0,16820.0,43,0.8276206900828107,0.04695730163121488,-0.051636568166091926,high
5240,0.26836964859926826,0.2681982266398297,0.29924845755949414,0.16418366720140792,4.888316989638111,0.0,0.7045454545454546,1.0,1.0,2787070.0,43,0.45680204312442163,0.0449835680652287,-0.0770102033951006,high
5250,0.2971309057583922,0.2592658441854414,0.3054920259836398,0.1381112240725266,4.7722934990241495,0.0,0.62,1.0,1.0,151340.0,43,0.632132854730036,0.12263311493020351,-0.01962283183887158,high
5260,0.26891924938789585,0.23027492391051346,0.29569567741004055,0.20511014929155016,4.702750514326955,0.0,0.4705882352941176,1.0,1.0,85460.0,43,0.21719178870879885,0.16541980764833383,-0.06711833681249309,low
5300,0.26897376912215304,0.2761234176317924,0.28801681558617326,0.16688599765988132,4.838422471450589,0.0,0.3974358974358974,1.0,1.0,220380.0,43,0.4406764111409134,0.006506198288162463,-0.04836964190793154,low
5310,0.28290168677728017,0.27112932364671555,0.29632858802609147,0.14964040154991293,4.952794294406406,0.0,0.4310344827586206,1.0,1.0,169840.0,43,0.5526567127863089,0.05363424863257269,-0.03278818263426852,low
5320,0.2658119029686877,0.24285728480045463,0.31523293039412265,0.17609788183673503,4.762173934797756,0.0,0.4396551724137931,1.0,1.0,78470.0,43,0.37973907926177924,0.14335753974426163,-0.12057789906330793,low
5330,0.30202403147662016,0.24445979061313314,0.30541768252760754,0.14809849538263922,4.802298250099019,0.0,0.5,1.0,1.0,238610.0,43,0.5593383939443037,0.1772145406803548,-0.007901000483459077,mid
5340,0.27876743421896844,0.2891777944290437,0.27504488058419857,0.15700989076778932,4.746061924685573,0.0,0.6,1.0,1.0,40500.0,43,0.5038615042013884,-0.03542421757618335,0.009506045610495057,high
5350,0.28045837914419164,0.24787302336907194,0.29430125220445547,0.17736734528228093,4.899554746499545,0.0,0.6,1.0,1.0,133850.0,43,0.3750689393624553,0.12051326973591346,-0.03406739856254915,high
5360,0.2834835421719383,0.2545480280891187,0.3233877083700818,0.1385807213688613,4.877103901471733,0.0,0.4655172413793103,1.0,1.0,102770.0,43,0.6267531493323857,0.14167315530949226,-0.09312445675242272,low
5400,0.27065802935399996,0.25646577649464697,0.3225486027491238,0.15032759140222932,4.772208885917529,0.0,0.5833333333333334,1.0,1.0,983150.0,43,0.5443416056222437,0.11558305568369687,-0.12402489695728897,high
5410,0.2689956676022919,0.2523612869268826,0.278669502861409,0.1999735426094164,4.89836205161347,0.0,0.5285714285714286,1.0,1.0,100860.0,43,0.24855746112149696,0.06654377646094714,-0.02498295104268863,mid
5500,0.26744974718261444,0.22109893136901493,0.2544478201305195,0.25700350131785127,4.794632850933413,0.0,0.2727272727272727,1.0,1.0,85750.0,43,-0.034823284914436044,0.13505137772747647,0.03523930402152904,low
5510,0.26500969511250627,0.21463803358110772,0.26204424106584656,0.25830803024053955,4.595220855134423,0.0,0.1551724137931034,1.0,1.0,68310.0,43,-0.0419230085161532,0.16753434922129626,0.00795711652797364,low
5521,0.27843779185956596,0.26554324793878104,0.3044478142542957,0.15157114594735732,4.88635620469617,0.0,0.59375,1.0,1.0,97050.0,43,0.5387563382859315,0.07517439802827415,-0.06314818865387042,high
5522,0.28884442129693083,0.26506491963853335,0.27563663276774214,0.17045402629679374,4.836916626109569,0.0,0.6521739130434783,1.0,1.0,194330.0,43,0.41844891867442435,0.051040061618652245,0.03309596190235853,high
5530,0.25475694947746513,0.22486397867797772,0.26605005461615094,0.25432901722840623,4.788907406923208,0.0,0.3541666666666666,1.0,1.0,24000.0,43,-0.022053688735402265,0.11961799723526842,-0.030670413686742677,low
5540,0.2697599734226628,0.25325064828400845,0.26998606535441066,0.20700331293891822,4.81210305125432,0.0,0.2777777777777778,1.0,1.0,79320.0,43,0.21133278276950146,0.05190612394568878,-0.0005923939629953677,low
5550,0.24518128466354885,0.23954396617608906,0.23881476079960176,0.27645998836076036,4.533888983983128,0.0,0.3461538461538461,1.0,1.0,335540.0,43,-0.118291930535124,0.008251562059936943,0.018603754783911654,low
5560,0.2588949272318877,0.2336734309326115,0.2467536654215138,0.2606779764139871,4.633660456387719,0.0,0.125,1.0,1.0,112130.0,43,-0.04939813054666816,0.06408017583236655,0.03396358322352736,low
5600,0.2941649451578899,0.2155176565089218,0.3143334068473222,0.1759839914858661,4.742145641015169,0.0,0.5192307692307693,1.0,1.0,367200.0,43,0.3742553650216538,0.2810827030189701,-0.046890782011041555,mid
5610,0.26386217048298527,0.23967458159906585,0.25855908887610546,0.23790415904184345,4.836361268881602,0.0,0.3571428571428571,1.0,1.0,795360.0,43,0.056069236193085056,0.07021337843267546,0.014356130052381006,low
5630,0.26431949483626616,0.23095321796461996,0.27367059557053125,0.23105669162858267,4.94356913673158,0.0,0.2758620689655172,1.0,1.0,54760.0,43,0.08755794843356254,0.12437423610419635,-0.024583697249452287,low
5710,0.2874367868934676,0.2497910310527856,0.3091486605090484,0.1536235215446984,4.841032509710076,0.0,0.7432432432432433,1.0,1.0,466910.0,43,0.5230606053937051,0.14434673324776606,-0.05149101997504903,high
5720,0.28815462265245506,0.24210875059500622,0.32822550724970145,0.14151111950283723,4.665794807804526,0.0,0.7608695652173912,1.0,1.0,155250.0,43,0.6031723267212007,0.19531582047216275,-0.09206790080436023,high
5730,0.27887806273681703,0.26292300296706606,0.30238222142183896,0.15581671287427803,4.873210618184584,0.0,0.611111111111111,1.0,1.0,656640.0,43,0.5104603474357539,0.08113691305387208,-0.057217112019974835,high
5740,0.2809656738957695,0.2419459918209767,0.3155854907621968,0.161502843521057,4.723308714005133,0.0,0.5673076923076923,1.0,1.0,1825980.0,43,0.46990780836900287,0.16951818910026847,-0.08216376407725152,mid
5810,0.2892346105610072,0.2296476430989879,0.3156913336657923,0.1654264126742128,4.809660848803092,0.0,0.4999999999999999,1.0,1.0,147170.0,43,0.4425302844672322,0.22409189924247339,-0.06189078249370836,mid
5820,0.26689204348740725,0.24089247244986553,0.31453240004495464,0.17768308401777272,4.726502471155617,0.0,0.4864864864864865,1.0,1.0,41930.0,43,0.37016159772651164,0.15073752189542694,-0.11613723053319548,mid
5830,0.29612851842803584,0.24542950909157213,0.28533525429697315,0.17310671818341883,4.797689567758492,0.0,0.4838709677419355,1.0,1.0,7600.0,43,0.4000296395566842,0.13816706797018496,0.02625397263871221,mid
5840,0.29095816464237517,0.24473684210526317,0.3311066126855601,0.13319838056680153,4.687855552606699,0.0,0.5119047619047619,1.0,1.0,218300.0,43,0.6640349745888984,0.19402117176164874,-0.09140127555004238,mid
5850,0.24693535786624454,0.22980624289907456,0.25585646594717426,0.26740193328750667,4.730745008896157,0.0,0.1216216216216216,1.0,1.0,69400.0,43,-0.07946618833947654,0.07318672706844699,-0.02509522957322304,low
5860,0.27180112974384746,0.23774316273060087,0.31478219576704963,0.17567351175850202,4.695741884172478,0.0,0.5,1.0,1.0,2578180.0,43,0.3817038381477653,0.169247383686336,-0.10381055827165064,mid
5900,0.25930928033957173,0.23371625532536205,0.27712219261515036,0.22985227171991596,4.751864565138895,0.0,0.1764705882352941,1.0,1.0,32920.0,43,0.09361082145456967,0.11196798401406394,-0.04697809254938419,low
5910,0.32594271716620515,0.19893371344717492,0.32328093987839235,0.15184262950822772,4.485485343042112,0.0,0.6000000000000001,1.0,1.0,5340.0,43,0.5166364306251519,0.39979756629934105,0.005798221601950691,high
5920,0.31204931813936115,0.26317952549971974,0.30203624135998514,0.12273491500093402,4.766353223579481,0.0,0.6739130434782609,1.0,1.0,6190.0,43,0.7495346135805098,0.12575494562542655,0.023061744326776646,high
6005,0.2629578335514932,0.2321064574173784,0.2516821335691072,0.2532535754620212,4.907346704590325,0.0,0.1578947368421052,1.0,1.0,25770.0,45,-0.016112992174258142,0.08400457222475669,0.030990209120683683,low
6010,0.27685509446440115,0.24033186539010715,0.27315768115070715,0.20965535899478455,4.879234962480687,0.0,0.2916666666666666,1.0,1.0,13630.0,45,0.19605923008955287,0.11002372196193602,0.009507071570890965,low
6020,0.2679270530408919,0.2163666955928431,0.2815135235395041,0.2341927278267609,4.71330684459267,0.0,0.0757575757575757,1.0,1.0,950.0,45,0.06911941441790853,0.19471237877795153,-0.03497755602148824,low
6040,0.2756704425495141,0.23543568510121587,0.24641874559009339,0.24247512675917668,4.719123676063936,0.0,0.05,1.0,1.0,25560.0,45,0.033191515320929135,0.08302253854527901,0.07931885245368596,low
6050,0.26061785668362875,0.23519825691312493,0.23757254179063342,0.2666113446126129,4.851088169112991,0.0,0.06656549982223273,3.0,3.0,337520.0,45,-0.07604247910467454,0.04599757571170594,0.06546547867765641,low
6115,0.26209390905514574,0.21360543802776952,0.24183243726232262,0.28246821565476216,4.665700685728123,0.0,0.0087719298245614,1.0,1.0,0.0,45,-0.14711450224412373,0.13418583154068342,0.05689225083404547,low
6120,0.2668081471294661,0.2402805603545694,0.2506387689667457,0.2422725235492187,4.992946431225172,0.0,0.0652173913043478,1.0,1.0,6300.0,45,0.03526460017850485,0.05998314604479995,0.044206275935544964,low
6130,0.2640553693854972,0.22691254796210883,0.21896143918537644,0.29007064346701766,4.840729873249665,0.0,0.0798531221039849,3.0,3.0,32940.0,45,-0.179196340120174,0.04732621052294897,0.13241506171674164,low
6200,0.2668582776962765,0.2411025617995469,0.2353941498757522,0.2566450106284243,4.955193053846446,0.0,0.2,1.0,1.0,665870.0,47,-0.03171964391951657,0.031653222490058204,0.08871105680138203,low
6210,0.2744808685569727,0.2104985770001054,0.2143459470854854,0.3006746073574365,4.929642134886724,0.0,0.0,1.0,1.0,12920.0,47,-0.2269373911209231,0.11574453931861384,0.17486063248199912,low
6220,0.2788034338682569,0.23453257077129092,0.21834963773774269,0.2683143576227096,4.862427124884176,0.0,0.0,2.0,2.0,64950.0,47,-0.08726034986581714,0.04140277417916209,0.17282352614454638,low
6230,0.26562882186657255,0.22899876255378357,0.24042991709419967,0.26494249848544427,4.912948960138995,0.0,0.0888888888888888,1.0,1.0,668060.0,47,-0.06936669410700935,0.08046384792428364,0.07047824201748273,low
6240,0.28377340352425506,0.23361719742048967,0.20676296956963766,0.2758464294856177,4.785243379524679,0.0,0.025863590142361524,4.0,4.0,83590.0,47,-0.12300444977177981,0.029549571674794873,0.2238721156230047,low
6250,0.26988815167148045,0.23042018857160265,0.22622907829647834,0.2734625814604385,4.887709902830284,0.0,0.000317057704502219,2.0,2.0,189240.0,47,-0.10797435013790764,0.05705132230831567,0.1247757185418847,low
6260,0.27251011890074595,0.23166602321504023,0.22299928319705833,0.27282457468715554,4.976526824462806,0.0,0.025,1.0,1.0,968760.0,47,-0.10575496115273156,0.050725154349007893,0.14177999365678584,low
6305,0.26941399072499966,0.2265863558771354,0.22709331360085416,0.27690633979701074,4.960289825209926,0.0,0.0777457907381836,3.0,3.0,452780.0,47,-0.12306268345250884,0.07158957630776265,0.12083619754147477,low
6330,0.2700767694775521,0.23804660527686833,0.20985224427133511,0.28202438097424437,4.627484545928485,0.0,0.018112778026571102,2.0,2.0,111650.0,47,-0.14676364056563398,7.225356470754434e-05,0.17840485505670728,low
6355,0.26901445049790573,0.23841339610924417,0.22650417747554516,0.26606797591730497,5.012234015459953,0.0,0.1463414634146341,1.0,1.0,650580.0,47,-0.0749749550565979,0.028379884156987598,0.12162357490038835,low
6360,0.2756591677862432,0.2269789117951069,0.21475211910989947,0.2826098013087504,4.79305954708551,0.0,0.03125,1.0,1.0,52700.0,47,-0.14973426560830913,0.05672014146207038,0.17655096889433744,low
6400,0.26632164101704797,0.2502910022482098,0.21108422636931393,0.2723031303654283,4.783642431483944,0.0,0.07382528384755553,2.0,2.0,58370.0,47,-0.10425833046809801,-0.04420778415539842,0.16436522058959638,low
6410,0.26316883952215336,0.25661754388329533,0.23662517694760035,0.24358843964695095,4.859964959200191,0.0,0.028262705155944836,2.0,2.0,216560.0,47,0.028988683127265446,-0.02282127616938505,0.07517849288897183,low
6441,0.2575370786046223,0.2257813826473103,0.2028337485797972,0.3138477901682702,4.830950258623431,0.0,0.0,1.0,1.0,33330.0,47,-0.27816932213605905,0.009967782069326222,0.168840859460205,low
6442,0.26524491979995624,0.22501584778352413,0.22641974002075602,0.28331949239576376,4.867842095435704,0.0,0.0555555555555555,1.0,1.0,417620.0,47,-0.15025847767513356,0.06968899956140018,0.11190890512659249,low
6460,0.2677870751015289,0.24506846451264275,0.22279664873701216,0.26434781164881627,4.8342958089798485,0.0,0.0384615384615384,1.0,1.0,26980.0,47,-0.06749451532078075,-0.002704074106488877,0.13006006120363672,low
6500,0.2750761636651113,0.2393226254290232,0.2092427981952103,0.2763584127106552,4.774575350848819,0.0,0.0,1.0,1.0,16420.0,47,-0.12318923030212471,0.0020078598015972554,0.19343098795747168,low
6515,0.2601658863008542,0.2439516057830651,0.2257342019185062,0.2701483059975745,4.895673275626574,0.0,0.0,1.0,1.0,129890.0,47,-0.09216408021380477,-0.005414219901862126,0.10038175715096696,low
6520,0.26586984256823165,0.23140455508280586,0.21567206089722066,0.28705354145174183,4.8158362157911885,0.0,0.0394736842105263,1.0,1.0,122630.0,47,-0.16687526343379716,0.02793679544075894,0.14796057931740156,low
6530,0.28376131535193055,0.22523554406059484,0.18873083317938297,0.30227230740809163,4.763881877142913,0.0,0.0,1.0,1.0,68620.0,47,-0.23913353761348102,0.022111482083465722,0.28836635416292233,low
6540,0.26364861514137006,0.23607697566836014,0.22053991694064362,0.27973449224962627,4.914784968439421,0.0,0.11,1.0,1.0,16420.0,47,-0.1347157055118717,0.017301595688766568,0.1262457880197212,low
6600,0.2734631061606065,0.22861001860553826,0.20787780593933022,0.2900490692945251,4.788221292199252,0.0,0.0,6.0,6.0,179600.0,47,-0.18186984098176448,0.034326332978796344,0.19390019246305895,low
6660,0.2754057278277789,0.2486931530668017,0.2617403946224497,0.2141607244829697,4.819071155935369,0.0,0.1379310344827586,1.0,1.0,117830.0,47,0.17367793345874813,0.06252685808678417,0.03598624233998073,low
6700,0.2513301694824717,0.224628292038013,0.2175278228020946,0.3065137156774208,4.937849524370603,0.0,0.0789473684210526,1.0,1.0,22510.0,47,-0.2460223027214732,0.03274161612738866,0.10213501804881917,low
6710,0.24562922734821754,0.25299142391469065,0.21515830037019745,0.28622104836689444,4.805495367221621,0.0,0.0256410256410256,1.0,1.0,24470.0,47,-0.16216048684677264,-0.07818524273411269,0.09365569570242618,low
6720,0.25898445935169906,0.23729303952272945,0.24710915149556337,0.25661334963000815,4.887940214078852,0.0,0.032258064516129,1.0,1.0,44240.0,47,-0.03083552481693366,0.052258452439282156,0.03319011409672724,low
6730,0.25252438159185575,0.26996710649146094,0.23785842552454795,0.23965008639213545,4.944281793546234,0.0,0.0,1.0,1.0,141150.0,47,0.04732653208246111,-0.07896207663275139,0.04230772527224309,low
6740,0.27646006703440923,0.22532421360283672,0.22202104952285043,0.27619466983990365,4.95350040939126,0.0,0.0,1.0,1.0,21030.0,47,-0.12151460252204734,0.07746836024079966,0.1550644105650523,low
6750,0.27265426315085,0.2253379734975237,0.219682773390443,0.2823249899611832,4.771616393623756,0.0,0.09375,1.0,1.0,28620.0,47,-0.14756670429598215,0.06743705097285456,0.15274920023204402,low
6765,0.26159420359749724,0.254053703810719,0.22094620387432184,0.2634058887174618,4.937243485730077,0.0,0.14166666666666666,2.0,2.0,30920.0,47,-0.06317050474574848,-0.045061483510121216,0.11941280710776292,low
6800,0.24921527008622169,0.2468140508921572,0.2260869720034932,0.277883707018128,4.956953263992907,0.0,0.09756161366186973,3.0,3.0,51920.0,47,-0.12520882040070838,-0.0318570947572278,0.06887029437381702,low
6821,0.26524748555125655,0.22935240865785905,0.21193277995670165,0.2934673258341828,4.906385272722456,0.0,0.0,1.0,1.0,35720.0,47,-0.19430918212965503,0.02711299389278339,0.15867062455037215,low
6825,0.2604919415018535,0.22459593472235187,0.21429268887205258,0.3006194349037421,4.877713239597068,0.0,0.1136363636363636,1.0,1.0,15800.0,47,-0.22323760071142285,0.04135915560806878,0.1380478490664978,low
6835,0.2675323713795962,0.2260764036986665,0.252507222700606,0.2538840022211313,4.976250867234425,0.0,0.1145833333333333,1.0,1.0,5370.0,47,-0.01994138888130343,0.1138744933286369,0.0408712813921734,low
6850,0.26525076879745274,0.22022347122746516,0.20552717267558718,0.308998587299495,4.778105329957581,0.0,0.059249491555398354,3.0,3.0,21040.0,47,-0.2595516753561,0.0477521125935892,0.1803811180562444,low
6920,0.2679998775757686,0.2206614051820192,0.2152846652896698,0.2960540519525424,4.729950902885397,0.0,0.0,1.0,1.0,34520.0,47,-0.20555084458431247,0.06927518451128495,0.15487430791800752,low
6950,0.2589223620870231,0.22266808789766945,0.2234140343223522,0.2949955156929552,4.854031692149479,0.0,0.07021166752710374,2.0,2.0,10430.0,47,-0.1990828537694492,0.06294797838989437,0.10429934646829594,low
7000,0.26677254966553543,0.23335552450600636,0.25247208202258237,0.24739984380587585,5.007764510671235,0.0,0.2692307692307692,1.0,1.0,526240.0,49,0.010751058416369867,0.08678166734992238,0.038958574962220834,low
7010,0.25647344304006225,0.20691458659724593,0.2546923774633952,0.28191959289929674,4.760291822855391,0.0,0.2040816326530612,1.0,1.0,86420.0,49,-0.14591894001984748,0.17247241498406868,0.004927593329256133,low
7020,0.2684373350513954,0.2252767330717213,0.24799543192440018,0.25829049995248327,4.887237722247816,0.0,0.1943267057131114,2.0,2.0,186530.0,49,-0.04009621572090217,0.11078580033955038,0.05600792799147997,low
7030,0.26129932115387716,0.21522727639195705,0.25935227437638064,0.26412112807778515,4.922750808785736,0.0,0.14,1.0,1.0,18910.0,49,-0.06745617219560249,0.15532406591769438,0.005288666776441586,low
7040,0.26090262122618574,0.21340720112766265,0.24563792011080166,0.28005225753534996,4.949823154699498,0.0,0.0192307692307692,1.0,1.0,15880.0,49,-0.13675140277850298,0.13945829170438012,0.04263051801912782,low
7050,0.2603995368970628,0.214354716201966,0.2438812155714675,0.2813645313295037,4.880526608749236,0.0,0.16,1.0,1.0,10710.0,49,-0.14215017967855598,0.13212303823623772,0.04634084152396116,low
7100,0.26912303232359114,0.19823047363095303,0.25873949297046456,0.2739070010749913,4.882061476624761,0.0,0.24458801832351712,2.0,2.0,73270.0,49,-0.11487687457836868,0.23357095445601553,0.027822465038026004,low
7110,0.27801162839806853,0.23279320879028056,0.23498937113735865,0.25420579167429225,4.94826331320342,0.0,0.125,1.0,1.0,9000.0,49,-0.022250692029071924,0.07630247847236343,0.11888067130765975,low
7120,0.2669693669821179,0.2327528971732499,0.2510057848199407,0.2492719510246914,4.8507012561799305,0.0,0.0952380952380952,1.0,1.0,21540.0,49,0.0020074039379465716,0.08681611371814725,0.043598744275295725,low
7130,0.273227819720215,0.21177214352399787,0.23967713716524666,0.27532289959054057,4.889295942237095,0.0,0.1833333333333333,1.0,1.0,77420.0,49,-0.11798850134732349,0.15455337369037794,0.09264031917216113,low
7140,0.26496012129443913,0.21080215423977766,0.25536396228501035,0.26887376218077297,4.984291318756654,0.0,0.0597014925373134,1.0,1.0,125440.0,49,-0.08935556472375922,0.17163945629490862,0.02608481445390643,low
7150,0.280763894868088,0.2159183551424494,0.2386604064302278,0.2646573435592348,4.866918876413368,0.0,0.0425531914893617,1.0,1.0,137300.0,49,-0.07154863881933722,0.14809412114309745,0.11488536156787187,low
7160,0.27113363178695005,0.22646944676757247,0.22185052174721084,0.28054639969826667,4.637056374850413,0.0,0.0,1.0,1.0,16230.0,49,-0.13942769664653795,0.06507296049290182,0.14185126014998067,low
7200,0.2713254208558042,0.2127720010072701,0.2272846242907228,0.2886179538462029,4.879691028162049,0.0,0.0727272727272727,1.0,1.0,629780.0,49,-0.17481253649661152,0.12618123865512706,0.1252398057757797,low
7210,0.2587954024999069,0.19021212004226745,0.2479668227841572,0.3030256546736685,4.891926830363372,0.0,0.0,1.0,1.0,261420.0,49,-0.2378624755806562,0.23394791351620647,0.03022375177486967,low
7220,0.2608624353228607,0.20902182112811177,0.23732003617979114,0.2927957073692365,4.919810862241223,0.0,0.12650252318191713,3.0,3.0,203060.0,49,-0.1912715010603834,0.14228493418328328,0.0668807097596485,low
7240,0.2633621889784589,0.21012138715121212,0.24176059947509104,0.2847558243952379,4.8837186145800064,0.0,0.06326304190315175,3.0,3.0,72800.0,49,-0.15753942150766456,0.1494627249902866,0.06051579005860733,low
7260,0.26585718032595684,0.23695413968758566,0.22842612598353504,0.26876255400292254,4.851190086426996,0.0,0.01996615117976515,3.0,3.0,123970.0,49,-0.08644265680224898,0.03202253407928779,0.10730090161193835,low
7300,0.2602787639671731,0.22185283321941038,0.23603028272893495,0.28183812008448167,4.884599532372246,0.0,0.07031885526824645,2.0,2.0,68170.0,49,-0.14326109880492435,0.09050245774993526,0.06915017287161972,low
7315,0.2623473192054046,0.2329302433089773,0.2294961185516001,0.2752263189340179,4.915958247154348,0.0,0.1403508771929824,1.0,1.0,356960.0,49,-0.1144558801308605,0.042489396464498605,0.09459897608230718,low
7320,0.2623027013161832,0.2288604442378754,0.2417997520441015,0.2670371024018398,4.8507012561799305,0.0,0.109090909090909,1.0,1.0,28120.0,49,-0.07835836104747017,0.07813230927972552,0.0575509066230034,low
7330,0.2674940974037061,0.20097583921469697,0.24795484513233135,0.2835752182492656,4.863474406066631,0.0,0.14490495199050593,2.0,2.0,373750.0,49,-0.15499065332015186,0.20248084705674205,0.053634648134033555,low
7340,0.26556486567579046,0.21199754250926434,0.23805188007133482,0.28438571174361044,4.96109484853612,0.0,0.0784313725490196,1.0,1.0,1416740.0,49,-0.1559053364817589,0.13929366109205274,0.07733661697594045,low
7350,0.25321201622647566,0.20133138546223214,0.23210029826616765,0.31335630004512455,4.785406236291025,0.0,0.1142857142857142,1.0,1.0,57660.0,49,-0.2758792242954342,0.15166108668868852,0.06155898271313137,low
7360,0.2573087300199056,0.2353725236507054,0.223736015033259,0.28358273129613,4.970507503005476,0.0,0.0434782608695652,1.0,1.0,39240.0,49,-0.15028391092777357,0.015678599437690142,0.09886045447292834,low
7410,0.26042935164338404,0.23172001289910282,0.19791435054637121,0.30993628491114195,4.85257698943798,0.0,0.0,1.0,1.0,123940.0,49,-0.26367715078742654,-0.01669474971036243,0.19409887212257507,low
7420,0.25798605120706763,0.23449550499037455,0.24199225522567294,0.26552618857688487,4.919104629583938,0.0,0.03125,1.0,1.0,101530.0,49,-0.07098312661121318,0.05182238576580467,0.045254689694033574,low
7430,0.2722305136584888,0.21121209944729027,0.26441588828468665,0.2521414986095343,4.8946397138885125,0.0,0.23629091291342946,4.0,4.0,63420.0,49,-0.015281328778464796,0.19532504882879,0.020595182248687602,low
7440,0.2520992878476636,0.2010565719036329,0.247146332129551,0.2996978081191524,4.979007018638079,0.0,0.0434782608695652,1.0,1.0,10100.0,49,-0.2208174407451034,0.17662085262052582,0.014030702900892951,low
7510,0.2548147942056405,0.1987039985115024,0.264735213488988,0.2817459937938691,4.650717000944062,0.0,0.1964285714285714,1.0,1.0,27540.0,49,-0.14778273545798196,0.2186718977984757,-0.027006633969371672,low
7520,0.25853864905721746,0.23534218674854035,0.23224298614661465,0.27387617804762765,4.91338990965742,0.0,0.0888888888888888,1.0,1.0,2670.0,49,-0.10801021373634022,0.03296532909936736,0.07584499312290938,low
7540,0.26114126339770066,0.23748425790011995,0.24532047390194575,0.25605400480023366,4.943925528623873,0.0,0.08,1.0,1.0,15380.0,49,-0.028416280792974462,0.05202072610223064,0.04419140723413156,low
7550,0.25546249941515,0.25522855939737055,0.21681560847798623,0.27249333270949333,5.065060346074329,0.0,0.1153846153846153,1.0,1.0,3530.0,49,-0.10350738444399359,-0.0662162490293913,0.11598556831217527,low
7560,0.26620929016094236,0.21263966558832972,0.23125949905598742,0.28989154519474053,4.821409960985506,0.0,0.037037037037037,1.0,1.0,17980.0,49,-0.1792956450079762,0.12599571538951485,0.09951987148617818,low
7610,0.26590816957194974,0.22024770778367772,0.21206905336284032,0.30177506928153225,4.842847607079338,0.0,0.0,1.0,1.0,88480.0,49,-0.22927444753880039,0.0614647408284596,0.15997518548686468,low
7640,0.2673873547269781,0.21037468729487252,0.23902169346920515,0.2832162645089443,4.926332977704572,0.0,0.29385844548783746,2.0,2.0,172160.0,49,-0.1514070823920682,0.15001996158052655,0.07929782413373972,low
7700,0.26312212215026826,0.23792454494947976,0.2643437993579408,0.23460953354231126,4.974731739749902,0.0,0.225,1.0,1.0,629420.0,51,0.07160721244717914,0.08408348034800579,-0.0032755017810512537,low
7710,0.2678678866616505,0.2175039790175276,0.2556314299003077,0.2589967044205142,4.871219958312758,0.0,0.025,1.0,1.0,33320.0,51,-0.04445547667520047,0.15096870300153298,0.03306234635799014,low
7720,0.28161844786164975,0.2231935647477911,0.23478685880598255,0.2604011285845766,4.7530966712684,0.0,0.1387897512897513,3.0,3.0,11100.0,51,-0.05178805442933872,0.11559650575925143,0.12860505588995977,low
7730,0.2581962121788746,0.2160058967058978,0.2250907359958164,0.3007071551194111,4.768054048889571,0.0,0.0,1.0,1.0,45990.0,51,-0.2231116845146717,0.08965621803486071,0.09702651696015513,low
7740,0.2642777836925277,0.2087940500996213,0.2204991710900546,0.3064289951177965,4.670676988190211,0.0,0.0227272727272727,1.0,1.0,61070.0,51,-0.24846705843839131,0.11847282790261454,0.128061864264661,low
7750,0.2741524983694804,0.21954239501433004,0.23777469299004372,0.26853041362614577,4.8027950277285845,0.0,0.0881353246836837,3.0,3.0,1346490.0,51,-0.08727778329272705,0.12325724496611318,0.10066439861340523,low
7800,0.28634441258354515,0.24552956896284922,0.24587942585792313,0.22224659259568252,4.666265285347902,0.0,0.1176470588235294,1.0,1.0,181800.0,51,0.13108488397424714,0.0633608839988309,0.10773058127479807,low
7810,0.2642116763118678,0.24586308645401259,0.23651599280789715,0.2534092444262224,4.806613021935432,0.0,0.010536279515734019,3.0,3.0,364480.0,51,-0.016591894885049623,0.013560689920398007,0.07830129799265012,low
7830,0.257117150052086,0.2307231171394042,0.2591643877187036,0.2529953450898062,4.874891933062879,0.0,0.0666666666666666,1.0,1.0,21050.0,51,-0.014982390990714993,0.09167527705242963,-0.0056078829800086495,low
7840,0.27278268898874214,0.20383083028758234,0.26388335180931755,0.25950312891435806,4.831109824604303,0.0,0.1538461538461538,1.0,1.0,155240.0,51,-0.05047001775937425,0.22437401587247224,0.02345353753996366,low
7850,0.28547562974124685,0.18844464132346686,0.26802513192138083,0.25805459701390554,4.760891060984867,0.0,0.032258064516129,1.0,1.0,26710.0,51,-0.05065435569003949,0.3133831656902761,0.044601406226828226,low
7905,0.2692737782961759,0.20258051253307757,0.2510414819127197,0.2771042272580268,4.872248983559444,0.0,0.20488720166785945,2.0,2.0,183640.0,51,-0.12721823800668833,0.20374529763988336,0.04957556271479418,low
7925,0.2639634861096103,0.21491326374891143,0.24760600151585468,0.2735172486256236,4.840213292158758,0.0,0.07564178243394,3.0,3.0,102640.0,51,-0.108602464727516,0.14173585297583344,0.04523503791761414,low
7950,0.26956506012064235,0.20154864420894036,0.24014915549586255,0.28873714017455465,4.765160922297032,0.0,0.02,1.0,1.0,179630.0,51,-0.1767989210670054,0.19024715623016414,0.08170587754177447,low
8000,0.25079197170483297,0.21060800391820525,0.26660345057011897,0.27199657380684283,4.809334770704498,0.0,0.064516129032258,1.0,1.0,67750.0,51,-0.10305230535759685,0.16754058295983465,-0.04323148544254619,low
8025,0.26141338775407047,0.2080720948104209,0.24944468729528357,0.2810698301402251,4.76606997772558,0.0,0.04017689057373151,3.0,3.0,41420.0,51,-0.14219692331204567,0.1672066414869989,0.03313913846158116,low
8030,0.26172229040434813,0.20542052853199094,0.24891907392494286,0.28393810713871814,4.818667360250496,0.0,0.1326530612244897,1.0,1.0,333220.0,51,-0.15496017372825,0.17729951659644727,0.035465748123036274,low
8040,0.26801182247703653,0.2147355021458988,0.2440915465700305,0.2731611288070343,4.832471587974306,0.0,0.02928539122568969,2.0,2.0,22110.0,51,-0.10744604620793857,0.1427890619526893,0.0661058201943656,low
8060,0.2635621885487418,0.203902352859283,0.2488294154791005,0.2837060431128748,4.76157224538105,0.0,0.10894558301829103,2.0,2.0,5780.0,51,-0.15447519660845324,0.18606916026348522,0.04067403116793219,low
8100,0.2698542988820567,0.20446705002591797,0.23105699690977247,0.29462165418225283,4.739028904069249,0.0,0.032198688457319574,2.0,2.0,176820.0,51,-0.20095327876592653,0.16319028272739922,0.10975553038636218,low
8130,0.2862852133241797,0.1939739028756667,0.2448083037645352,0.2749325800356184,4.78105440081804,0.0,0.109375,1.0,1.0,63630.0,51,-0.12251085468890312,0.25393728562218687,0.11067146913086863,low
8140,0.2776132651119289,0.20781750277534805,0.2316253813732683,0.28294385073945477,4.6269190450949775,0.0,0.040449894648145815,2.0,2.0,427580.0,51,-0.15234390413558693,0.1624949590555236,0.1280624696149594,low
8225,0.27865112991517493,0.2079907352544085,0.2461505312764798,0.26720760355393686,4.90622399182055,0.0,0.11436765882982947,5.0,5.0,194670.0,51,-0.08391218131911879,0.18816847939343184,0.08769347694202875,low
8250,0.28950790855216363,0.22674001111514847,0.26904371018997586,0.21470837014271205,4.829433110570218,0.0,0.109375,1.0,1.0,25840.0,51,0.1671482260354324,0.16960609956644307,0.051837119050318424,low
8255,0.25621514794897393,0.23037435385600852,0.24220034063767773,0.27121015755733985,4.947269418474436,0.0,0.125,1.0,1.0,145290.0,51,-0.09618472651411832,0.06383840909485161,0.039776365568804775,low
8256,0.27220415686392047,0.21383873046318913,0.24109211334721953,0.27286499932567093,4.821893169499378,0.0,0.0641025641025641,1.0,1.0,40810.0,51,-0.10680342723560575,0.1474948675047629,0.08582387495368182,low
8300,0.24548620407931712,0.25872492437073746,0.22088944912156594,0.27489942242837945,4.701752283834336,0.0,0.05,1.0,1.0,157400.0,51,-0.11331866099951593,-0.08598842371046263,0.07465520563981842,low
8310,0.27169519865726116,0.21474211519433314,0.21547277105768786,0.29808991509071786,4.636668853047462,0.0,0.0208333333333333,1.0,1.0,26910.0,51,-0.2151300259990488,0.09742425200546273,0.16394008783298336,low
8320,0.2617454406084268,0.2224470524130893,0.230779212083571,0.2850282948949129,4.614724398792903,0.0,0.0232558139534883,1.0,1.0,116220.0,51,-0.15710923885789582,0.08142744002628478,0.08903250007953392,low
8335,0.2772174655292797,0.22310469599150062,0.23381548512387512,0.26586235335534464,4.749829036816989,0.0,0.0443192303535951,2.0,2.0,9230.0,51,-0.0756214587098353,0.10779888023356086,0.12039906674947426,low
8350,0.3041092167958909,0.22241523553629636,0.2167017117906735,0.25677383587713914,4.644992203046817,0.0,0.06302472014925364,2.0,2.0,21440.0,51,-0.041607402027576124,0.11709237856425932,0.23961380643591712,low
8365,0.2641182916352753,0.2096451052488241,0.24188040321511992,0.28435619990078065,4.699746083416746,0.0,0.10710854517245491,4.0,4.0,56700.0,51,-0.15600767131432627,0.1526882194509894,0.06219263985207805,low
8450,0.2765259574330007,0.23580311343177845,0.23172542095144355,0.25594550818377737,4.808029393999594,0.0,0.088235294117647,1.0,1.0,28020.0,51,-0.030033374832530005,0.057915511794811726,0.12498222298223381,low
8465,0.27703759183048393,0.20505538791448086,0.25482132183023437,0.26308569842480095,4.820473864480075,0.0,0.10510398769329121,2.0,2.0,17260.0,51,-0.06623464764090224,0.21153611879675432,0.05910748484776134,low
8500,0.2833359826617609,0.2072726003869312,0.22213106809291,0.2872603488583979,4.792893792071041,0.0,0.0441176470588235,1.0,1.0,93070.0,51,-0.17240573281836274,0.15588199255651453,0.17208561234805594,low
8510,0.28531004447312025,0.23826992649261464,0.23737124686038202,0.23904878217388303,4.818425004551931,0.0,0.0714285714285714,1.0,1.0,16300.0,51,0.04809416549951488,0.07201233274559675,0.13007307468041931,low
8530,0.2554427416834662,0.2184204560076961,0.2152341619740317,0.3109026403348059,4.665888921022797,0.0,0.0147058823529411,1.0,1.0,45350.0,51,-0.26479958895069805,0.05792269096907083,0.12110739506695883,low
8540,0.26695460334497817,0.20231696379184086,0.22946371184145686,0.30126472102172414,4.615714399863762,0.0,0.0326086956521739,1.0,1.0,67210.0,51,-0.22843121396681923,0.16458624833584068,0.10700909988768324,low
8555,0.29110254421375137,0.19799334551409625,0.2385988312681481,0.2723052790040042,4.824247561272264,0.0,0.20279720279720276,2.0,2.0,550.0,51,-0.11087398050582457,0.23351490265676672,0.14063786732208122,low
8600,0.2706106834069024,0.21436155262219694,0.2656910179578114,0.2493367460130893,4.862911716686893,0.0,0.14311740796547423,3.0,3.0,43440.0,51,-0.001655205268534957,0.18276747979393076,0.012973393052232482,low
8610,0.26791733300137316,0.20487503896127876,0.26932582899572394,0.25788179904162417,4.971547905388209,0.0,0.1046511627906976,1.0,1.0,29820.0,51,-0.04286923957157136,0.221188893698805,-0.003707666923281582,low
8620,0.26694868781825304,0.21656482569526045,0.26947121034077554,0.24701527614571095,4.953076800234967,0.0,0.125,1.0,1.0,121150.0,51,0.009542849975737476,0.17462337298980127,-0.006650409262038522,low
8630,0.26554952705473667,0.2099413624500736,0.27431543633436734,0.25019367416082233,4.824872546829074,0.0,0.13374363879390838,4.0,4.0,86500.0,51,-0.006869787176851769,0.20511353782123543,-0.02296492321350419,low
8640,0.25877323783739387,0.219114170151447,0.2645637813581059,0.2575488106530534,4.853346832171202,0.0,0.07165552688294578,2.0,2.0,154790.0,51,-0.03752786713755458,0.1448663639054386,-0.01564842365647881,low
8650,0.2581062197197692,0.21709817633284278,0.24689237154632404,0.27790323240106407,4.785531252031645,0.0,0.07808520423964238,3.0,3.0,155920.0,51,-0.12677039336995674,0.123137625259644,0.031408767939687963,low
8710,0.2502757538458662,0.23073973109875848,0.24916074117159678,0.2698237738837786,4.830370435430211,0.0,0.049770413611447274,2.0,2.0,63850.0,51,-0.08988051558509216,0.06453622460576151,0.0031572956356531066,low
8720,0.25723078901527996,0.20312262529665523,0.26516887428831976,0.27447771139974514,4.828393734102471,0.0,0.075,1.0,1.0,56570.0,51,-0.11560276974483759,0.2052349291469889,-0.021491231337927078,low
8730,0.27268742795543843,0.20255614571637284,0.24576812346919905,0.27898830285898973,4.817131447899731,0.0,0.04,1.0,1.0,14180.0,51,-0.13561315972251373,0.20031946253084362,0.07349504032025433,low
8740,0.268459264174779,0.2107589788433009,0.2730892665468248,0.2476924904350953,4.848821997933652,0.0,0.1770833333333333,1.0,1.0,551380.0,51,0.004806168253069905,0.20455995483112221,-0.012091200181227143,low
8750,0.29577414525302953,0.22374751252869834,0.23645039757056266,0.24402794464770947,4.714293613006445,0.0,0.125,1.0,1.0,24350.0,51,0.021363285771610573,0.13647663231190854,0.1582912904619118,low
8760,0.2816329799112531,0.22965934055673878,0.2542440413834713,0.23446363814853688,4.837970989572662,0.0,0.06125768188587772,3.0,3.0,68380.0,51,0.07031978221739646,0.12480361151977565,0.07234419023385352,low
8800,0.2711429363123278,0.22546631859878374,0.24500867739065754,0.25838206769823097,4.829273276797001,0.0,0.075,1.0,1.0,358640.0,51,-0.04076311762906968,0.10924649982657587,0.07166703598162022,low
8810,0.2740932903159361,0.2122846521174806,0.2527323539958002,0.26088970357078317,4.813636249382716,0.0,0.012266774068584346,2.0,2.0,157260.0,51,-0.05443418344050098,0.17552366540154438,0.05737286558466244,low
8830,0.26951534341929956,0.23547321628697335,0.25760059892298537,0.23741084137074175,4.817778435386918,0.0,0.17,1.0,1.0,5740.0,51,0.057809035107960274,0.09179107203612955,0.03197183480808976,low
8850,0.26623488476246254,0.19678230612877662,0.23633169118407002,0.30065111792469085,4.799255609702288,0.0,0.0,1.0,1.0,12510.0,51,-0.2269385624898788,0.19817151306863526,0.08424657940099078,low
8865,0.25313662982412266,0.21116224689793253,0.26638106328560696,0.26932005999233777,4.870046404263771,0.0,0.04813742135224207,2.0,2.0,21080.0,51,-0.0912841133505007,0.16885299238926432,-0.03606136438247456,low
8910,0.2765125837030474,0.2155192665230319,0.2447205274662335,0.2632476223076871,4.82895353258964,0.0,0.0303030303030303,1.0,1.0,7110.0,51,-0.06462335300220755,0.15361263226724844,0.08636565129168246,low
8920,0.2643789707128302,0.2109233054891742,0.2392336229221886,0.2854641008758069,4.751087060888247,0.0,0.0172413793103448,1.0,1.0,38420.0,51,-0.16051206636800583,0.14363602607835554,0.0706703678548712,low
8930,0.2583971266959216,0.230036997308726,0.2438826025587961,0.2676832734365563,4.856317933711899,0.0,0.0263157894736842,1.0,1.0,87480.0,51,-0.08082575247331397,0.07132273875286503,0.04087832370683372,low
8940,0.2697206464732956,0.21471550428360686,0.24457277943496405,0.27099106980813353,4.86599480426999,0.0,0.0,1.0,1.0,17240.0,51,-0.09816224027827922,0.14626388242547367,0.06920726280454488,low
8950,0.2527898686590119,0.21548086370821132,0.23800392076820473,0.29372534686457213,4.759520845818016,0.0,0.0555555555555555,1.0,1.0,202860.0,51,-0.19347514742665012,0.10577775264077914,0.04261834224644109,low
8990,0.2682921272696512,0.217666912288394,0.2445645455431607,0.269476414898794,4.824626949444306,0.0,0.0625,1.0,1.0,24020.0,51,-0.09090985329582627,0.13293533516451675,0.06547607265591497,low
9005,0.2620094019539714,0.24895720067040011,0.25914335935903204,0.22989003801659652,4.969882741609291,0.0,0.0,3.0,3.0,8590.0,53,0.09533193436878436,0.03723216831097597,0.007777445445890548,low
9030,0.2859711982636617,0.21507550482702106,0.26245926910488065,0.23649402780443662,4.889923928876328,0.0,0.22335571625344353,2.0,2.0,124080.0,53,0.057506191591101825,0.19759572500495118,0.06066636467224339,low
9040,0.30224455817640755,0.24769098271913859,0.2710646118899659,0.1789998472144881,4.8657459257160465,0.0,0.3151838998443176,2.0,2.0,33840.0,53,0.3647758966059203,0.11807758531833698,0.07698927172689707,low
9050,0.29153731315314424,0.25244236090723404,0.24584455091166893,0.21017577502795282,4.811533737262284,0.0,0.1458333333333333,1.0,1.0,96900.0,53,0.19260917847804182,0.04796979990961523,0.12053948339785929,low
9110,0.25463699453890204,0.22966660939620473,0.2557276838225321,0.25996871224236123,4.894026568667641,0.0,0.0454545454545454,1.0,1.0,11710.0,53,-0.046506430898500054,0.08601573369296761,-0.0030222897289961283,low
9121,0.279396935728621,0.2341769053796074,0.2351950658377796,0.2512310930539919,4.753331536968612,1.0,0.1764705882352941,1.0,1.0,361420.0,53,-0.008658540105036083,0.07385009304144242,0.12177668691170848,low
9122,0.26799688541085204,0.24786820120625142,0.23467978871044393,0.24945512467245262,4.787908322667263,0.0,0.1666666666666666,1.0,1.0,145720.0,53,0.0012290016987859442,0.009554245467456035,0.09387081176939412,low
9130,0.26491373271727564,0.21756168415322533,0.2466470912969574,0.2708774918325417,4.738871483822057,0.0,0.1911826215464638,3.0,3.0,3390480.0,53,-0.0967508542767416,0.13161840769101188,0.050519739874162244,low
9141,0.2605484264814078,0.2426699455674551,0.2470438991001554,0.2497377288509816,4.868994921909306,1.0,0.173076923076923,1.0,1.0,175660.0,53,0.0008149921779432572,0.03631378722201843,0.03763412651899259,low
9210,0.27226024378563224,0.21536148275045822,0.24182781786540994,0.27055045559849966,4.878701515347992,0.0,0.2141422113797804,2.0,2.0,43440.0,53,-0.09643872087957156,0.1430291766658129,0.08381507160825444,low
9240,0.26721327327664324,0.22056388504547825,0.26290122520900666,0.24932161646887196,4.758749273916392,0.0,0.2083333333333333,1.0,1.0,48030.0,53,-6.298814013529723e-05,0.1500111388470804,0.011503724905304295,low
9265,0.27595257415007035,0.22157274438514615,0.23039208369238182,0.27208259777240174,4.780420259765902,0.0,0.10501183086999755,2.0,2.0,26510.0,53,-0.1032171007333396,0.10553613578830391,0.12759490766189088,low
9300,0.2670577986503208,0.2128460842017707,0.2394740940667857,0.2806220230811228,4.909340575944674,0.0,0.0106382978723404,1.0,1.0,26610.0,53,-0.13987646897456982,0.14075248298518125,0.07708868586376992,low
9310,0.26114192527201524,0.23254253595337016,0.23666409643070457,0.2696514423439101,4.92389223028905,0.0,0.2030362388228351,2.0,2.0,36230.0,53,-0.08966581594711545,0.054525453232376564,0.06959501448828602,low
9330,0.25630381924920825,0.19535916620901767,0.24202735412642906,0.30630966041534513,4.831747834036583,0.0,0.140625,1.0,1.0,7650.0,53,-0.24928126327873001,0.1983004030761708,0.04052625636909973,low
9350,0.25806150162076924,0.25651958064421926,0.24023596063429026,0.24518295710072124,4.658426552288523,0.0,0.125,1.0,1.0,91160.0,53,0.021942329032696873,-0.024327701151755494,0.05061210494392015,low
9365,0.2661364548179265,0.2307896537889694,0.2292556580841573,0.2738182333089468,4.847017722096073,0.0,0.0652173913043478,1.0,1.0,111480.0,53,-0.1088420293067635,0.055453812498986316,0.10548008983621239,low
9410,0.30426126876123605,0.21894935229055076,0.26627779813921526,0.21051158080899796,4.848508444587821,0.0,0.3181818181818182,1.0,1.0,25070.0,53,0.1855157241757474,0.21422666427262052,0.0942903213729746,low
9415,0.26117332962609874,0.29064178625119935,0.21977542478871553,0.22840945933398651,4.561740628060756,0.0,0.1388888888888889,1.0,1.0,21240.0,53,0.09712831987722138,-0.15774409960776142,0.12203111405029513,low
9430,0.2566318615775824,0.22713309599176995,0.2698747780452907,0.24636026438535702,4.801407136896199,0.0,0.31083424055481623,2.0,2.0,11810.0,53,0.014650837197843705,0.1202406896291911,-0.03557839848008437,low
9510,0.2686296320977655,0.2159125277451699,0.2237760086939137,0.2916818314631508,4.847645665601793,0.0,0.0263157894736842,1.0,1.0,43400.0,53,-0.18710138770309323,0.10378996957459986,0.1291799294216797,low
9570,0.2638571714376425,0.22420647047684378,0.23592981380662278,0.2760065442788909,4.8459318209614235,0.0,0.12762976501070988,3.0,3.0,32910.0,53,-0.11828869463344814,0.08728657090298525,0.07910656549286268,low
9600,0.25749768986835225,0.22606290694935854,0.24320495039376747,0.27323445278852176,4.918885435486688,0.0,0.03125,1.0,1.0,758290.0,53,-0.10544209178989747,0.08299223732303486,0.040380212066630373,low
9610,0.24614895994109343,0.25000964422004107,0.24198565314590711,0.26185574269295836,4.8304714078561,0.0,0.0,1.0,1.0,351960.0,53,-0.0540014298556996,-0.019670899774308602,0.012062139315850689,low
9620,0.25866089862997627,0.22699479133862685,0.20931795612024184,0.30502635391115507,4.688131706702439,0.0,0.06,1.0,1.0,2729010.0,53,-0.24159081043074218,0.020215722981648445,0.14966870684141353,low
9630,0.25445029042464923,0.21216409676566333,0.24760775803113064,0.28577785477855694,4.614427207250768,0.0,0.0909090909090909,1.0,1.0,60880.0,53,-0.1608881638161344,0.13726586748893255,0.019275462986163065,low
9640,0.2668225558288928,0.2364067837863681,0.2361242708994341,0.260646389485305,4.8672267108009,0.0,0.1,1.0,1.0,585270.0,53,-0.0499401936608326,0.04892207786191581,0.0864265608561916,low
9645,0.25559323529570915,0.254674158584855,0.25621094808506956,0.23352165803436636,4.729421148325948,0.0,0.1909090909090909,1.0,1.0,2451430.0,53,0.07786977570277641,0.003926752556992722,-0.0017068602737289437,low
9650,0.2640549366258969,0.20926549919867793,0.2566319732025365,0.2700475909728886,4.931010341029503,0.0,0.06736083994967242,3.0,3.0,29550.0,53,-0.09479820632245517,0.1782382106414604,0.02016253261446829,low
9720,0.24641857334022935,0.22710965527998755,0.21088753704570265,0.31558423433408045,4.780383203544751,0.0,0.2321428571428571,1.0,1.0,126050.0,53,-0.282753638681791,0.003058053927854256,0.11010120407509093,low
9760,0.276415411920076,0.2067976423578811,0.2544962721128545,0.2622906736091884,4.937992914104144,0.0,0.125,1.0,1.0,12090.0,53,-0.06218876761352995,0.20318907450983076,0.05842021602663297,low
