cps_occ,c1_nonroutine_analytic,c2_nonroutine_interpersonal,c3_routine_cognitive,c4_residual,ln_T,exposure,n_soc,n_soc_exposure,emp_total,soc_major,z1,z2,z3,exposure_tercile
10,0.31193305943917904,0.28110441397099467,0.29544676890240545,0.11151575768742082,4.960744524482791,1.308912,1.0,1.0,200480.0,11,0.8450981184686449,0.06279876579945667,0.03839584884053867,high
20,0.27735969779838193,0.26575162178347234,0.27857333148138447,0.17831534893676124,4.989956282887855,0.6776147,1.0,1.0,2984920.0,11,0.3714954091758324,0.03669021508485699,-0.003087314209456086,low
40,0.3021186405733277,0.2507071756682089,0.3051205291240919,0.1420536546343716,4.803857096868311,1.217224,1.0,1.0,22520.0,11,0.602522101736104,0.15634089196378742,-0.006991225691953927,high
51,0.31286104565076844,0.28210047757085366,0.29229056745427623,0.11274790932410163,4.875884110209718,1.203774,1.0,1.0,278690.0,11,0.8343599221423442,0.056738726276330656,0.04809086029000879,high
52,0.28765973735351275,0.30257346446027916,0.27847299923443847,0.13129379895176962,4.93655809069994,1.293821,1.0,1.0,453800.0,11,0.6844807488174113,-0.054521066557337954,0.022950713393610427,high
101,0.2713196497140805,0.2476311500317689,0.2851459985082461,0.19590320174590456,4.967936539563141,0.7681937,1.0,1.0,224620.0,11,0.2700201693022907,0.0948843687654261,-0.035145808848655966,low
110,0.3053369287995381,0.2586981781509657,0.287001512726635,0.1489633803228611,4.929786706232935,0.9450699,1.0,1.0,485190.0,11,0.5558335408520723,0.1100552656559274,0.043789966776211615,mid
120,0.2986197919357005,0.2781284543942477,0.2939192330340816,0.1293325206359701,4.877941645704118,1.294551,1.0,1.0,681070.0,11,0.6995750177592457,0.051565854263664224,0.01121906460377691,high
135,0.31609328414087917,0.28367527534613973,0.30572202632976186,0.09450941418321923,4.8342958089798485,1.466744,1.0,1.0,15330.0,11,1.0047180694540745,0.07473118730876371,0.023589856212578114,high
136,0.30226490825688074,0.30602064220183484,0.28241829128440377,0.10929615825688072,4.970299292573381,1.359222,1.0,1.0,166530.0,11,0.8649174417378569,-0.03780870243863625,0.048022830486462935,high
137,0.29292465728994527,0.29356192559654737,0.27830315424033103,0.13521026287317653,4.965707660741121,1.336838,1.0,1.0,35830.0,11,0.6553565936288501,-0.022678510242487078,0.03620700050724791,high
140,0.2709441351824697,0.2358706094886988,0.2692709027640512,0.2239143525647803,4.963683439200464,0.3542972,1.0,1.0,192270.0,11,0.12329982419785804,0.11066134239405916,0.004380321501718539,low
150,0.29336822396620427,0.2855821385022916,0.28513693666509193,0.13591270086641222,4.922750808785736,1.393102,1.0,1.0,69310.0,11,0.6503531701209594,0.01034449115102834,0.02012356084347091,high
160,0.2837704018750846,0.2588072695149145,0.2819181146565789,0.17550421395342206,4.947056312453384,0.9045479,1.0,1.0,144640.0,11,0.3876550868890514,0.07251094630335007,0.004630709288288912,low
205,0.27295523319438103,0.23753272108671866,0.2581323801679817,0.23137966555091866,4.967101292072528,-0.1584996,1.0,1.0,5220.0,11,0.08686406188280853,0.09070035186447943,0.03948148108237343,low
220,0.2898443341259203,0.2512208757973582,0.2876551775237608,0.17127961255296079,5.001796345429051,0.6361951,1.0,1.0,284750.0,11,0.4120972794450675,0.11367322214031539,0.005360956544410233,low
230,0.2982143690663891,0.2858362514869173,0.2879759528670299,0.12797342657966368,4.987700828525561,1.2831719981750251,3.0,3.0,487130.0,11,0.7103258008147952,0.02035173561101762,0.024703204977539216,high
300,0.29453224817593404,0.24879370621188646,0.27935236882871334,0.17732167678346614,4.96109484853612,0.647411,1.0,1.0,187100.0,11,0.3754480279154236,0.11619331213797822,0.037416232098159925,low
310,0.25803806924524947,0.2621373362315871,0.27945943613503854,0.20036515838812505,4.811533737262284,0.0614931,1.0,1.0,210680.0,11,0.24664644556540538,0.019688663861094812,-0.056391781854487594,low
325,0.25691289108139687,0.26638971829157465,0.28596001557834616,0.19073737504868235,4.890349128221754,0.336732,1.0,1.0,12710.0,11,0.2993148265717237,0.014153311672452346,-0.07574168145052394,low
335,0.2770198327631,0.2745070202586636,0.2831102088331748,0.1653629381450617,4.955615767675482,0.7192592,1.0,1.0,3660.0,11,0.4504700822685305,0.01631837154446758,-0.015377557444186184,low
340,0.27057178161949336,0.28064329213663564,0.27598684746362223,0.17279807878024883,4.972725721023036,0.4639851,1.0,1.0,35920.0,11,0.40460818452060426,-0.021750750352797978,-0.014011873084671975,low
350,0.28655173726413086,0.27934159290450145,0.29429480533729824,0.13981186449406952,5.016683632630459,1.314992,1.0,1.0,436770.0,11,0.6218187703287616,0.03169245659366133,-0.018853517752177217,high
360,0.29268959737094585,0.24444910067380543,0.28790127813495964,0.17496002382028913,5.01747849257825,1.241343,1.0,1.0,74760.0,11,0.3888641304713704,0.14032149792624501,0.011663737460879219,high
400,0.27858777105699495,0.26966292134831465,0.28493983715738674,0.16680947043730374,4.975422538340511,0.8657041,1.0,1.0,12750.0,11,0.4412766538887691,0.035789391430584364,-0.015941647553320865,low
410,0.28061522486858337,0.28035563631643845,0.2915503926276852,0.14747874618729312,4.906311278124028,1.214595,1.0,1.0,234680.0,11,0.5678828796198115,0.01636236079721729,-0.027031589086493172,high
420,0.29347941002195577,0.27090407078949763,0.29533323334816725,0.14028328584037944,4.92180408038964,1.225244,1.0,1.0,156400.0,11,0.617962541329983,0.06792527123815884,-0.004452538141407972,high
425,0.28522616445266524,0.28588532032957803,0.28680006726080376,0.14208844795695302,5.018008048425669,0.901037,1.0,1.0,10320.0,11,0.6057297227562527,0.00036181544473666,-0.0038911507735762763,low
426,0.27046099563111453,0.2810117808883085,0.27061491527434384,0.17791230820623322,4.981442769995603,0.9099647,1.0,1.0,7350.0,11,0.3739350428754408,-0.03101399346372265,-0.0004023007649293993,mid
440,0.29196393282641564,0.25599058895835486,0.2859258942929938,0.16611958392223564,4.968576704379621,0.9099647,1.0,1.0,497890.0,11,0.44438069491547727,0.09882939096650288,0.014776842123719849,mid
500,0.3242876402021295,0.268087564999679,0.2863745999137923,0.1212501948843991,4.714293613006445,1.247628,1.0,1.0,12480.0,13,0.7611430575299951,0.10463580032233552,0.08791469687328139,high
510,0.3004510535414852,0.2604307756301101,0.2933199880412317,0.1457981827871729,4.863680881139593,0.736816,1.0,1.0,146340.0,13,0.5779899738157145,0.10690993986671514,0.016985224511210366,low
520,0.2913594809790622,0.2336904878927881,0.3118057603460139,0.16314427078213575,4.798266815950004,0.7911764,1.0,1.0,146340.0,13,0.4581364122311715,0.20777518666503894,-0.04795781778881577,low
530,0.29625431577691447,0.26392047784878564,0.30371883878569134,0.13610636758860853,4.908602568531104,1.495701,1.0,1.0,146340.0,13,0.6473997197719681,0.10452176301287973,-0.017595744608773185,high
540,0.3064918817923684,0.23838707212930166,0.3192935986159576,0.1358274474623724,4.855242973373364,1.0855099763062472,2.0,2.0,289570.0,13,0.6440463759358428,0.22188739879572864,-0.02893465613233717,mid
565,0.28396024166829076,0.22685636328201125,0.30335217306567924,0.18583122198401872,4.880830283212547,0.5718207,1.0,1.0,334340.0,13,0.32144817703407585,0.2102864651757378,-0.04671160385112352,low
600,0.31065338510889756,0.25284484214080705,0.29893634982272504,0.13756542292757043,4.864838511984673,1.13408,1.0,1.0,208950.0,13,0.634907949822914,0.15242210808733875,0.027186204721136396,mid
630,0.29274112143039505,0.27574042135719334,0.3140326154108853,0.11748584180152637,4.872848023580649,1.5464082838798627,3.0,3.0,805080.0,13,0.7936522245407426,0.07751234067724369,-0.049644678330087816,high
640,0.32724439108741865,0.25158327183813733,0.3039055874351548,0.11726674963928932,4.812184355372417,1.361838,1.0,1.0,87750.0,13,0.7915023683386024,0.18447771867206753,0.05231895772668071,high
650,0.2977071595872634,0.2813091093245553,0.2832233968475027,0.1377603342406786,4.898884030671591,1.322911,1.0,1.0,336030.0,13,0.6366019920708181,0.025898494221920094,0.035266486149764416,high
700,0.28917698728120383,0.26575357270936395,0.29898013824137715,0.14608930176805512,4.918666193332852,1.081353,1.0,1.0,189320.0,13,0.5765798663558078,0.08257929468194833,-0.0235736888564287,mid
710,0.30829197270318937,0.27364305394518945,0.29820150561532327,0.11986346773629793,4.94847616218787,1.547557,1.0,1.0,768450.0,13,0.7741058439655433,0.08375935463205543,0.023530990522107113,high
725,0.27215704031216287,0.25953202200055936,0.27994779528293096,0.18836314240434682,5.010501951873243,0.5130678,1.0,1.0,98150.0,13,0.31313959112124534,0.05030525513859738,-0.019957301597783215,low
726,0.30528401484919265,0.28623413036821843,0.2879802010764906,0.12050165370609833,4.90468201019345,1.404691,1.0,1.0,82080.0,13,0.7695946167845795,0.028787237880280987,0.041260252045307075,high
735,0.32200558818322467,0.25622512835117806,0.31279971058445005,0.10896957288114723,4.88302916949111,1.356259,1.0,1.0,727540.0,13,0.8639995864604821,0.17473804631855383,0.020510209591141294,high
750,0.30356848120813296,0.2547481539123909,0.30659675882550524,0.13508660605397083,4.8613506395050115,0.92503,1.0,1.0,1030330.0,13,0.6534645914050476,0.14721015614291214,-0.0070188633498670374,mid
800,0.3014061445359517,0.2626993150210319,0.317087004391154,0.1188075360518623,4.878017769481417,1.214001,1.0,1.0,1318550.0,13,0.781192569227857,0.13293164143754535,-0.035862706126768555,high
810,0.30984959555441266,0.22372164174949555,0.29323696985283004,0.17319179284326172,4.830072190317164,0.6279358,1.0,1.0,58340.0,13,0.393831356081969,0.24342328526158727,0.03896579173874479,low
820,0.3171179206937043,0.2335154909222292,0.3314656535091681,0.1179009348748984,4.774912960575186,1.299968,1.0,1.0,47440.0,13,0.7813027435079418,0.26793378366608983,-0.031289829086146824,high
830,0.3227810275820852,0.2454316605393267,0.3158357027726968,0.1159516091058913,4.715727176552735,1.092495,1.0,1.0,68770.0,13,0.8012744241948231,0.2148036063909205,0.015380993560926547,mid
850,0.32168423041397265,0.27899067931816274,0.30445723822319254,0.09486785204467203,4.871143315277656,1.395742,1.0,1.0,263030.0,13,1.00049742777572,0.09379272197446344,0.03891899388046096,high
860,0.31976694759154617,0.24987389552314934,0.31751973747598344,0.11283941940932093,4.779795536147575,1.261974,1.0,1.0,107690.0,13,0.8288416139174869,0.19849835232474958,0.0049868422949942,high
900,0.32018391508415317,0.25966797969498734,0.31119317917779454,0.10895492604306477,4.820604094232248,1.357634,1.0,1.0,60750.0,13,0.8648448468677825,0.1594216971829691,0.020139596902441045,high
910,0.311423092313693,0.2539176592028468,0.30756809239035876,0.1270911560931014,4.820648494717453,1.4671878370759288,2.0,2.0,371400.0,13,0.7136468402870508,0.16159644655016778,0.008807659617920844,high
930,0.29826473563290495,0.25556139291623214,0.31273964761508966,0.13343422383577322,4.855150391255861,1.253237,1.0,1.0,52270.0,13,0.6656817505773043,0.14551078774966955,-0.033509494016982756,high
940,0.2995627753034622,0.248019717230566,0.3109376825732399,0.1414798248927318,4.813159489530624,1.143748,1.0,1.0,83190.0,13,0.605915649036412,0.16938222164434447,-0.026352822216292548,high
960,0.3204948296117635,0.25147908772455807,0.3025990193825144,0.12542706328116413,4.8536314084545715,1.252594,1.0,1.0,123200.0,13,0.7258624481216166,0.1745486112686002,0.040628646756859337,high
1005,0.32132736127760525,0.22035079975723895,0.29801678261349335,0.16030505635166242,4.888467660122048,0.968235,1.0,1.0,30840.0,15,0.47157832497156266,0.2772694122989628,0.053252648767636204,mid
1006,0.3227314977859118,0.2361771039611105,0.2992396469005652,0.1418517513524124,4.755915072680517,1.045816,1.0,1.0,505150.0,15,0.5999535002912044,0.2240881072278339,0.05344026978038589,mid
1007,0.31061581303155816,0.22156988424891066,0.31194622341199096,0.15586807930754024,4.813646700258897,1.044709,1.0,1.0,157220.0,15,0.500878974603588,0.2775727256217716,-0.0030221683261758316,mid
1010,0.3243309220215961,0.22810086823496864,0.29841406752215344,0.14915414222128193,4.814944769563347,1.024722,1.0,1.0,152610.0,15,0.5470663586513568,0.25338766970274,0.058889513327826375,mid
1022,0.32845965943286015,0.24045031330760785,0.30428010054165044,0.12680992671788152,4.818425004551931,1.0303195333333333,1.0,1.0,190120.0,15,0.7121061843215458,0.22344888308222705,0.054069179881451664,mid
1031,0.3275323541265506,0.23563655904348216,0.29853398862567737,0.13829709820428993,4.788407989566399,0.7887872,1.0,1.0,84820.0,15,0.6248513228737175,0.23102338202777098,0.06555095552409215,low
1032,0.3246689133852876,0.24764508313905204,0.29714328110330823,0.13054272237235223,4.7736463359599925,0.9161866,1.0,1.0,82380.0,15,0.6852903323574954,0.18494757010595783,0.06264363951558925,mid
1050,0.27955946266229986,0.21294570018994877,0.28979562840982587,0.21769920873792564,4.803786814617213,0.3962836283139276,2.0,2.0,830510.0,15,0.1484036042570989,0.236913240443646,-0.025428216327376352,low
1065,0.31312914523200097,0.22442009507945995,0.29797712037161345,0.16447363931692566,4.81179145174998,1.0047902359548089,2.0,2.0,136310.0,15,0.4471292641305868,0.2517230285642845,0.03507179188179558,mid
1105,0.29710961410911063,0.20476430209606913,0.28557843677830264,0.21254764701651763,4.811208269399362,0.4749538,1.0,1.0,316760.0,15,0.17117825980641893,0.2877736991555248,0.027990408734468685,low
1106,0.30868452900715415,0.23267000628092593,0.28946642768509584,0.16917903702682413,4.871603085400698,0.4954185,1.0,1.0,168830.0,15,0.42063075289102786,0.2045800777930703,0.045453170316438585,low
1108,0.30677048318264044,0.2507581783883728,0.2969625682672821,0.14550877016170455,4.903324777406474,0.7257418999999999,1.0,1.0,370190.0,15,0.5783565658389161,0.1513490192609334,0.02297655670822412,low
1200,0.34126344907265976,0.25775560875626985,0.30198132543839673,0.09899961673267381,4.811777768662202,1.199589,1.0,1.0,23040.0,15,0.9554234403861841,0.17921943586875794,0.08647178970131536,high
1210,0.332212201311988,0.24687151475766866,0.30264417377253616,0.11827211015780732,4.750654852730072,1.166233,1.0,1.0,1770.0,15,0.7818003199233304,0.20436732262250262,0.06591377452221062,high
1220,0.34049109292248436,0.25414483559432444,0.30319465292135156,0.10216941856183971,4.790237968450072,1.233633,1.0,1.0,98700.0,15,0.9245603791903941,0.19145021495946907,0.08203424955545098,high
1230,0.3277420882797004,0.258693270967169,0.3119630539684419,0.1016015867846887,4.743278588105721,1.243257,1.0,1.0,31370.0,15,0.9317213304997211,0.17302607301240486,0.03489021753003032,high
1240,0.3231264893571531,0.24384497792006216,0.31478831358466225,0.11824021913812245,4.809249560501382,0.438215,2.0,1.0,109950.0,15,0.7818252185769461,0.21917988211172962,0.01848621921339939,low
1305,0.2898563740655569,0.258030360683789,0.2832505737238042,0.1688626915268498,4.95378271583678,0.6103589,1.0,1.0,100400.0,17,0.42768289097482,0.08555371760481997,0.016301366115403507,low
1306,0.29428617916086003,0.25297292708635466,0.27681293727318396,0.17592795647960152,4.955333978311167,0.8363757,1.0,1.0,17430.0,17,0.3842131547815375,0.09852243863846781,0.0432825230032323,low
1310,0.2765167810328252,0.2273551169534398,0.2746649498230643,0.2214631521906707,4.965524551831831,0.00558289845762711,2.0,2.0,59000.0,17,0.13382056287981642,0.15709276913993442,0.00475141776193009,low
1320,0.30589604518088015,0.21528062728011996,0.29464558822432274,0.18417773931467704,4.888467660122048,1.11685,1.0,1.0,56640.0,17,0.32714316993804954,0.271539704297468,0.026496764961287913,mid
1330,0.2836511671816788,0.2280114392554352,0.2782032448065136,0.2101341487563724,4.96298448062025,0.6895172,1.0,1.0,1120.0,17,0.19117642146744582,0.17036427407703053,0.013713102567910552,low
1340,0.3072416104469767,0.23199000824609026,0.28247922805020953,0.17828915325672343,4.927978060415247,0.7338057,1.0,1.0,17190.0,17,0.36595742242708457,0.1950817950439137,0.05941777547116273,low
1350,0.3061755705489806,0.2328356007816245,0.2871953692438153,0.1737934594255797,4.908750213592645,0.9060193,1.0,1.0,24180.0,17,0.3929016675148944,0.1974517978998482,0.04525199435257874,low
1360,0.29552017771195854,0.24974453905960753,0.28464272491669756,0.17009255831173642,4.908602568531104,0.9267973,1.0,1.0,304310.0,17,0.4189779571048788,0.12210494550382811,0.026518145297542917,mid
1400,0.31221762952994325,0.22455061040084592,0.2804960107661252,0.18273574930308562,4.904311351528766,0.9768626,1.0,1.0,73750.0,17,0.3378185390790259,0.22537662959992683,0.07576010798471734,mid
1410,0.2948322856812404,0.20965399814454624,0.2790902350830192,0.21642348109119416,4.86398230606693,0.7387529514069374,2.0,2.0,293190.0,17,0.15348545761458612,0.2559817766800844,0.03880002302819609,low
1420,0.28917881302575704,0.24483651529281444,0.27942464365683123,0.18656002802459723,4.945705585343674,1.043951,1.0,1.0,42660.0,17,0.3216156853635762,0.12190149653164521,0.024262659393079877,mid
1430,0.2929438140897156,0.20931718344254507,0.2794838973136481,0.21825510515409113,4.873694076531939,0.8949048344643646,2.0,2.0,316820.0,17,0.1442747737268839,0.2552466524174873,0.03325958160221192,low
1440,0.29389329312041973,0.22059367754311854,0.27402767742731343,0.21148535190914833,4.874128049441593,0.3434475,1.0,1.0,7380.0,17,0.18195225455715391,0.2056758865395996,0.049488734201057906,low
1450,0.2913605505440342,0.2378685018134474,0.2718357667627639,0.1989351808797545,4.96109484853612,0.7804771,1.0,1.0,21530.0,17,0.2518807335974494,0.13730352479445998,0.049047344841994356,low
1460,0.29237024786423826,0.21546175643362023,0.2969235550031076,0.19524444069903402,4.825991041932656,0.6780269,1.0,1.0,278240.0,17,0.26602053617446253,0.2555343737456315,-0.010927447107711501,low
1500,0.29697835201258255,0.24391255892044716,0.29644523353484087,0.16266385553212942,4.929280615053424,1.031417,1.0,1.0,7370.0,17,0.46398004648394764,0.15999338149069664,0.0012704981783123002,mid
1510,0.29662751197151394,0.21573282036589855,0.28442321859779807,0.20321644906478945,4.856862320706717,1.07307,1.0,1.0,12670.0,17,0.22348254067389856,0.24285021876108734,0.029708276819784395,mid
1520,0.3222008716775859,0.2387492924282846,0.2974847253352557,0.1415651105588738,4.885525483053412,1.03314,1.0,1.0,22100.0,17,0.602659227242992,0.21217072923427646,0.05643581563558575,mid
1530,0.2908009001596949,0.22274106784565004,0.2774391895918109,0.20901884240284418,4.894737975759549,0.5808077,1.0,1.0,151940.0,17,0.19542653367763768,0.1984987620120537,0.033260230137323946,low
1541,0.31315324074462114,0.22147532876815662,0.28918187228121933,0.17618955820600293,4.777862193806203,0.5538733,1.0,1.0,101310.0,17,0.37509820922421744,0.2503076667780999,0.05631175790252253,low
1545,0.29929153558144045,0.197086759253148,0.29142777765283384,0.21219392751257773,4.773723849310905,0.47103031377751864,2.0,2.0,68590.0,17,0.16955407786750276,0.33024113776549785,0.01882736837725728,low
1551,0.27694334586804287,0.20914409892292252,0.27198212892357876,0.24193042628545594,4.896943876343125,0.0780005,1.0,1.0,101450.0,17,0.030779187140660868,0.2218839066894926,0.012782083658955884,low
1555,0.2807708509427176,0.21029451736486995,0.2739681428582515,0.23496648883416105,4.862718188521973,0.1224787831638907,7.0,7.0,277380.0,17,0.06371954948394648,0.22597876567793276,0.017343227037257734,low
1560,0.28245305920034197,0.20923828911641976,0.28551623235182105,0.22279241933141725,4.779459571084781,-0.2902489,1.0,1.0,56070.0,17,0.12198358996978872,0.24938409159908428,-0.007627213444094107,low
1600,0.29328717046315905,0.23503418804256926,0.28369984094910217,0.18797880054516963,4.938645705201972,0.6253637408335945,3.0,3.0,31910.0,19,0.3117149952578453,0.16722137588018332,0.023501013353857993,low
1610,0.2975462324614681,0.22990388349135313,0.2898289675863387,0.18272091646084007,4.9555582175491395,0.7131947088370509,4.0,4.0,117460.0,19,0.34024466558049143,0.19985303151816694,0.018581800363768927,low
1640,0.28085849119858897,0.23760181118118656,0.27831514124127016,0.20322455637895426,4.953615228030701,-0.005752621060842433,2.0,2.0,32050.0,19,0.2292850077831969,0.13284913974141166,0.00643246497862306,low
1650,0.31772656740452376,0.2290385761062043,0.279940663718014,0.17329419277125804,4.850143209308347,1.1754375001285016,2.0,2.0,116730.0,19,0.39395126458845225,0.2155501736566815,0.0895292619987785,high
1700,0.31757872970823864,0.22480818451046577,0.2966773550881105,0.16093573069318517,4.86775657742768,1.091169115261959,2.0,2.0,21950.0,19,0.4692712200049154,0.25428802393110833,0.048140220963989296,mid
1710,0.30374694328311114,0.255707186242802,0.3011832452472983,0.13936262522678863,4.8513268916113015,1.259493,1.0,1.0,8520.0,19,0.6225881838267157,0.13710930116858444,0.005993482069922209,high
1720,0.28540095398274584,0.2071630572264886,0.28920276022030533,0.2182332285704603,4.902325452986138,0.3618389112956811,2.0,2.0,87290.0,19,0.14371294395936418,0.26699874357508446,-0.009357134783419202,low
1745,0.305371095218287,0.22787436538683212,0.29533756659366217,0.17141697280121881,4.886733577431695,0.8702797,1.0,1.0,76890.0,19,0.4059188399506074,0.22537667030447064,0.023623551541816706,low
1750,0.2969471267313995,0.2372045734202226,0.287428641330653,0.17841965851772495,4.925613567721211,0.5646531793068977,2.0,2.0,30010.0,19,0.36691661797900055,0.17011005229711998,0.023037166369700563,low
1760,0.3152350145129272,0.2314475755107206,0.309785746486448,0.1435316634899042,4.841506331088285,0.9125224,1.0,1.0,19680.0,19,0.5871322460277592,0.24515006604663042,0.01233018885223912,mid
1800,0.34349179843100414,0.24630798935448525,0.30256222929603926,0.10763798291847133,4.764308407326388,1.330122,1.0,1.0,15640.0,19,0.8722931732635387,0.21975381823807275,0.08971506516646362,high
1815,0.31868972113288624,0.25119034967898796,0.3188245021526084,0.11129542703551733,4.869225327808716,1.278523,1.0,1.0,8850.0,19,0.8424999030710246,0.1945044829357765,-0.00029898807260973277,high
1821,0.3163185096120927,0.2936953764998781,0.2892583939766593,0.1007277199113699,4.833181868699161,1.626016,1.0,1.0,58100.0,19,0.9437800590486956,0.02408005248332814,0.06323603781877002,high
1822,0.30095964433520683,0.27896553593696355,0.30354399725299547,0.11653082247483412,4.725439018379036,1.626016,1.0,1.0,57110.0,19,0.8022638709892341,0.06545291986614674,-0.00604603340917264,high
1825,0.3202603929875749,0.2853731283629515,0.289929506042696,0.1044369726067776,4.9228235969358565,1.427002,1.0,1.0,610.0,19,0.908408248438558,0.05355283138780048,0.07035470795232728,high
1830,0.3288433064894731,0.2600122783575891,0.3036726734318009,0.1074717417211368,4.807947751349428,1.747498,1.0,1.0,2640.0,19,0.8777389091549246,0.15924706231923993,0.056307603165823304,high
1840,0.32216385526444585,0.27955235081079327,0.29452836960422857,0.10375542432053242,4.916104810250022,1.07547,1.0,1.0,38940.0,19,0.9143830697922302,0.07922321799204637,0.06341683880485426,mid
1860,0.3122353138900615,0.26041817693116376,0.29818916222856184,0.12915734695021291,4.894855632826347,1.1374063699489996,5.0,5.0,50980.0,19,0.6987900294235329,0.1293770467068926,0.032547458350232254,high
1900,0.27988365552085126,0.21592693492552373,0.27060926574086036,0.23358014381276465,4.950062124878892,-0.0492323,2.0,2.0,25090.0,19,0.07199970779021983,0.19806973530533523,0.02382811556975493,low
1910,0.300967652303401,0.18866387368455126,0.295426649149831,0.21494182486221677,4.79214755431824,0.1328288,1.0,1.0,76150.0,19,0.15134894607553157,0.373746982521331,0.013139607929142667,low
1920,0.2800718132854578,0.1946022309209171,0.2807413838773288,0.2445845719162963,4.882044059723269,-0.0940159,1.0,1.0,57690.0,19,0.012919408562825488,0.29825178255891527,-0.0016884700051862454,low
1935,0.2716674422157391,0.22452549663782817,0.28824724486207687,0.21555981628435592,4.881535170499289,-0.11818005983379502,2.0,2.0,43320.0,19,0.16242919288633761,0.17980019658810772,-0.041888950279496316,low
1940,0.27358771295895734,0.19480821503322074,0.27872398418608607,0.25288008782173593,4.860199926164623,-0.0905259,1.0,1.0,5360.0,19,-0.024504598581352052,0.28488102155539047,-0.013151982610901038,low
1950,0.3083665200076518,0.2406135332069631,0.3324435246856685,0.1185764220997165,4.748491005432314,1.125941,1.0,1.0,28690.0,19,0.7777711005099323,0.23326285520885662,-0.05316093805838355,mid
1970,0.2823043088602871,0.2133947796206929,0.27959948267726337,0.22470142884175653,4.868610228812154,-0.10967851145956786,3.0,3.0,109690.0,19,0.11407575876854435,0.22455942464576786,0.006807626990919018,low
1980,0.2844199358780556,0.25128076264613913,0.27617877676338326,0.18812052471242202,4.981721819862415,0.5522125294948864,2.0,2.0,128090.0,19,0.3137386438056409,0.08914444794765458,0.020791340402554714,low
2001,0.2943089168969778,0.2547145713910948,0.2835991596039185,0.1673773521080088,4.980588372743959,1.203909,1.0,1.0,0.0,21,0.43635636958112856,0.10283962396487306,0.026211120507157244,high
2002,0.30630516384295425,0.29309120422035106,0.28457695039058534,0.11602668154610933,4.906015244966153,1.196385,1.0,1.0,296370.0,21,0.8067340914508049,0.005967728517067612,0.05202762973419671,high
2003,0.32383067175330366,0.27648153867986747,0.29083987945672046,0.10884791011010841,4.81210305125432,1.47313,1.0,1.0,54800.0,21,0.8675504519981867,0.08520367695685807,0.07597713010080884,high
2004,0.3058924404943484,0.28157076782283924,0.28627845429586696,0.12625833738694542,4.820200917191751,1.536944,1.0,1.0,0.0,21,0.7233021048052514,0.04059248236787664,0.04685896578139191,high
2005,0.2841793256761764,0.2734642460170434,0.2990144497962209,0.1433419785105595,4.914858338702487,0.8346704,1.0,1.0,90310.0,21,0.5962782798309578,0.052156003290536664,-0.035982141115840374,low
2011,0.28822019222128037,0.27992315034987963,0.30255542088785153,0.12930123654098852,4.9362708788073935,0.9571291,1.0,1.0,340050.0,21,0.6997686670616562,0.043665832839224095,-0.03432276934164367,mid
2012,0.2823596092797363,0.2922758129389038,0.2947639636735193,0.1306006141078406,4.871832891215797,1.093619,1.0,1.0,173860.0,21,0.6901132852004495,-0.010630565406793944,-0.03040095591907678,mid
2013,0.30656716417910446,0.2735522388059702,0.29220895522388063,0.12767164179104473,4.916324614625014,1.253184,1.0,1.0,113810.0,21,0.7118768099355053,0.07345235944235105,0.03391829843625739,high
2015,0.2912463885650566,0.25268097000065165,0.28898720520191457,0.16708543623237732,4.930725910867953,0.896767,1.0,1.0,92140.0,21,0.43796749215892933,0.11279761859323906,0.00550637524554745,low
2016,0.2838974411912719,0.2691200949714182,0.3001354891157077,0.1468469747216021,4.868841288478369,0.5573961,1.0,1.0,398380.0,21,0.571528157729083,0.0663532454381013,-0.039329952839263466,low
2025,0.28417523678219386,0.2608204057612174,0.2845178693200783,0.17048648813651043,5.012749133819962,0.5331061120763437,2.0,2.0,116840.0,21,0.4180740738710736,0.0705138695030642,-0.0008520511949547371,low
2040,0.28459814382221105,0.29496811667403244,0.27300492455331776,0.14742881495043883,4.86221262230776,1.470103,1.0,1.0,50790.0,21,0.5679391487086953,-0.046200048779006166,0.02940739008845409,high
2050,0.29116174010836365,0.29346816043917295,0.27328936521022257,0.14208073424224082,4.96298448062025,1.355036,1.0,1.0,21000.0,21,0.6053497106282867,-0.03230395309749878,0.0447936172593983,high
2100,0.31773847679217876,0.26550454625807984,0.29195969471281324,0.12479728223692797,4.887261660126628,1.454044,1.0,1.0,681010.0,23,0.7330628876197689,0.11209701053362146,0.059830343672843074,high
2105,0.3478279036728554,0.2186999456801815,0.3037835842723234,0.1296885663746396,4.569646629919045,1.512581,1.0,1.0,14800.0,23,0.6813646146240027,0.32358658596095163,0.09573679487489523,high
2110,0.3376838124756431,0.2470171520338562,0.29262699229073463,0.12267204319976602,4.765989481789091,1.6183865793667007,3.0,3.0,48950.0,23,0.7453369881499229,0.19681371431049813,0.10126565130952153,high
2145,0.3033808130669047,0.22128342125179315,0.33458527714082387,0.14075048854047822,4.763284429081783,1.332659,1.0,1.0,336250.0,23,0.6022798861575852,0.2976097187494736,-0.06922784763856238,high
2170,0.30855222299346075,0.21393343805940163,0.32353048624557046,0.15398385270156723,4.7666085318656215,1.384156,1.0,1.0,51040.0,23,0.5098886668038468,0.31837430668885935,-0.03351844456578491,high
2205,0.3002178636295973,0.26544521854096725,0.27750670458547233,0.15683021324396332,4.892794751156269,1.3206641850913903,35.0,35.0,1125390.0,25,0.5041049222566745,0.06839650781162042,0.05562337381028504,high
2300,0.2911191791040461,0.2791925990875545,0.26324119349115527,0.16644702831724414,4.751322556093047,0.4002082037919594,2.0,2.0,512400.0,25,0.4430222126108748,-0.006940341370208576,0.07117880832372235,low
2310,0.30800561393291986,0.2758183442023858,0.2747617970377811,0.14141424482691312,4.885637777817766,1.09634242055951,3.0,3.0,1933120.0,25,0.6093021454638275,0.04349378812412822,0.08076112631506245,mid
2320,0.3013904117192123,0.2632743447486045,0.2824634393496457,0.15287180418253757,4.890401174144134,1.1854250016404129,2.0,2.0,1104600.0,25,0.5301094940569485,0.08392047730045493,0.04586107144943113,high
2330,0.2982640330995388,0.2762549536978476,0.2760611203632234,0.14941989283939028,4.896816709733047,0.9019390763006798,4.0,4.0,283890.0,25,0.5541535886932911,0.031007696249409817,0.05469953167094532,low
2350,0.29576147157574545,0.29126180158980697,0.28270439349154886,0.13027233334289892,4.777693900301935,1.486138,1.0,1.0,147100.0,25,0.6926171612819099,-0.005915498593989198,0.0319269208219953,high
2360,0.2867481735800656,0.28652947902810344,0.25973277437134884,0.16698957302048212,4.801692200112875,0.9170404743896227,2.0,2.0,255170.0,25,0.4394516014375266,-0.03977365126212531,0.06996897614637212,mid
2400,0.2862363566898877,0.23037903950240712,0.28288579882059345,0.2004988049871117,4.879361385065565,0.3650318417644966,3.0,3.0,28110.0,25,0.24224527852106117,0.17244786209826451,0.0083259087337018,low
2435,0.2875852475146744,0.2565059546025175,0.3026159535846368,0.1532928442981712,4.852967324740957,0.62494925,1.0,1.0,127790.0,25,0.526568100997116,0.1141789197245054,-0.036023690928638955,low
2440,0.275093066542578,0.22538389948813403,0.31021696137738486,0.18930607259190324,4.724818148253987,0.1795232,1.0,1.0,73000.0,25,0.3008258029335013,0.2117873967022184,-0.08496769305800032,low
2545,0.29283428030568215,0.25753914136817674,0.28886623747210194,0.16076034085403934,4.785072151263279,1.376487,1.0,1.0,121290.0,25,0.47833418763425195,0.09929707222303784,0.009647141206268424,high
2555,0.3008461976387012,0.27232202966961533,0.29173909626939715,0.13509267642228626,4.926199255034551,1.294467284367322,2.0,2.0,195360.0,25,0.6557432506269759,0.06878512680588937,0.021735943388758297,high
2600,0.3094888938935923,0.2391461096052215,0.28197801328236444,0.16938698321882167,4.832240398725931,0.38857846275105706,4.0,4.0,75680.0,27,0.42067709215380683,0.17252650463662234,0.06582676698610973,low
2631,0.29411016005345725,0.20867407006713973,0.29266236039074683,0.20455340948865622,4.816484041548723,0.5598583,1.0,1.0,27940.0,27,0.21398338975859224,0.278191350440302,0.0034894307459245287,low
2632,0.29580958672110524,0.26687092852474686,0.26876831505049154,0.16855116970365633,4.9691881041820825,0.5077618,1.0,1.0,19310.0,27,0.4297254625094192,0.0449217761306905,0.06778766349498944,low
2633,0.2986525828605554,0.2168557778441325,0.2900399372947148,0.1944517020005972,4.662684092188698,-0.2188882,1.0,1.0,36000.0,27,0.27077169612447277,0.249372167813226,0.020691598542564683,low
2634,0.31456895567761384,0.23518341689656996,0.29270981517723665,0.15753781224857952,4.788574489733284,0.5274013,1.0,1.0,204040.0,27,0.4941408795337015,0.2080652187342664,0.05092694808778268,low
2635,0.29534662187811117,0.25446393399179196,0.2786798358389618,0.17150960829113512,4.944068049824143,0.8219336,1.0,1.0,61970.0,27,0.41091591350892787,0.09793672837105231,0.041073057455741975,low
2636,0.29686825728111865,0.25846444458316253,0.23635850434112354,0.20830879379459524,4.81834420626481,-0.7348464,1.0,1.0,159790.0,27,0.2010136319518128,0.020053940711985137,0.16117701718240524,low
2640,0.30128323837950305,0.23627708362836192,0.27094249392694914,0.19149718406518593,4.8059863254182105,-0.1602642,1.0,1.0,6850.0,27,0.29166098818442315,0.1551127186950729,0.07505529403874849,low
2700,0.2688026865876226,0.26424508258515533,0.26033856486875473,0.20661366595846753,4.577182149447922,0.5784018,1.0,1.0,30100.0,27,0.21370200802149253,0.000900811522711012,0.02262363174818408,low
2710,0.30211128714151764,0.24132691001972265,0.28565424035694653,0.17090756248181313,4.899480244730094,0.8597838,1.0,1.0,138250.0,27,0.41233246178879246,0.1605528685825798,0.0396073986309531,low
2721,0.28463998936256657,0.24259257891276564,0.24027302745787504,0.23249440426679274,4.903346995532514,-1.290383,1.0,1.0,12320.0,27,0.08018991461439541,0.06133288195053967,0.11981874583692986,low
2722,0.28484735747364964,0.26884990856184815,0.27256782971486276,0.17373490424963942,4.935121205619039,0.3188508,1.0,1.0,193740.0,27,0.3987765282752588,0.029203805571526388,0.031159331686081065,low
2723,0.29182802228101595,0.27272558289392973,0.26460255401411464,0.17084384081093973,4.690889061390629,-0.1454976,1.0,1.0,9620.0,27,0.41586825211109535,0.015293540427560877,0.0692510399999467,low
2740,0.2881764854592582,0.2820751815068379,0.2368028433746577,0.19294548965924618,4.733452034646406,-1.3314767473214284,2.0,2.0,7840.0,27,0.2845619469605548,-0.06268500361062247,0.13883700735033794,low
2751,0.2954840211499451,0.2706926939576336,0.2801370090785142,0.1536862758139071,4.802790780071216,1.03168,1.0,1.0,9560.0,27,0.525428497353436,0.0497757338259541,0.03771421886396705,mid
2752,0.30310901608494734,0.25558222326425095,0.25362019287128956,0.18768856777951226,4.69125613490122,0.2904993,1.0,1.0,24080.0,27,0.31440256712854425,0.06647998120388808,0.12604509695194466,low
2805,0.2923302214900238,0.2416254805052169,0.2719201903715907,0.1941241076331686,4.953923839178814,1.123739,1.0,1.0,24580.0,27,0.27865479825004896,0.12599146939320718,0.05117717382861319,mid
2810,0.30697536676063264,0.24400233564569707,0.29724164713310663,0.15178065046056363,4.786324395030039,1.350181,1.0,1.0,39080.0,27,0.5343900887412671,0.17430460634840278,0.022784444981856517,high
2825,0.3052196728347594,0.2931457783523197,0.2929311767576254,0.10870337205529564,4.89836205161347,1.517637,1.0,1.0,242710.0,27,0.8705781057867773,0.0161786353432602,0.029057892981834248,high
2830,0.30632012246604085,0.24834252843653715,0.30110202827459637,0.14423532082282564,4.797359561980396,1.190631,1.0,1.0,88780.0,27,0.5867467662042044,0.1643044096261052,0.012149180111804016,high
2840,0.31052638984648717,0.22686684771137894,0.29720975390113835,0.16539700854099537,4.772208885917529,1.316551,1.0,1.0,47620.0,27,0.4422572931793333,0.2384090318064192,0.030993025918938474,high
2850,0.30867541534682263,0.29020621888939174,0.28098454974465065,0.12013381601913503,4.663061664403869,1.170131,1.0,1.0,49410.0,27,0.7723107679665517,0.012005126394637711,0.06646139368647726,high
2861,0.29299886349632354,0.26835727293888895,0.28217606222015307,0.15646780134463442,4.812590776837065,1.351959,1.0,1.0,52170.0,27,0.5070487521480518,0.056363387279449326,0.026613745562995804,high
2862,0.27216496121344513,0.19263627896614566,0.33825527029912217,0.19694348952128696,4.645544080126364,0.9032798,1.0,1.0,12300.0,27,0.24314025624400454,0.37093501465965634,-0.15371970420609804,low
2905,0.28032145058615665,0.21197816190619387,0.2683627411340282,0.23933764637362126,4.911822249796644,-0.06037283307177476,3.0,3.0,86660.0,27,0.04362860330544684,0.21037444310925787,0.0308280210370644,low
2910,0.27404495938182044,0.25193300507667554,0.27426225828481915,0.19975977725668492,4.934473933130692,-0.3821391,1.0,1.0,38420.0,27,0.24975987328687477,0.06901460837247739,-0.0005604651222830018,low
2920,0.29463439399810626,0.22889921931918117,0.2688953883441152,0.2075709983385975,4.898972399170985,0.11698138998137032,2.0,2.0,48310.0,27,0.20406998057826617,0.16880822908335352,0.06463863360011234,low
3000,0.27520158205125195,0.26250750414935325,0.28150624462938334,0.18078466917001162,4.95420602612954,0.0516267,1.0,1.0,35810.0,29,0.3568077215538748,0.047805526904049545,-0.016016517284976342,low
3010,0.28130716310586273,0.2628636485185858,0.2609419808102518,0.1948872075652998,5.021078950103367,-0.3302237607387027,4.0,4.0,119940.0,29,0.2765847883249154,0.02468855582187092,0.05313843297768178,low
3030,0.296948434852688,0.2788938508555181,0.2981240574406005,0.1260336568511933,4.848273215041905,1.363892,1.0,1.0,66690.0,29,0.7252248236128657,0.05282966014098415,-0.0027939177034750234,high
3040,0.28284811403213883,0.26700732871646615,0.28075035298863715,0.16939420426275803,5.0084996819658345,0.2003319,1.0,1.0,38720.0,29,0.42520874676394943,0.04401883799559332,0.005263846500834314,low
3050,0.2787209083845806,0.2513089005235602,0.2956871029499139,0.1742830881419452,4.87458644963298,0.5705959,1.0,1.0,312550.0,29,0.3937970115243133,0.10865407396502677,-0.04178354625582708,low
3070,0.28711061810114386,0.25864232328926556,0.28917913840446624,0.16506792020512442,4.991995989877317,0.6186871,1.0,1.0,29530.0,29,0.4512826504317564,0.08819048580649597,-0.005076165239823921,low
3090,0.2961453497346283,0.2628243597970886,0.2884364391431665,0.1525938513251166,4.9178913183608115,0.783912486495171,10.0,10.0,557060.0,29,0.5321644199630665,0.08669282096833227,0.018650389273493155,low
3100,0.28687358035595223,0.25468004311126946,0.25808390957127025,0.20036246696150817,5.028998978113214,0.6186871,1.0,1.0,11610.0,29,0.24593684914470057,0.054015472664846007,0.07478139937571807,low
3110,0.2901154426471104,0.2676865854942278,0.292213761886382,0.1499842099722797,4.968771089997557,0.0402409,1.0,1.0,132940.0,29,0.5502122926098679,0.06863912778233427,-0.005095887938482655,low
3120,0.27406093117359503,0.2545022343382772,0.29297043742266454,0.17846639706546333,4.913904105136484,0.5537257,1.0,1.0,8840.0,29,0.36936872185394515,0.08769293117011072,-0.047179048003419904,low
3140,0.2666458694846849,0.26537204208829707,0.27830528963325474,0.18967679879376342,5.035457979527601,0.6955392,1.0,1.0,13240.0,29,0.3059402751888004,0.021381830388067267,-0.030262210680546412,low
3150,0.29078672106473813,0.25734326634545307,0.27540443577777574,0.17646557681203323,4.952511708745748,0.2657048,1.0,1.0,127830.0,29,0.3815893140193499,0.0775708711380728,0.03843082103090368,low
3160,0.2825263487054844,0.2593153245350333,0.2740265370374319,0.1841317897220505,4.949256221086411,-0.0588146,1.0,1.0,225350.0,29,0.33719747260706423,0.05752511834027227,0.021599894530689914,low
3200,0.25792825734986435,0.23119948645705762,0.26120362722566315,0.24966862896741493,5.004214726293333,-0.3161771,1.0,1.0,16050.0,29,0.00024797486572319694,0.09447678952291699,-0.008922846203514745,low
3210,0.2791122304423107,0.2704863843853298,0.2669919722965528,0.1834094128758067,4.931303444814125,0.4009678,1.0,1.0,16980.0,29,0.3417600859870058,0.007507289313452165,0.03139226643308528,low
3220,0.2705581894118975,0.2376679083417993,0.2557004176543628,0.2360734845919404,4.941499555261394,-0.1994213,1.0,1.0,133410.0,29,0.06435685031642042,0.08277029820237665,0.039937870033345355,low
3230,0.3227467153564269,0.252689641083262,0.289017990525926,0.135545653034385,4.88635620469617,1.343344,1.0,1.0,147470.0,29,0.6488242958955022,0.1547394716176107,0.07804967964522883,high
3235,0.26971020655986755,0.27232569744375107,0.26795261635124273,0.19001147964513881,4.913610311524382,0.3066196,1.0,1.0,6860.0,29,0.3042357440215041,-0.010548850174819512,0.004623002852357779,low
3245,0.29571730788966705,0.270282805781691,0.27959163756525157,0.1544082487633904,4.906577628242381,,1.0,0.0,13490.0,29,0.5205975216757766,0.050539660140882785,0.03965020362770153,
3250,0.28650715214564376,0.26253315994798443,0.27010923276983095,0.18085045513654094,4.858959327416688,-0.0842553,1.0,1.0,77260.0,29,0.35621238991131066,0.047289500889611195,0.04167479245890178,low
3255,0.2798667343487118,0.2582321242926081,0.2637582598325534,0.1981428815261267,5.014162399872412,0.2723904,1.0,1.0,3047530.0,29,0.25872227374402645,0.04148977093599657,0.041917671765942965,low
3256,0.2741850851709177,0.2511486235714194,0.26012644457811274,0.21453984667954995,5.047031509287547,0.1344116,1.0,1.0,43950.0,29,0.1719145989475317,0.050166133896161605,0.037218942719794854,low
3257,0.2857083692838654,0.2743330457290768,0.2768248490077653,0.1631337359792925,4.986820629330216,0.3052241,1.0,1.0,7750.0,29,0.4644749622505282,0.020278046800104657,0.02233510656748497,low
3258,0.2907636929941266,0.2735565359250758,0.2830940398363362,0.1525857312444615,4.950956058594655,0.3016596,1.0,1.0,234690.0,29,0.5330728460698212,0.03889520185498759,0.018902199594976184,low
3261,0.27343060540095315,0.25580984879684654,0.26473054068365015,0.20602900511855032,4.909856857255696,0.6788277,1.0,1.0,7250.0,29,0.21654787739270315,0.04118880773569854,0.022864566924868438,low
3270,0.29044899135145863,0.2717350070354603,0.29006339119074576,0.14775261042233528,4.867751137223454,0.6788277,1.0,1.0,26250.0,29,0.56572729658162,0.053836827185759474,0.0009393788548433998,low
3300,0.27699299160867025,0.22300697168146758,0.27637787781709694,0.2236221588927653,4.9078638823239125,-0.1625687,2.0,2.0,318780.0,29,0.12213578783001358,0.17610001825954244,0.0015720065380975799,low
3310,0.26813753460554957,0.25703558119712305,0.25989560218939545,0.21493128200793196,4.951451300742808,-0.3524675,1.0,1.0,207190.0,29,0.17032973386222552,0.02178045901126011,0.0220758859848761,low
3321,0.2662681962788008,0.2252000385616504,0.2698351489443749,0.238696616215174,4.88386196660174,-0.131293,1.0,1.0,55760.0,29,0.05014987587552054,0.1422080401090661,-0.009409579925033629,low
3322,0.26484764638403263,0.24110716694647805,0.26612772200696166,0.22791746466252777,4.895224442584928,-0.2743202,1.0,1.0,78640.0,29,0.10433351696237994,0.07864824575260983,-0.003409393206764864,low
3323,0.25045273128774354,0.24543002468054106,0.25985629761319556,0.24426094641851986,4.857639502684128,-0.4048342,1.0,1.0,216380.0,29,0.02647137636990599,0.03158830638788045,-0.02606294582905925,low
3324,0.26657072348563515,0.24844132575446595,0.27583101121859105,0.20915693954130785,4.918739279391719,-0.1366283,1.0,1.0,38070.0,29,0.19958423191008837,0.07144940282597866,-0.024146857010332486,low
3330,0.2594065330585891,0.2399733620302765,0.2744000424663285,0.2262200624448058,4.912581353620868,-0.0226015,1.0,1.0,17140.0,29,0.11229078037742,0.08651910333053377,-0.039732749899973815,low
3421,0.2698833270605947,0.24984569062852838,0.2855400828001506,0.19473089951072636,4.882347273794725,-0.0233856,1.0,1.0,436630.0,29,0.2766546554649556,0.0860118638807846,-0.039875639882038114,low
3422,0.27603510880667986,0.25973752944967105,0.27752044624106803,0.18670691550258103,4.982989993275931,-0.0011,1.0,1.0,93410.0,29,0.32258696351351784,0.051879962521280326,-0.0037947218967046732,low
3423,0.27536408595647555,0.23978462108723436,0.23928714262024836,0.24556415033604184,4.908085639080461,-0.5417635,1.0,1.0,109060.0,29,0.018713333785913746,0.055634533321951014,0.09929893924272694,low
3424,0.2626379521586248,0.2408045559644762,0.2636733986304932,0.2328840932464058,4.943782987108415,-0.2819632,1.0,1.0,118670.0,29,0.08020858606041781,0.07247077505433669,-0.0027822776968316597,low
3430,0.2628257949860113,0.26727542728263526,0.2734555624709465,0.196443215260407,4.8674684995134285,0.03076658276257016,2.0,2.0,87310.0,29,0.2684072623868215,0.002478552332305139,-0.028035154117626304,low
3500,0.28050325741185367,0.25130890052356025,0.27108595739319835,0.19710188467138784,4.922168312773925,-0.2979922,1.0,1.0,641240.0,29,0.2640054852321393,0.07579356932260295,0.024147259042594297,low
3520,0.2661153663661628,0.2663209013803644,0.2778264890902452,0.1897372431632276,5.026443024301769,0.0285751,1.0,1.0,73270.0,29,0.3056227109663066,0.016951590109596876,-0.03045286590083106,low
3545,0.2675200225565604,0.2570128552767428,0.2867749908290442,0.18869213133765256,4.913645682121502,-0.12166051160091376,3.0,3.0,161970.0,29,0.31080732774352476,0.06109031911221161,-0.04914638907681057,low
3550,0.28402212463071,0.2535174487903435,0.2699046176150694,0.19255580896387717,4.937614902753839,0.20689244109361132,4.0,4.0,90160.0,29,0.2890779328868764,0.07195599140698465,0.03605078583634685,low
3601,0.28850272867450094,0.24231261084417874,0.257271641256927,0.21191301922439332,4.83834327293948,-0.404814,1.0,1.0,1683240.0,31,0.18375269342415895,0.09568510974856229,0.08101467170760711,low
3602,0.27153926079857504,0.24659047053584682,0.2628172777200535,0.21905299094552472,4.713217090071225,-0.2060442,1.0,1.0,1683240.0,31,0.14876980064063922,0.06536376501645669,0.023085414807581653,low
3603,0.26855701724490494,0.25683320837025425,0.25693545088951,0.21767432349533095,4.841348415572757,-0.5148466,1.0,1.0,1314830.0,31,0.15626417027421188,0.01838520723914511,0.03128124196885044,low
3605,0.2728835704579538,0.25564391335746117,0.2527248866775641,0.2187476295070209,4.796671730660569,-0.7101589936654804,2.0,2.0,84300.0,31,0.1505083336936996,0.021953833317346516,0.054266011711893596,low
3610,0.27809767438893873,0.256155849125786,0.27131525770281306,0.19443121878246228,4.940570942933298,-0.09553576055126793,2.0,2.0,45350.0,31,0.2790924169060477,0.057024842273752076,0.017459132092987314,low
3620,0.26930078897775045,0.24619918645815478,0.2658701663427376,0.2186298582213573,4.9172885205240595,-0.3617951782579934,2.0,2.0,136050.0,31,0.15093017634844216,0.06799587730707377,0.009065700345285733,low
3630,0.28840776677398156,0.25953858322100554,0.26697450065168715,0.18507914935332584,4.789822358120328,-0.6818891,1.0,1.0,81030.0,31,0.33142305986771364,0.05459003765722776,0.05460433063441878,low
3640,0.27297161095246103,0.25023797525057395,0.26059689792261614,0.21619351587434904,4.956460659649984,-0.3458537,1.0,1.0,347170.0,31,0.1634574415948277,0.0520589358673504,0.03280483287959812,low
3645,0.27785939414018734,0.22672008300166083,0.27958786885388837,0.21583265400426344,5.01495926557631,0.2356488,1.0,1.0,727760.0,31,0.16184222151069869,0.16860635906711666,-0.004385060934914364,low
3646,0.28999603134643975,0.22141532848012416,0.33716081339627896,0.15142782677715713,4.710520701595917,1.196181,1.0,1.0,55830.0,31,0.5283159501194435,0.28183287687457376,-0.10655587936260087,high
3647,0.27391341287276527,0.25680474809141773,0.26138534548676434,0.20789649354905274,4.920345822748795,-0.0284926,1.0,1.0,43560.0,31,0.2066922214262911,0.03354807304519315,0.03310412818950249,low
3648,0.2540408791584709,0.2406568032155991,0.2750719803871262,0.2302303372388038,4.926383741648665,-0.5899488,1.0,1.0,98970.0,31,0.09256629421417222,0.07666260919756192,-0.05624158667240713,low
3649,0.2650196160628443,0.2532180823191153,0.2742011181839308,0.2075611834341096,4.978594079884792,-0.2526035,1.0,1.0,132750.0,31,0.20831904080591412,0.051097778970366325,-0.024082642033247982,low
3655,0.2840857394594315,0.22982905426869338,0.2728046810620976,0.2132805252097775,4.8911888987730645,-0.11887697065102015,2.0,2.0,169580.0,31,0.17538256036418168,0.15650630823441208,0.028651971697357934,low
3700,0.2632742635635134,0.26626756041923694,0.272874288105918,0.19758388791133177,5.023156574649928,-0.3614321,1.0,1.0,54470.0,33,0.2621803755177005,0.005390585177737551,-0.025324951552989826,low
3710,0.26821505339765583,0.2670244228099307,0.2797684223506875,0.1849921014417261,5.055608659738987,-0.1961966,1.0,1.0,128230.0,33,0.33259764301365125,0.020849666356491013,-0.02982088580692796,low
3720,0.25557499435647724,0.25628043471250284,0.25185430036441037,0.23629027056660962,5.098951375144823,-0.636405,1.0,1.0,80890.0,33,0.06450616169145146,-0.008237614535818906,0.010369819526430013,low
3740,0.25285975999929877,0.23845796481509085,0.24588019249143164,0.26280208269417876,5.005555748352958,-1.287125,1.0,1.0,317310.0,33,-0.05840797672215853,0.03645384865458453,0.019792365578688072,low
3750,0.274176153762635,0.23977615340995403,0.2721168470106828,0.2139308458167282,4.982334919671895,-0.1820161763385147,2.0,2.0,17370.0,33,0.173998854288567,0.10638573531696648,0.005331046394848257,low
3801,0.26294160109207604,0.25958246674814356,0.27223282374550634,0.20524310841427415,4.936199062943238,-0.1705261,1.0,1.0,16420.0,33,0.22085915560283406,0.02467482965343478,-0.02455478599396192,low
3802,0.27215441622877723,0.2551133627818369,0.27708721502292377,0.19564500596646223,4.843714533878324,-0.6690897,1.0,1.0,392600.0,33,0.2723662774384505,0.06012922163833612,-0.012701547242999415,low
3820,0.28295574846495875,0.24673583174535957,0.284698990754464,0.18560942903521774,4.950318958088201,0.1511265,1.0,1.0,107890.0,33,0.327388594774579,0.11434481623813154,-0.004343000186516138,low
3830,0.2748261474269819,0.2270366401422741,0.2731662828609863,0.2249709295697576,4.968910114048942,-0.5055484,1.0,1.0,6730.0,33,0.11645652894321006,0.15349996162445198,0.004283654353978768,low
3840,0.2618689576163593,0.2319724314632125,0.2635104885793066,0.2426481223411216,4.959341999708705,-0.6273561,1.0,1.0,7450.0,33,0.032827821813329626,0.10153148027453653,-0.004418678579872435,low
3870,0.2636070375682519,0.25829065749002705,0.2693166531054858,0.20878565183623518,5.02230717582822,-0.6407624053186242,2.0,2.0,668970.0,33,0.20221937329319242,0.02538335843465216,-0.015152121848775395,low
3900,0.26994270287347244,0.23590907132702446,0.27983686833149046,0.21431135746801275,4.9228235969358565,-0.3902585,1.0,1.0,11600.0,33,0.171349848746882,0.12472951417397582,-0.02545379024896598,low
3910,0.30659556859460724,0.21176785422252173,0.3028589552349756,0.17877762194789554,4.890649834884672,0.6147625,1.0,1.0,28860.0,33,0.3567618408788313,0.29712940137066873,0.008670762622586758,low
3930,0.2805291770317294,0.2594105900573508,0.27473700636603077,0.18532322654488914,4.879461944322674,-0.41543578181732926,2.0,2.0,1066290.0,33,0.33041747826965323,0.05538616562237991,0.014752678416260507,low
3940,0.2777162656801574,0.24627128137659737,0.2565488673813649,0.21946358556188048,4.622911867464248,-0.3971661,1.0,1.0,82690.0,33,0.14629878619443829,0.06574909414853741,0.056059993330667045,low
3945,0.2643255178214699,0.2540216591315319,0.2501314267690043,0.2315213962779939,4.81039413599935,-0.5229555,1.0,1.0,48320.0,33,0.08734458173449057,0.009932183392650734,0.039028673119650026,low
3960,0.2679711121730619,0.2493553721046058,0.27022230769858757,0.2124512080237448,4.886925494956358,-0.17657146247260178,2.0,2.0,214430.0,33,0.18269273098065741,0.06220316473318789,-0.005915512330757891,low
4000,0.26982265740011646,0.26185422301345473,0.25477378547707896,0.21354933410934984,5.047352877031418,-0.1720309,1.0,1.0,129810.0,35,0.1773404286605783,0.0010471805480670824,0.040580068396591173,low
4010,0.2656800563777308,0.2676742686638778,0.2560313676097941,0.2106143073485973,4.893352133481524,-0.1501443,1.0,1.0,1040600.0,35,0.1926265610549631,-0.021208047882696965,0.026157875695141143,low
4020,0.27542539532151833,0.24599791178635558,0.2482191364848186,0.23035755640730762,4.762846834272959,-0.6033035897068251,5.0,5.0,2480090.0,35,0.09210287787897556,0.04979921688524507,0.07354251609624413,low
4030,0.2790508510385444,0.26024745480714634,0.23586114008794284,0.22484055406636647,4.839688795323807,-0.9339887,1.0,1.0,783350.0,35,0.11838442846298476,-0.01168757125040605,0.11890056005381965,low
4040,0.27097289850347583,0.2700684636175293,0.253370597452859,0.20558804042613604,4.845760650906022,-0.4109996,1.0,1.0,485330.0,35,0.21879394172226632,-0.02469042886835746,0.04749323803711674,low
4055,0.25832119662714165,0.27947969471756373,0.25608658419957125,0.20611252445572345,4.672548421318039,-0.3147517,1.0,1.0,3095120.0,35,0.21575066939888546,-0.06782633713879295,0.006143451165224883,low
4110,0.2638564198007218,0.27120452121019545,0.25304988765065034,0.21188917133843255,4.76745908903181,-0.4693402,1.0,1.0,1804030.0,35,0.18581293485056818,-0.03949994479924493,0.029570100471883028,low
4120,0.2652428918553908,0.2543070740386643,0.2586545547188109,0.2217954793871339,4.794881041213901,-0.4450331,1.0,1.0,243030.0,35,0.13550837917389796,0.02410886014847507,0.017785555180596584,low
4130,0.26461470520728325,0.27138420237600636,0.25143307059161923,0.21256802182509127,4.74406218485471,-1.432733,1.0,1.0,336970.0,35,0.1822120558153724,-0.04148595327899205,0.03613173675903979,low
4140,0.2721498432034416,0.2409289597120693,0.2280950682291306,0.2588261288553585,4.819716890076783,-1.561163,1.0,1.0,377040.0,35,-0.04268123166607365,0.02739798473862441,0.12486819916926757,low
4150,0.2766019883972538,0.2762988593965153,0.2623484758093383,0.1847506763968926,4.6466959328165895,0.1821651,1.0,1.0,324690.0,35,0.33391478012560805,-0.020703462609813466,0.037410140142427724,low
4200,0.25399385306850863,0.27178690637496283,0.25270498033642885,0.22151426022009982,5.016816153171337,-0.3668852,1.0,1.0,153640.0,37,0.13656938085327686,-0.057360462572620445,0.0035972950970438737,low
4210,0.26081441836747815,0.24435122059913691,0.24775141514082843,0.24708294589255642,5.034091370132597,-0.4855586,1.0,1.0,116380.0,37,0.013183602027808727,0.03226049877766427,0.03633342931929142,low
4220,0.27119953641104894,0.23358376625357097,0.23459024226589265,0.26062645506948756,4.574401652316455,-1.093042,1.0,1.0,2036680.0,37,-0.050526399726929426,0.06271252201807875,0.10254073941831346,low
4230,0.25621562262188013,0.25376886842434815,0.24469468553428825,0.24532082341948347,4.632298853376344,-1.030813,1.0,1.0,723430.0,37,0.021579618666113822,-0.010948057306236159,0.032532649334546616,low
4240,0.27729032645343316,0.22288475583524262,0.25908176843116265,0.24074314928016163,4.87527365616558,-0.7243282,1.0,1.0,85370.0,37,0.039742440305958096,0.15060242347613512,0.04802764515086226,low
4251,0.2908451406452549,0.2310516439585543,0.19150054843944045,0.2866026669567504,4.695467823968872,-1.656454,1.0,1.0,892450.0,37,-0.17435042094073983,0.017309372508069687,0.29550012910369144,low
4252,0.2741015689119281,0.2168624938445491,0.2128038674764504,0.2962320697670724,4.814214812922799,-1.580793,1.0,1.0,41920.0,37,-0.20793164792425045,0.08791328552849745,0.17898838079360668,low
4255,0.261807856128727,0.22867960246095595,0.25423568386180784,0.25527685754850926,4.9021588177601725,-0.9335945,1.0,1.0,25820.0,37,-0.0256492247999674,0.09848123345247614,0.02075297248052981,low
4330,0.2755738800323711,0.26522273272606606,0.2780913982404669,0.18111198900109604,4.875109552935734,0.6106396669570268,2.0,2.0,120540.0,39,0.35507875039880854,0.03497285206263899,-0.006430478973813448,low
4340,0.2787727014457375,0.2722910835665734,0.2601696163639807,0.18876659862370837,4.849292143687493,-0.7293655,1.0,1.0,15840.0,39,0.3109228165080214,-0.008986671614189137,0.04883489489483092,low
4350,0.27539358037410255,0.23115804384919997,0.27518431473552046,0.21826406104117704,4.8084375072975085,-0.5279816,1.0,1.0,225680.0,39,0.15058079542356195,0.14265790956884283,0.0005375194338553213,low
4400,0.2504727915161475,0.2849386355027992,0.2578728095401938,0.20671576344085948,4.514137520619868,0.06443220086063298,2.0,2.0,72040.0,39,0.2119038414697561,-0.0933790034371772,-0.02058824772763521,low
4420,0.2551329259123595,0.270440130323302,0.2646565518305026,0.2097703919338359,4.63928171561686,-0.1112865,1.0,1.0,54970.0,39,0.19694217419186477,-0.03261244365515186,-0.0259142382245591,low
4435,0.27254057467548964,0.2582221766894581,0.2597796640942467,0.20945758454080543,4.743951392421871,-0.2148340540131484,4.0,4.0,276840.0,39,0.1985732499393259,0.02448697669332538,0.03390836875539406,low
4461,0.2637152890068835,0.24982617141367786,0.2622964522648135,0.22416208731462503,4.940946261022574,-0.21333697677789934,2.0,2.0,36560.0,39,0.1235537112356971,0.041973928945084206,0.0038146354393401695,low
4465,0.2670249447766823,0.2694897904207747,0.2741164269166532,0.1893688378858897,5.001998100700592,-0.1143887,1.0,1.0,24700.0,39,0.3078245753718016,0.003198216950782258,-0.01853387099538612,low
4500,0.28434380668903897,0.24976980235122812,0.21105071078303902,0.25483568017669395,4.689695141057779,-0.5433185,1.0,1.0,12910.0,39,-0.028588827029106513,-0.015838757146376926,0.21077838651183758,low
4510,0.2662260562566328,0.2764497588551134,0.2476148196404367,0.209709365247817,4.84788104279483,-0.6155546,1.0,1.0,285980.0,39,0.19661128926682944,-0.06035462112952661,0.05124501219904123,low
4521,0.2619654458097893,0.2805114801036842,0.2271401147468086,0.2303829593397178,4.528828952731369,-0.0792243,1.0,1.0,120540.0,39,0.08982572476364006,-0.11408483018148419,0.1008656259507555,low
4522,0.28437790583764316,0.29414929513514193,0.21006932026334857,0.21140347876386636,4.694370831446394,-0.0372525,1.0,1.0,50580.0,39,0.17912968708245094,-0.15122876526827625,0.21415891015443111,low
4525,0.26986243946879196,0.2709780374882316,0.2536261641975263,0.20553335884545001,4.723578153292297,-0.5000489621527778,2.0,2.0,11520.0,39,0.21910051747755885,-0.02870059625876686,0.043876652722345436,low
4530,0.2723809066853286,0.26721155697729154,0.27485893045864684,0.1855486058787331,4.893937150229452,0.31744926552042885,2.0,2.0,54090.0,39,0.32953696583486647,0.019342019760595176,-0.00640391752071372,low
4540,0.28491126816321183,0.25514218031978303,0.26994833950103,0.18999821201597522,4.7630585524742965,0.6441448999999999,2.0,2.0,30980.0,39,0.3034510787917891,0.06808212963715829,0.038146421402957986,low
4600,0.28897919222421437,0.27007643672737575,0.25267469566858547,0.18826967537982442,4.737863727713557,-0.1674963,1.0,1.0,438520.0,39,0.3127900282952772,0.00042764987022874263,0.09493036719933722,low
4621,0.2715636585806129,0.2859991390921588,0.2402266131607815,0.2022105891664468,4.798843731118271,-1.2572,1.0,1.0,221600.0,39,0.23493509927675066,-0.09234507750587706,0.08670110774932001,low
4622,0.27774296366759393,0.25913720115592864,0.2753400386812316,0.18777979649524604,4.997009550514443,0.0970085,1.0,1.0,264020.0,39,0.31646030259696284,0.05306722435012227,0.006144232370498025,low
4640,0.27602809010621326,0.26384079679414857,0.28174969847877684,0.17838141462086132,4.9228235969358565,0.7105829,1.0,1.0,92500.0,39,0.3709751129869911,0.04524614228945322,-0.014507318418341127,low
4700,0.26999141530209075,0.2949723530070438,0.26669883706669933,0.16833739462416614,4.843320569408824,0.2011382,1.0,1.0,1143260.0,41,0.43113084802457596,-0.07726222703076041,0.00867626567745894,low
4710,0.28430652202100526,0.2757488006223797,0.27690855916209245,0.16303611819452246,4.944281793546234,1.258639,1.0,1.0,243920.0,41,0.46514666894513373,0.014190580817780803,0.018643307746816357,high
4720,0.26321384743050075,0.26564350562174516,0.2578322888772272,0.21331035807052692,4.797135955258758,-0.10745273729255181,2.0,2.0,3335170.0,41,0.17874382987796056,-0.0159356742518825,0.014607043797607168,low
4740,0.25103559344343535,0.24417551276393112,0.28143364846345037,0.22335524532918322,4.844029593742304,0.1427099,1.0,1.0,371620.0,41,0.12617647554472353,0.06928662846283927,-0.08082370312014038,low
4750,0.2533854027519973,0.2411424296842149,0.2779689209689372,0.2275032465948505,4.9486889658772695,-0.0136432,1.0,1.0,265130.0,41,0.10574608948855727,0.07823893391526453,-0.0654764274347808,low
4760,0.27701168275605187,0.26410867214623046,0.25312638112524705,0.20575326397247062,4.78957290898587,0.3573965,1.0,1.0,3693490.0,41,0.2177407608062339,0.0021340218884073514,0.06376037507240653,low
4800,0.2979894453977402,0.2638650564962606,0.299357334801049,0.1387881633049503,4.827273196127054,1.122101,1.0,1.0,96660.0,41,0.6279514271779978,0.10117224712520612,-0.003238472511277286,mid
4810,0.30524797949229177,0.25157546195748925,0.29332965428846086,0.14984690426175812,4.729156165769083,1.426945,1.0,1.0,422600.0,41,0.5488644300070468,0.14163585994585826,0.028162236816018392,high
4820,0.31306246250249986,0.25644957002866475,0.31089594027064865,0.11959202719818673,4.800407968048592,1.2599,1.0,1.0,426870.0,41,0.7738036565111047,0.16003207079102058,0.004910483492435154,high
4830,0.28259922231161166,0.25744167337087687,0.31658956824886025,0.14336953606865113,4.7835673858898895,1.278436,1.0,1.0,37190.0,41,0.5935601583295746,0.12249471559964537,-0.08031069866368282,high
4850,0.2863483275681204,0.23604676784284398,0.2963099432556384,0.18129496133339731,4.819167453319618,1.0238560395466145,2.0,2.0,1508650.0,41,0.3499519133063759,0.17169090141873972,-0.024180940339024494,mid
4900,0.2681786749813199,0.2738086289389156,0.25033137947861234,0.20768131660115213,4.7546102261567365,0.2949375754451734,2.0,2.0,42680.0,41,0.2075153106432101,-0.04507871155324126,0.0486969576852634,low
4920,0.2860534976396192,0.2711525522758795,0.28178922267019935,0.16100472741430208,4.913149616531027,0.8409412057937428,2.0,2.0,224380.0,41,0.4779647914493404,0.037548648799316735,0.01062038597497707,low
4930,0.31777250791860834,0.24954810036317804,0.28241654367257596,0.15026284804563772,4.803857096868311,1.025903,1.0,1.0,59550.0,41,0.5447912561038397,0.14918023763211416,0.0834051233083611,mid
4940,0.27210761522141474,0.25134293323703333,0.31783505620006325,0.15871439534148873,4.559021529962111,1.925633,1.0,1.0,115130.0,41,0.48879324511305916,0.1282281916723304,-0.1098383786619117,high
4950,0.25813985193264066,0.30749168677055483,0.28156508028712507,0.15280338100967952,4.738914056037687,1.511458,1.0,1.0,7860.0,41,0.5296776356598897,-0.10738195291737074,-0.06142078850741787,high
5000,0.27946925463826233,0.26183053873677997,0.29350823260066666,0.16519197402429098,4.936342689514401,1.134282,1.0,1.0,1443630.0,43,0.45067114465576946,0.07324096083130194,-0.03465770989278079,mid
5010,0.27925145227103704,0.24072523098982235,0.34074600164825225,0.13927731509088834,4.592490132830717,1.244421,1.0,1.0,48190.0,43,0.6170445675691825,0.20246569767164405,-0.1407317135689463,high
5020,0.29304301711053277,0.26121145253610156,0.29490524288178677,0.15084028747157893,4.702206148499686,1.411687,1.0,1.0,3870.0,43,0.5437597465296603,0.09647438802364874,-0.004479295080627883,high
5100,0.28559268314769537,0.24587521506836907,0.31926107036131485,0.14927103142262063,4.701661486176852,1.270176,1.0,1.0,212900.0,43,0.5508236118845379,0.16776044061831152,-0.07880178957503885,high
5110,0.29023181845984464,0.22122453972720044,0.34267233469937003,0.14587130711358492,4.678420647727684,1.135705,1.0,1.0,429080.0,43,0.5653582866139463,0.28948815675891976,-0.11744670319255371,mid
5120,0.28992738848946603,0.23321529491719423,0.34130986872697366,0.13554744786636622,4.709800435066175,0.8181121,1.0,1.0,1509370.0,43,0.6427115371249267,0.24433545826415864,-0.11537172873709145,low
5130,0.26133651902440175,0.24900177429653403,0.30547913362542045,0.18418257305364383,4.719302120033004,0.4955334,1.0,1.0,11140.0,43,0.3341033303357916,0.10319306384027542,-0.11035995998572255,low
5140,0.2966654028778278,0.2261820939175648,0.3308147827185904,0.1463377204860171,4.699570861409576,1.155485,1.0,1.0,149290.0,43,0.5651545099354399,0.26596672455653664,-0.07704192545327923,high
5150,0.28567922243675753,0.22868737114245505,0.31875674968092427,0.16687665673986324,4.794881041213901,1.589915,1.0,1.0,61930.0,43,0.43298061885906985,0.22640882502537388,-0.07746969280201058,high
5160,0.2808694123133615,0.2521081643106704,0.2799749237391151,0.1870474996368529,4.8721392168423305,0.4310685,1.0,1.0,364210.0,43,0.3199560635029174,0.08690521787675082,0.002255525935381163,low
5200,0.30987897458828023,0.23017514326765323,0.33133542220804796,0.12861045993601863,4.6179876896987055,1.026384,1.0,1.0,39980.0,43,0.6950688466416618,0.2701101394118505,-0.04734037878235178,mid
5210,0.2786520512263946,0.2383980898632516,0.3278217929238116,0.1551280659865422,4.801969761962699,1.184181,1.0,1.0,7060.0,43,0.5091140840256296,0.19373429812673934,-0.1149092863436554,high
5220,0.27589677073083463,0.24179264692727437,0.32455664639055376,0.15775393595133733,4.772716457199892,1.3362,1.0,1.0,150170.0,43,0.4929006782676632,0.1740467817840184,-0.11485769456315645,high
5230,0.28818174920116574,0.26979099628756353,0.32880777672546807,0.11321947778580281,4.785573236959415,1.54555,1.0,1.0,16820.0,43,0.8281303238016997,0.10768345832069195,-0.09325462825754777,high
5240,0.26592666263512743,0.25692566807770545,0.31303070133790467,0.16411696794926262,4.888316989638111,1.075894,1.0,1.0,2787070.0,43,0.455116694019762,0.0946924609757573,-0.11531547357582896,mid
5250,0.2950403599611098,0.24840029846021663,0.31855540733036386,0.13800393424830984,4.7722934990241495,1.416653,1.0,1.0,151340.0,43,0.6304963873771775,0.17180128298700753,-0.054223962260057545,high
5260,0.27594430568986084,0.21990591054976474,0.29765428949413575,0.20649549426623875,4.702750514326955,0.2403003,1.0,1.0,85460.0,43,0.20741186101416786,0.21626227075627058,-0.053551781948803036,low
5300,0.2720960631671421,0.2672325742621415,0.2938018300266195,0.1668695325440968,4.838422471450589,0.7106003,1.0,1.0,220380.0,43,0.4403863941547474,0.04605938131904408,-0.05427066832512777,low
5310,0.28452203534170745,0.2621247604854163,0.3037115889574907,0.14964161521538571,4.952794294406406,1.44861,1.0,1.0,169840.0,43,0.551652466206134,0.09359013798895353,-0.04615132314543722,high
5320,0.27049512302136425,0.23699753619764424,0.31448074521583586,0.17802659556515574,4.762173934797756,0.2762258,1.0,1.0,78470.0,43,0.3676069437125847,0.16945465073169652,-0.1065389175778043,low
5330,0.3028837606229776,0.236390143299079,0.3122355367492799,0.1484905593286634,4.802298250099019,1.274213,1.0,1.0,238610.0,43,0.5545525469854384,0.21479565461448785,-0.021502215567647268,high
5340,0.2809266828924802,0.2743233806569993,0.2889792054415885,0.155770731008932,4.746061924685573,1.200969,1.0,1.0,40500.0,43,0.511994312420495,0.030958769626789572,-0.019983553029139112,high
5350,0.28359190145439955,0.23542215010821202,0.3034369329331499,0.17754901550423863,4.899554746499545,0.761112,1.0,1.0,133850.0,43,0.37133730853973074,0.17960861316631466,-0.0478269714345286,low
5360,0.28603258599080916,0.24482789178514003,0.32961223430517406,0.13952728791887684,4.877103901471733,1.480714,1.0,1.0,102770.0,43,0.6177063472441124,0.18490042521231603,-0.10027564322922247,high
5400,0.27200120807396094,0.24463497709693116,0.33209449822983605,0.15126931659927184,4.772208885917529,1.032934,1.0,1.0,983150.0,43,0.5351482375688976,0.16807241192775435,-0.14114774402888533,mid
5410,0.26739312244797564,0.24393171643626704,0.28894573719683175,0.19972942391892556,4.89836205161347,0.4228141,1.0,1.0,100860.0,43,0.2485367274848355,0.10662717981246396,-0.05481418629680232,low
5500,0.26893224250052444,0.21313194881476816,0.26127543528424585,0.25666037340046155,4.794632850933413,1.254537,1.0,1.0,85750.0,43,-0.03502063790414469,0.1780826872989313,0.02042428636443813,high
5510,0.26635806086175245,0.19813273956013905,0.27803820461736783,0.25747099496074066,4.595220855134423,-0.92241,1.0,1.0,68310.0,43,-0.043643056523041554,0.2591256461007936,-0.030346925666790824,low
5521,0.2767809450726371,0.2515178188548085,0.3203030371423627,0.1513981989301916,4.88635620469617,0.7743953,1.0,1.0,97050.0,43,0.5370129486948831,0.1377700177632782,-0.103266692752548,low
5522,0.29133858267716534,0.25694156651471195,0.28180687940323246,0.16991297140489012,4.836916626109569,1.128045,1.0,1.0,194330.0,43,0.4210897516835366,0.0890025094184853,0.023521266183230784,mid
5530,0.256825679341616,0.2106140490023955,0.2784957829333147,0.2540644887226738,4.788907406923208,-1.027005,1.0,1.0,24000.0,43,-0.024519082671503118,0.1950389337478138,-0.05727943436880093,low
5540,0.26766276263620037,0.24604250498629607,0.27984194179656985,0.20645279058093374,4.81210305125432,-0.283523,1.0,1.0,79320.0,43,0.21340072258786408,0.0869340970183152,-0.03146420853938016,low
5550,0.2453017363977551,0.2192731132369978,0.261895677389368,0.2735294729758791,4.533888983983128,-0.9672173,1.0,1.0,335540.0,43,-0.10781289196866468,0.11831002225225586,-0.046285241774095646,low
5560,0.25880406148657004,0.22824464021353552,0.25295212251665083,0.25999917578324366,4.633660456387719,-1.007248,1.0,1.0,112130.0,43,-0.04686521238996353,0.09325836707079276,0.016172256362882186,low
5600,0.2978569997997196,0.2091613973849103,0.3152270321306973,0.1777545706846728,4.742145641015169,0.6614221,1.0,1.0,367200.0,43,0.36136395606309885,0.31177686814599403,-0.040078537472434166,low
5610,0.26297350900298283,0.23618579616143423,0.26310885306320053,0.23773184177238252,4.836361268881602,-0.7375154,1.0,1.0,795360.0,43,0.05652545932312219,0.08792998775255037,-0.0003638316422881214,low
5630,0.2666399405187825,0.2267744724887715,0.2746088387411052,0.2319767482513408,4.94356913673158,-0.3528867,1.0,1.0,54760.0,43,0.08235655379575754,0.1442483569344945,-0.02082321254158276,low
5710,0.29196542617799404,0.22994882886271564,0.32446262469536324,0.15362312026392713,4.841032509710076,1.106018,1.0,1.0,466910.0,43,0.5176394192507032,0.23804636982988367,-0.07462448559823995,mid
5720,0.29228196056730354,0.22734423090075914,0.33791060181183985,0.14246320672009752,4.665794807804526,1.149438,1.0,1.0,155250.0,43,0.5917015584641188,0.2643692288917481,-0.10257461668987708,high
5730,0.2801699825168132,0.2580671507510114,0.305287068822501,0.1564757979096744,4.873210618184584,1.2978,1.0,1.0,656640.0,43,0.5055177376990936,0.10214755655005371,-0.0607093907868349,high
5740,0.28568083499680974,0.22689621664022663,0.32510083300649195,0.16232211535647173,4.723308714005133,1.254248,1.0,1.0,1825980.0,43,0.4603661578363319,0.24087677135146973,-0.09140073814358958,high
5810,0.2940816227860477,0.221113194269107,0.3179307973719977,0.1668743855728476,4.809660848803092,0.1723307,1.0,1.0,147170.0,43,0.43088857776943235,0.2646843395449898,-0.055137629502709944,low
5820,0.27232635060639465,0.22617071896941915,0.32260488597458364,0.17889804444960253,4.726502471155617,0.5072381,1.0,1.0,41930.0,43,0.35919021560036,0.2208007862556593,-0.11980308363724489,low
5830,0.2947928331466966,0.2404321190962387,0.291688623937817,0.1730864238192477,4.797689567758492,-0.0650455,1.0,1.0,7600.0,43,0.3992447659173138,0.16210891511841738,0.0074854127218891495,low
5840,0.2903673917016998,0.2324986291354414,0.3431182599159203,0.1340157192469384,4.687855552606699,1.257163,1.0,1.0,218300.0,43,0.6536283965309347,0.24962484620344177,-0.11803604785200937,high
5850,0.25045530038371233,0.22555409197640455,0.25585304392646474,0.26813756371341846,4.730745008896157,-0.7109466,1.0,1.0,69400.0,43,-0.08315481742754788,0.09420887937228065,-0.015077474885080943,low
5860,0.27771813726223127,0.22068652047929044,0.32491156092353424,0.17668378133494414,4.695741884172478,0.9108539,1.0,1.0,2578180.0,43,0.3706063913501661,0.251755803888144,-0.11097780747355071,mid
5900,0.2645722841119599,0.2257466947496637,0.2788675446832627,0.2308134764551137,4.751864565138895,-0.5773576,1.0,1.0,32920.0,43,0.08759419729513682,0.15106179472196385,-0.037209669333244086,low
5910,0.33153369028527624,0.19467399918885836,0.32011817366617434,0.15367413685969103,4.485485343042112,1.436193,1.0,1.0,5340.0,43,0.5020761830937068,0.42040059020903453,0.02477646579360997,high
5920,0.30686647282487134,0.25676582420040267,0.3139118765376874,0.12245582643703863,4.766353223579481,1.052958,1.0,1.0,6190.0,43,0.7506819039405989,0.1548061392973586,-0.016051032262776786,mid
6005,0.2664959969086233,0.2255352549782033,0.2549733731026072,0.2529953750105662,4.907346704590325,-0.5575955,1.0,1.0,25770.0,45,-0.015911424932173294,0.11821456598764699,0.031254191861403824,low
6010,0.2759060107541927,0.2300357806784336,0.2849361344873768,0.2091220740799968,4.879234962480687,-0.0081121,1.0,1.0,13630.0,45,0.19682035040342183,0.16160737304486025,-0.022772231522459642,low
6020,0.27578580935804237,0.21321944155977124,0.27460691248957864,0.23638783659260781,4.71330684459267,-0.9411108,1.0,1.0,950.0,45,0.057984892601842,0.20833784830703841,0.0030291361485541538,low
6040,0.27587779297765624,0.22343821249430001,0.26003191974464207,0.24065207478340173,4.719123676063936,-1.03238,1.0,1.0,25560.0,45,0.0403685184936933,0.14798695853044103,0.04182790947576729,low
6050,0.2622830963282727,0.2278594401829811,0.24455462640003772,0.26530283708870844,4.851088169112991,-1.382695790471676,3.0,3.0,337520.0,45,-0.07073227005219121,0.08630583139083367,0.04948738846726597,low
6115,0.26848632660474286,0.20878674753591953,0.23999487190444652,0.28273205395489115,4.665700685728123,-1.4427735,1.0,1.0,0.0,45,-0.14975542281856458,0.15953966578271345,0.07932495803041158,low
6120,0.2684509110325035,0.2310885670426483,0.2592538209971301,0.2412067009277181,4.992946431225172,-0.9999521,1.0,1.0,6300.0,45,0.03935045134952451,0.10813418128280464,0.024650085254313565,low
6130,0.26609654642018254,0.217061675240186,0.2294859086397416,0.28735586969988985,4.840729873249665,-1.3458874029143897,3.0,3.0,32940.0,45,-0.16809029940177536,0.10587419922981196,0.10466422892624881,low
6200,0.2678469617404351,0.2297374343585896,0.2480120030007502,0.254403600900225,4.955193053846446,-0.3598737,1.0,1.0,665870.0,47,-0.02192082554067845,0.09390477745679648,0.0544038304971317,low
6210,0.28044093305002177,0.20229388493009165,0.21875491588697277,0.29851026613291387,4.929642134886724,-1.121584,1.0,1.0,12920.0,47,-0.22007909109347265,0.16528833903399603,0.175653193000234,low
6220,0.2778818702540868,0.2289621952302168,0.22766658845597226,0.265489346059724,4.862427124884176,-1.5897806327944572,2.0,2.0,64950.0,47,-0.07392650025031118,0.07673619249667543,0.1409361882617406,low
6230,0.2675677751324783,0.223254742339298,0.245135262268643,0.2640422202595807,4.912948960138995,-1.245253,1.0,1.0,668060.0,47,-0.06605768596015849,0.11208706854200404,0.0619162143996332,low
6240,0.2838730434935127,0.2178962585145286,0.22723612491086453,0.27099457308109415,4.785243379524679,-1.2353166411053953,4.0,4.0,83590.0,47,-0.10038981819086529,0.12511938111239515,0.15735772834193862,low
6250,0.27432131312937547,0.2246714009603359,0.2291133838143245,0.27189390209596426,4.887709902830284,-1.677710592263792,2.0,2.0,189240.0,47,-0.10192535207380757,0.08950407463285825,0.1273379728072169,low
6260,0.27287334657654055,0.22606561489386223,0.23047926398503024,0.27058177454456706,4.976526824462806,-1.404981,1.0,1.0,968760.0,47,-0.09576195497094102,0.08471889972882671,0.11939275842275474,low
6305,0.26986943442433153,0.21918455761817326,0.23612381906068475,0.2748221888968105,4.960289825209926,-1.188729156455674,3.0,3.0,452780.0,47,-0.11436275781267763,0.11531641787915729,0.09445669657511385,low
6330,0.27054728867384537,0.22793288149213212,0.2232229265108877,0.27829690332313484,4.627484545928485,-1.4763043417823556,2.0,2.0,111650.0,47,-0.12944094099968284,0.061447668082954,0.13595963512513734,low
6355,0.2687155429311371,0.2287393481469209,0.239157399999564,0.263387708922378,5.012234015459953,-0.9164291,1.0,1.0,650580.0,47,-0.06279347152558998,0.08393952122483078,0.08240017590310313,low
6360,0.27534560033283534,0.21396557639678723,0.23190140293338163,0.27878742033699583,4.79305954708551,-1.267038,1.0,1.0,52700.0,47,-0.1331352966476669,0.13582789796826472,0.12142065931098793,low
6400,0.2641685153982294,0.239556857799004,0.2280552321345454,0.2682193946682212,4.783642431483944,-1.3034349213637142,2.0,2.0,58370.0,47,-0.08384569148747437,0.01983820502146671,0.10394425106726711,low
6410,0.26154927994961824,0.2517259464500732,0.24495609124779863,0.24176868235250998,4.859964959200191,-1.3826820430365718,2.0,2.0,216560.0,47,0.03813353511474004,0.004498785355373486,0.0463464242304524,low
6441,0.25699369658532817,0.21061912680304726,0.22331103290923857,0.30907614370238606,4.830950258623431,-1.18099,1.0,1.0,33330.0,47,-0.257814163155457,0.1051297693029449,0.09933859732419639,low
6442,0.2678460140710762,0.2166675426674976,0.2340724277487029,0.2814140155127232,4.867842095435704,-1.119614,1.0,1.0,417620.0,47,-0.1429155256868655,0.11811218848413374,0.09530502099848943,low
6460,0.2688970072541897,0.2383519485821356,0.2308622332017879,0.2618888109618867,4.8342958089798485,-1.577907,1.0,1.0,26980.0,47,-0.055963183411219655,0.03619237827012554,0.1078389418268738,low
6500,0.27381857113535885,0.23118783595626535,0.22240096744309895,0.27259262546527696,4.774575350848819,-1.781242,1.0,1.0,16420.0,47,-0.10500766613362618,0.05327093332739793,0.1470667734225223,low
6515,0.2588224914715916,0.2376779202446771,0.235692859663569,0.2678067286201623,4.895673275626574,-1.553439,1.0,1.0,129890.0,47,-0.08117781892100928,0.0313693982141778,0.06619435196957837,low
6520,0.2645847151498175,0.2239375097442836,0.2274494156072373,0.2840283594986615,4.8158362157911885,-1.244711,1.0,1.0,122630.0,47,-0.1532189130858894,0.07444622791639532,0.1069383178564865,low
6530,0.28246688077077486,0.21283286498059686,0.20820788170748025,0.29649237254114813,4.763881877142913,-1.700957,1.0,1.0,68620.0,47,-0.21173136795955771,0.10658707499373056,0.21568474785658148,low
6540,0.26470263603687477,0.22885003911105145,0.22917396499680875,0.27727335985526513,4.914784968439421,-1.036982,1.0,1.0,16420.0,47,-0.12380013319189302,0.05999395581025424,0.1019122457715263,low
6600,0.2737712418473738,0.22122258958293387,0.21840747223410725,0.28659869633558516,4.788221292199252,-1.4978231040645877,6.0,6.0,179600.0,47,-0.16639932830351903,0.08177889156982136,0.15975693000643773,low
6660,0.2742500725113956,0.2370603747176047,0.2758413317615878,0.2128482210094118,4.819071155935369,0.0676731,1.0,1.0,117830.0,47,0.1791064753443964,0.12134628089048276,-0.0040909322929756665,low
6700,0.25379792621171937,0.21485411140583555,0.22724258500120564,0.30410537738123944,4.937849524370603,-0.9278526,1.0,1.0,22510.0,47,-0.23660018951084533,0.0908915809109764,0.07814964017118771,low
6710,0.24374347860984036,0.24477084838269525,0.22850951119672525,0.28297616181073926,4.805495367221621,-1.675288,1.0,1.0,24470.0,47,-0.14666755998426392,-0.029782011311152032,0.045635625944128205,low
6720,0.26181002089223887,0.22790996404763136,0.25461216474600795,0.25566785031412187,4.887940214078852,-0.7441202,1.0,1.0,44240.0,47,-0.027518296722955284,0.10184132524915744,0.019712485841836692,low
6730,0.25211416739217396,0.25931904280100715,0.25125767665121534,0.23730911315560366,4.944281793546234,-1.281572,1.0,1.0,141150.0,47,0.05956218847614134,-0.02439578101211332,0.0024062966674909428,low
6740,0.2763094666025949,0.2212878423834695,0.2283157135992311,0.2740869774147045,4.95350040939126,-1.496825,1.0,1.0,21030.0,47,-0.11218530433470598,0.1034183782407713,0.13491039724423415,low
6750,0.2689321592459383,0.21609822646657575,0.23593368886684027,0.27903592542064576,4.771616393623756,-1.260409,1.0,1.0,28620.0,47,-0.13287099290190443,0.12514599246661287,0.09256619297153157,low
6765,0.25953363838241916,0.24750078061212988,0.23248590707648037,0.26047967392897053,4.937243485730077,-0.9102650999999999,2.0,2.0,30920.0,47,-0.04862583301211747,-0.006169261039163497,0.07782184837259679,low
6800,0.24774570724892622,0.23920176002421092,0.23749902189029515,0.2755535108365677,4.956953263992907,-1.0767223340523882,3.0,3.0,51920.0,47,-0.11445154823603051,0.01141118932413312,0.029867724456499538,low
6821,0.2662432922827472,0.2218468903215844,0.2214198162375014,0.290490001158167,4.906385272722456,-1.364242,1.0,1.0,35720.0,47,-0.18135985430943385,0.07368723345217633,0.130355137161181,low
6825,0.25910179759265123,0.22070003167564145,0.22197695597085845,0.29822121476084895,4.877713239597068,-0.9993442,1.0,1.0,15800.0,47,-0.2127268922027597,0.0678450223545943,0.10935226117231205,low
6835,0.272255910009667,0.2200544863344758,0.2538008612356094,0.2538887424202478,4.976250867234425,-0.9770419,1.0,1.0,5370.0,47,-0.021223640746537924,0.14514943677436082,0.049633607562292195,low
6850,0.2665303037443588,0.21441601810310326,0.21300644020072,0.3060472379518178,4.778105329957581,-1.394876827946768,3.0,3.0,21040.0,47,-0.24724733756387865,0.08612980454163638,0.15850897790778842,low
6920,0.2690618419356225,0.2101336542180583,0.2278310198117667,0.2929734840345524,4.729950902885397,-1.500306,1.0,1.0,34520.0,47,-0.19311127552950177,0.1339290801115983,0.11761804601501466,low
6950,0.258853946522363,0.2187322971463797,0.22901399594980532,0.29339976038145194,4.854031692149479,-1.590225610738255,2.0,2.0,10430.0,47,-0.1924633043446542,0.08750798828140369,0.08660705390408888,low
7000,0.2688439403863975,0.2295513644837701,0.2543480118210716,0.2472566833087608,5.007764510671235,-0.114278,1.0,1.0,526240.0,49,0.010877374692605857,0.10638170239274312,0.039193238511056994,low
7010,0.2603526945369343,0.18869568791877336,0.2698647593209192,0.2810868582233732,4.760291822855391,-0.4540974,1.0,1.0,86420.0,49,-0.14892675276097614,0.2774810436101852,-0.025373616711367463,low
7020,0.2677630504959374,0.2160874297252605,0.2590320252934542,0.25711749448534776,4.887237722247816,-0.9242242577923122,2.0,2.0,186530.0,49,-0.03633329499125704,0.16153893618943616,0.023441117051117816,low
7030,0.2637483906566121,0.2104101526577156,0.2609895162773589,0.2648519404083134,4.922750808785736,-0.2635513,1.0,1.0,18910.0,49,-0.07187384641454471,0.18018379368212384,0.0074354710485717655,low
7040,0.2623387805950462,0.2071486149787483,0.2506984647515756,0.2798141396746299,4.949823154699498,-0.9800403,1.0,1.0,15880.0,49,-0.1371359020414425,0.17432799704641833,0.03209263727897114,low
7050,0.2649015404336199,0.20615731429708045,0.24785436971880268,0.281086775550497,4.880526608749236,-0.910105,1.0,1.0,10710.0,49,-0.14293783617099814,0.17755554581650662,0.0470345203678397,low
7100,0.2736960339305344,0.19516310345809734,0.255768055340642,0.27537280727072627,4.882061476624761,-0.6933862557253992,2.0,2.0,73270.0,49,-0.12247122400796846,0.24846719739662543,0.04790445178526224,low
7110,0.27859116312417825,0.23092929892125563,0.23745221085377044,0.25302732710079573,4.94826331320342,-0.8695781,1.0,1.0,9000.0,49,-0.016936327459338863,0.08797282437525618,0.11298078342529912,low
7120,0.27021676071397516,0.22419923363807054,0.25698192552271715,0.24860208012523724,4.8507012561799305,-0.7303536,1.0,1.0,21540.0,49,0.003811857382367479,0.13192952703296743,0.035509983775752915,low
7130,0.27344274089269566,0.19629193929436015,0.25717014884742895,0.2730951709655153,4.889295942237095,-0.6848876,1.0,1.0,77420.0,49,-0.11230266239327279,0.24561200713492892,0.043384055343687986,low
7140,0.26713672974629027,0.21024962480796386,0.25264854496532246,0.26996510048042344,4.984291318756654,-0.8144518,1.0,1.0,125440.0,49,-0.09434554902661983,0.17275800763533625,0.03942915879628738,low
7150,0.286197639109538,0.2089207070605506,0.2410687352947091,0.2638129185352022,4.866918876413368,-1.199119,1.0,1.0,137300.0,49,-0.06985970665324925,0.18691857968254083,0.12133988885602968,low
7160,0.27167668354550184,0.21511523354313566,0.23562538450617576,0.27758269840518673,4.637056374850413,-1.234898,1.0,1.0,16230.0,49,-0.12711144524324802,0.132479908447399,0.10067044297279895,low
7200,0.270445591966904,0.21048370375489978,0.23171424057819337,0.287356463700003,4.879691028162049,-1.031144,1.0,1.0,629780.0,49,-0.16950610531625215,0.14156391737586604,0.10929470101639484,low
7210,0.2640812557710065,0.18749999999999994,0.2437312442289936,0.3046875,4.891926830363372,-1.058387,1.0,1.0,261420.0,49,-0.24588139432122486,0.24689440481488775,0.05670337548020698,low
7220,0.26317152029926755,0.20402075783256254,0.2403202122197421,0.2924875096484278,4.919810862241223,-1.280674125332414,3.0,3.0,203060.0,49,-0.19117970032234147,0.17078444824208883,0.06422915096877257,low
7240,0.2667407540724244,0.20450979283873905,0.24412729849476075,0.28462215459407575,4.8837186145800064,-0.8929475666483516,3.0,3.0,72800.0,49,-0.15845513475917655,0.18074593360589516,0.06264076809313934,low
7260,0.26725124620164076,0.22800367408583536,0.23820080750224076,0.26654427221028315,4.851190086426996,-1.2799168437686537,3.0,3.0,123970.0,49,-0.07677490146187375,0.0827028461775693,0.08137043023660753,low
7300,0.2623448075943214,0.21206775918848816,0.24517242169765263,0.2804150115195378,4.884599532372246,-0.9519310472788618,2.0,2.0,68170.0,49,-0.13864628042326865,0.14607521395142756,0.04786969576854421,low
7315,0.2627738972347144,0.2265429145536312,0.2372428475743948,0.2734403406372596,4.915958247154348,-0.8960592,1.0,1.0,356960.0,49,-0.10679183099306315,0.07940815268836468,0.07227314811596017,low
7320,0.26469794144766,0.2199456961941488,0.2494332740712062,0.2659230882869849,4.8507012561799305,-0.9281666,1.0,1.0,28120.0,49,-0.07461095279136551,0.12697314337385218,0.042000651829348104,low
7330,0.2692018474901424,0.19828339242519646,0.24835222546623428,0.2841625346184269,4.863474406066631,-1.2170064084816052,2.0,2.0,373750.0,49,-0.15837652987063702,0.21674509974138406,0.05700232288928678,low
7340,0.26779847527357453,0.20263872316049025,0.24628158305275866,0.28328121851317667,4.96109484853612,-1.06955,1.0,1.0,1416740.0,49,-0.15334000398589442,0.19345288531670887,0.059226706674909924,low
7350,0.2574670806123542,0.19391928059094315,0.23558237876030405,0.31303126003639864,4.785406236291025,-1.015195,1.0,1.0,57660.0,49,-0.2766993470375103,0.19517066397192448,0.06281315359297944,low
7360,0.25747645985153517,0.23027903964346694,0.23059834324457754,0.28164615726042047,4.970507503005476,-1.283911,1.0,1.0,39240.0,49,-0.14175596120955666,0.04614109638432274,0.07795914106538673,low
7410,0.25848134776765186,0.22359812906028725,0.21234047850731325,0.30558004466474764,4.85257698943798,-1.118984,1.0,1.0,123940.0,49,-0.24357551709713826,0.03809520136652995,0.1390401873241236,low
7420,0.2592099972161217,0.2249373627393362,0.251662593955891,0.264190046088651,4.919104629583938,-1.054143,1.0,1.0,101530.0,49,-0.06594967069622658,0.10372930127120994,0.02089447911823728,low
7430,0.2776619112026831,0.20804360530998087,0.26086818353598035,0.2534262999513556,4.8946397138885125,-0.5370875619520655,4.0,4.0,63420.0,49,-0.022242993890805578,0.21021686940458706,0.044115678614215025,low
7440,0.25630402582185574,0.19981871642384985,0.24262374814847565,0.30125350960581876,4.979007018638079,-0.9838256,1.0,1.0,10100.0,49,-0.22764044824984256,0.18087650647576956,0.03878654561404002,low
7510,0.26120925786348514,0.19199588212585256,0.26312112800338255,0.28367373200727986,4.650717000944062,-0.8515025,1.0,1.0,27540.0,49,-0.15821244509032925,0.25433398201390145,-0.0051566812397867996,low
7520,0.2596781261299229,0.22585287476323998,0.2425260465929309,0.2719429525139063,4.91338990965742,-1.08214,1.0,1.0,2670.0,49,-0.09998007552755397,0.08605237895334839,0.048319275280719415,low
7540,0.2627494068822653,0.23240417386922715,0.24946636899971306,0.25538005024879457,4.943925528623873,-0.9909422,1.0,1.0,15380.0,49,-0.02576588293175235,0.07902417071253491,0.03668232385171492,low
7550,0.25078079958855076,0.24905951497102854,0.23099224799771045,0.26916743744271027,5.065060346074329,-1.439807,1.0,1.0,3530.0,49,-0.08699098321075244,-0.027932497874865042,0.05812071093317178,low
7560,0.2672790160011886,0.2052447616242549,0.2389856617464988,0.2884905606280577,4.821409960985506,-1.277513,1.0,1.0,17980.0,49,-0.174673628851407,0.16994977138488807,0.07911786596540504,low
7610,0.27148791791643456,0.20480013081046275,0.22538744934926905,0.29832450192383353,4.842847607079338,-1.320576,1.0,1.0,88480.0,49,-0.21672932148892568,0.15418292436896266,0.13159025180593714,low
7640,0.2691440356635108,0.20649546703991362,0.24148343387311988,0.28287706342345575,4.926332977704572,-1.1296448417721887,2.0,2.0,172160.0,49,-0.15089371897333476,0.17207283210202096,0.07668276829461772,low
7700,0.2676587684175902,0.23432959404738946,0.26276329072286564,0.23524834681215476,4.974731739749902,-0.0370227,1.0,1.0,629420.0,51,0.06806090800828096,0.10104521467695654,0.01305271419113114,low
7710,0.2727021268642769,0.2107576720367809,0.2572496542443838,0.2592905468545584,4.871219958312758,-0.9270664,1.0,1.0,33320.0,51,-0.04754813952999952,0.1865731921055129,0.041247701186955345,low
7720,0.2840408305084247,0.22514640471447694,0.2308115371990248,0.2600012275780736,4.7530966712684,-0.8687627231981983,3.0,3.0,11100.0,51,-0.05039940512189147,0.10500871162734514,0.14673630736956553,low
7730,0.26193354056591567,0.21244551884779417,0.22571097387382674,0.29990996671246345,4.768054048889571,-1.044632,1.0,1.0,45990.0,51,-0.22066768054873437,0.11021681856938426,0.10524259520209617,low
7740,0.26927376327063335,0.19744164546789364,0.22893768467102124,0.30434690659045177,4.670676988190211,-1.077573,1.0,1.0,61070.0,51,-0.24245336156950967,0.18709703461836283,0.11474838493258208,low
7750,0.27878746004162713,0.21877880822969967,0.23399332620367225,0.268440405525001,4.8027950277285845,-0.8372656584868807,3.0,3.0,1346490.0,51,-0.08778128829315124,0.12640178316682457,0.1238547767828989,low
7800,0.28981512731090864,0.24097198785015192,0.24801252484343944,0.22120035999550003,4.666265285347902,-0.4742939,1.0,1.0,181800.0,51,0.1357340316779445,0.0871042996149393,0.11014176607997946,low
7810,0.2663587344301288,0.24199730665744323,0.23938349594575592,0.2522604629666721,4.806613021935432,-1.1287884311347673,3.0,3.0,364480.0,51,-0.0114167946632578,0.034724654176332824,0.07550286407536584,low
7830,0.25962466247297916,0.22978016799682852,0.25670753143395697,0.25388763809623544,4.874891933062879,-0.7900841,1.0,1.0,21050.0,51,-0.019161657519685137,0.09509257534993987,0.007989992144448281,low
7840,0.2755130815419999,0.2031577830841549,0.2603114320233251,0.2610177033505201,4.831109824604303,-0.4268211,1.0,1.0,155240.0,51,-0.05752369596189917,0.22557676523158185,0.04013282166540487,low
7850,0.2867890660491296,0.1903358411541146,0.2628419629699394,0.2600331298268163,4.760891060984867,-0.6185341,1.0,1.0,26710.0,51,-0.05869836607700546,0.29913158151629377,0.06165549253122722,low
7905,0.27213405060808304,0.20231112090980613,0.2473411912720516,0.27821363721005915,4.872248983559444,-1.0870689549335657,2.0,2.0,183640.0,51,-0.13229914316703129,0.20308314172547498,0.06754712012164986,low
7925,0.2704256832790619,0.21038841218727775,0.2451352640381584,0.27405064049550204,4.840213292158758,-1.2322762928682773,3.0,3.0,102640.0,51,-0.11234538892059961,0.1648901251030077,0.06942881082602126,low
7950,0.2736389684813753,0.198567335243553,0.2387535816618911,0.2890401146131805,4.765160922297032,-1.149575,1.0,1.0,179630.0,51,-0.17936154042908628,0.20615928716443396,0.09643354223250068,low
8000,0.254751020472615,0.2103950038292396,0.2604988275421019,0.2743551481560435,4.809334770704498,-1.194061,1.0,1.0,67750.0,51,-0.11298701812196364,0.16530445592103443,-0.01577674200234715,low
8025,0.26410514899955556,0.20860572260901208,0.2449818857993286,0.28230724259210377,4.76606997772558,-0.9934341337276679,3.0,3.0,41420.0,51,-0.14751599841033894,0.16192745357823699,0.05314829755251767,low
8030,0.2664947054032039,0.20363833831115935,0.24477328265001358,0.2850936736356232,4.818667360250496,-0.9782187,1.0,1.0,333220.0,51,-0.16062492628188604,0.18493469696446632,0.06011961229566641,low
8040,0.27170798643449645,0.21484265679635497,0.2397297274655191,0.27371962930362953,4.832471587974306,-1.255921066485753,2.0,2.0,22110.0,51,-0.11032211030596349,0.1406122241700611,0.08854091095502996,low
8060,0.2683191187893569,0.2013093636596416,0.24564594935944797,0.2847255681915535,4.76157224538105,-0.8390314591695502,2.0,2.0,5780.0,51,-0.15982968293905417,0.19856486001098878,0.06242744889519543,low
8100,0.27156135328073405,0.20377194736173437,0.2303037777419911,0.29436292161554056,4.739028904069249,-1.1492102268974098,2.0,2.0,176820.0,51,-0.2002976848211723,0.16721212137417893,0.11652333629251736,low
8130,0.2885052842387104,0.1936284380203968,0.2424845173438401,0.2753817603970526,4.78105440081804,-0.6871514,1.0,1.0,63630.0,51,-0.12496248461755564,0.25465269119500256,0.1228778625247591,low
8140,0.2811042205140198,0.20576881200529748,0.23069923539632606,0.28242773208435673,4.6269190450949775,-1.2802928877870807,2.0,2.0,427580.0,51,-0.15117180589369453,0.17405004888417228,0.1397318244144942,low
8225,0.28346463239739644,0.2066096673270771,0.24223783372999813,0.2676878665455282,4.90622399182055,-0.8776040598500024,5.0,5.0,194670.0,51,-0.08707196554431589,0.1940586584361269,0.11113408792690449,low
8250,0.29128264965822814,0.21911241810484156,0.27508889221769334,0.21451604001923696,4.829433110570218,-0.0014732,1.0,1.0,25840.0,51,0.16622484973122548,0.20911234522171254,0.040446373933432145,low
8255,0.26044069021089783,0.22590235905415543,0.24265053210703272,0.27100641862791414,4.947269418474436,-0.84434,1.0,1.0,145290.0,51,-0.09593460585807471,0.08728009384395088,0.05002984815859288,low
8256,0.2721114817503138,0.21313180809332768,0.2421001878817577,0.2726565222746009,4.821893169499378,-0.9139293,1.0,1.0,40810.0,51,-0.10599119080408688,0.15176299450566272,0.08263264107912767,low
8300,0.24801530539264766,0.24967815763124016,0.23000107280789586,0.27230546416821627,4.701752283834336,-0.8894878,1.0,1.0,157400.0,51,-0.10075519875357582,-0.03624061110847596,0.053320437779283046,low
8310,0.27337626112198493,0.21097022475628555,0.21953687156648605,0.29611664255524356,4.636668853047462,-1.853906,1.0,1.0,26910.0,51,-0.20731898165272195,0.12203981420868591,0.15508894821089683,low
8320,0.26220219678217827,0.22068378712871287,0.23291499071782176,0.28419902537128716,4.614724398792903,-1.272624,1.0,1.0,116220.0,51,-0.15372066951761668,0.0923979337530597,0.08375143077867826,low
8335,0.2798002305937685,0.2201739126792511,0.2351465196349138,0.2648793370920665,4.749829036816989,-1.0247472676056337,2.0,2.0,9230.0,51,-0.07191496067175553,0.12469911435725098,0.12294259037694245,low
8350,0.306326931996763,0.2154273654810212,0.22446085796670096,0.253784844555515,4.644992203046817,-0.6868304054104478,2.0,2.0,21440.0,51,-0.028429431551016866,0.1604851274579121,0.21987598278319018,low
8365,0.26826459772785716,0.20361082284604456,0.2438890381098446,0.28423554131625356,4.699746083416746,-1.223601899047619,4.0,4.0,56700.0,51,-0.15718713166841763,0.18626992761914848,0.0673593019628149,low
8450,0.28175007185857165,0.22784136850955924,0.23614204089088506,0.25426651874098405,4.808029393999594,-1.405178,1.0,1.0,28020.0,51,-0.02339581342590765,0.10130870379880505,0.12486580563543258,low
8465,0.28128475897302463,0.20436506230472995,0.250156327590433,0.26419385113181243,4.820473864480075,-0.8136229787949016,2.0,2.0,17260.0,51,-0.07179000522276324,0.2129577134815533,0.08293054434172771,low
8500,0.2835461061760755,0.2034205459281912,0.2275941297348025,0.2854392181609307,4.792893792071041,-1.326847,1.0,1.0,93070.0,51,-0.1650855695661416,0.18142050656718003,0.15542972993200252,low
8510,0.28796544756732484,0.23380621986551062,0.24057345064625452,0.23765488192091003,4.818425004551931,-1.238141,1.0,1.0,16300.0,51,0.05424204805472203,0.09670611882941751,0.1271484399438434,low
8530,0.25656748955656505,0.21359412488277776,0.22086494781327265,0.30897343774738456,4.665888921022797,-1.265049,1.0,1.0,45350.0,51,-0.25713598072721516,0.08850331532118162,0.10595311225462943,low
8540,0.27176022883996526,0.19584205955968742,0.23183455074832712,0.30056316085202023,4.615714399863762,-1.203906,1.0,1.0,67210.0,51,-0.22768416900651833,0.20262469344514913,0.11235657485795182,low
8555,0.2943061782303901,0.19039885527410924,0.2439716735371322,0.27132329295836843,4.824247561272264,-0.9571436727272727,2.0,2.0,550.0,51,-0.10944809822336013,0.2790093554164214,0.13263097348533068,low
8600,0.2735593792524042,0.21077833122192288,0.26532426075379684,0.2503380287718761,4.862911716686893,-0.19165878535911599,3.0,3.0,43440.0,51,-0.00726246887020215,0.2003916837548142,0.021613428439516212,low
8610,0.27255370571692983,0.20377175407229042,0.2637644765096451,0.25991006370113484,4.971547905388209,-0.579769,1.0,1.0,29820.0,51,-0.05228317233123267,0.22408390248487234,0.023178330509653098,low
8620,0.26687828160098487,0.21608610369744274,0.26872952947067175,0.24830608523090064,4.953076800234967,-0.5590585,1.0,1.0,121150.0,51,0.0035185008706726043,0.17519737558987006,-0.0048880360144191405,low
8630,0.26851156290661427,0.21141141538209532,0.2675797784264264,0.2524972432848641,4.824872546829074,-0.6430725229132948,4.0,4.0,86500.0,51,-0.016767171287333127,0.19379529811657512,0.0024580579361544136,low
8640,0.26041696719629004,0.2199279673951455,0.2605170862860154,0.25913797912254904,4.853346832171202,-0.7943482975967441,2.0,2.0,154790.0,51,-0.04440671862019619,0.13813177752214764,-0.0002717998090907249,low
8650,0.26118841221582945,0.21386708651260833,0.24663894001404377,0.27830556125751854,4.785531252031645,-1.008668263981529,3.0,3.0,155920.0,51,-0.1292215858446362,0.13980791617553004,0.04052891899364329,low
8710,0.2532714427985353,0.23229746849863958,0.24360915778825087,0.27082193091457424,4.830370435430211,-1.1674389729365702,2.0,2.0,63850.0,51,-0.09420592281207063,0.05470096568658495,0.027504107145004498,low
8720,0.26112842385733726,0.20510225421422654,0.25666440324383777,0.2771049186845986,4.828393734102471,-1.137883,1.0,1.0,56570.0,51,-0.12612165006380138,0.190147531368069,0.012192588578544081,low
8730,0.27804534026170147,0.19977610394649561,0.24253133627142281,0.27964721952038013,4.817131447899731,-0.846812,1.0,1.0,14180.0,51,-0.1398556715481565,0.2141346383597643,0.09662845466031997,low
8740,0.2756421990359388,0.203612178900482,0.2715769723595094,0.2491686497040698,4.848821997933652,-0.1556781,1.0,1.0,551380.0,51,-0.004279197136875244,0.24124005897530357,0.010506219015940364,low
8750,0.30256393599461406,0.21295757679553776,0.24218166356128146,0.24229682364856686,4.714293613006445,-0.6366536,1.0,1.0,24350.0,51,0.026726454558886763,0.19587539969412907,0.15740514679452094,low
8760,0.28346756696353487,0.22757167611677281,0.2546259485111623,0.2343348084085299,4.837970989572662,-0.5953504556741738,3.0,3.0,68380.0,51,0.07046729458439308,0.13552325245620483,0.07587405294608192,low
8800,0.2748726593132764,0.2237008108971171,0.243057118776273,0.2583694110133334,4.829273276797001,-1.010728,1.0,1.0,358640.0,51,-0.041354808869105864,0.11797780325530333,0.08698223821440995,low
8810,0.27888310006969846,0.21296841910234646,0.24615168533994475,0.2619967954880104,4.813636249382716,-1.3878043923120946,2.0,2.0,157260.0,51,-0.05978816523267028,0.16919967796194377,0.0882785656935853,low
8830,0.2766206958764254,0.2264967923036513,0.2596164560925005,0.2372660557274227,4.817778435386918,-0.4977627,1.0,1.0,5740.0,51,0.056879701591571,0.13733106954885507,0.04486017353671168,low
8850,0.27036419090532315,0.19664396008459176,0.23157791262393865,0.30141393638614655,4.799255609702288,-1.285473,1.0,1.0,12510.0,51,-0.23075896682573827,0.19673350766716968,0.10949798313370632,low
8865,0.25688456209810884,0.211595440521899,0.2598975967763284,0.27162240060366377,4.870046404263771,-1.0909969022770398,2.0,2.0,21080.0,51,-0.10093466900516739,0.16312058504436944,-0.008245491289318995,low
8910,0.278923311325546,0.2096495683087862,0.2487557135601828,0.262671406805485,4.82895353258964,-0.774569,1.0,1.0,7110.0,51,-0.0634698206175824,0.18637897603867953,0.08093935203369997,low
8920,0.26474473802060017,0.20911330049261082,0.24080273175100764,0.28533922973578146,4.751087060888247,-1.241238,1.0,1.0,38420.0,51,-0.16033475308060685,0.15390623397148367,0.06702527374818716,low
8930,0.26013670550403484,0.22939701747300564,0.24270180064161664,0.2677644763813429,4.856317933711899,-0.9174437,1.0,1.0,87480.0,51,-0.08135682405635376,0.07435524452170061,0.04905464999752757,low
8940,0.27265995818283595,0.21487897871742292,0.24100843120373694,0.27145263189600427,4.86599480426999,-1.462842,1.0,1.0,17240.0,51,-0.10052552297994577,0.1440738433945761,0.08725239988286489,low
8950,0.25382910367843003,0.21185631625698365,0.24077071866776245,0.29354386139682387,4.759520845818016,-1.35537,1.0,1.0,202860.0,51,-0.19331609427838908,0.12602206004991462,0.03734663277967583,low
8990,0.271069523338126,0.21835152143682088,0.24063293028810268,0.2699460249369505,4.824626949444306,-0.7132968,1.0,1.0,24020.0,51,-0.09321662266453083,0.12795950607606862,0.08421830569975448,low
9005,0.2643860402635499,0.2414716391450164,0.2647127361119996,0.2294295844794341,4.969882741609291,-0.7511079,3.0,3.0,8590.0,53,0.0970003528964888,0.07452632646713522,-0.0008732164559682936,low
9030,0.2879981596505906,0.21246975539735294,0.262615155721202,0.2369169292308545,4.889923928876328,-0.7191509931818182,2.0,2.0,124080.0,53,0.054650447845824845,0.21067426979247691,0.06524079401476068,low
9040,0.3046903111050206,0.2381200787331897,0.27885973501444783,0.1783298751473419,4.8657459257160465,0.49789010263002365,2.0,2.0,33840.0,53,0.36715859465699313,0.16511791657522698,0.06264044991281023,low
9050,0.29590014918924207,0.24763783700056255,0.24746663623097426,0.20899537757922104,4.811533737262284,-0.3649124,1.0,1.0,96900.0,53,0.19812605090694732,0.07240820077226871,0.12639271644328146,low
9110,0.25299315640616077,0.23206670672196253,0.25413619777546564,0.26080393909641114,4.894026568667641,-0.8443602,1.0,1.0,11710.0,53,-0.04995499203392506,0.07233467929596606,-0.0031875641410376533,low
9122,0.2663947517138013,0.2320122525532978,0.2553215885730198,0.2462714071598811,4.787908322667263,-1.050048,1.0,1.0,145720.0,53,0.015874440867986415,0.09549856440228267,0.030020469728882736,low
9130,0.26840670200427613,0.2008316698125052,0.26143198340258295,0.2693296447806358,4.738871483822057,-1.245358059894764,3.0,3.0,3390480.0,53,-0.09429966082913067,0.22606477020218,0.01861757497896605,low
9210,0.27278692549464323,0.21291687648490903,0.24411956069612895,0.27017663732431885,4.878701515347992,-0.9269396234346224,2.0,2.0,43440.0,53,-0.09525613411566826,0.15699001411263042,0.07851210918104565,low
9240,0.27096698645834205,0.21178182791471845,0.26770494408524803,0.24954624154169144,4.758749273916392,-0.5790616,1.0,1.0,48030.0,53,-0.0033179344351196892,0.19627318321093618,0.008564175514355355,low
9265,0.2769487473200604,0.21209177985868444,0.24103351491475636,0.26992595790649887,4.780420259765902,-1.0818002112033194,2.0,2.0,26510.0,53,-0.0948746759499711,0.161147946287546,0.09821463686920606,low
9300,0.27351134865627225,0.20481411745566164,0.24147624641429352,0.2801982874737727,4.909340575944674,-1.269228,1.0,1.0,26610.0,53,-0.1403756505162526,0.18530740080720323,0.08808570980101414,low
9310,0.2632322075113671,0.22493972858266584,0.24349967994376243,0.26832838396220465,4.92389223028905,-0.8220291020977091,2.0,2.0,36230.0,53,-0.08448076334502438,0.09654549607313648,0.055098419983789795,low
9330,0.2576089590693997,0.1905281820384944,0.2451397303605821,0.3067231285315239,4.831747834036583,-0.5671973,1.0,1.0,7650.0,53,-0.252522952664777,0.22603520123101334,0.035082676315440306,low
9350,0.25404320843637723,0.24405767346367413,0.25938127012271944,0.24251784797722922,4.658426552288523,-1.037648,1.0,1.0,91160.0,53,0.034635840338076214,0.04123075078310009,-0.014704073491993808,low
9365,0.268000797819294,0.21780466724286943,0.24293597500166214,0.2712585599361745,4.847017722096073,-1.108146,1.0,1.0,111480.0,53,-0.09867806870121251,0.12924757535399162,0.0694322475697691,low
9410,0.30329591008107654,0.20918523865379413,0.27789278302677206,0.20962606823835733,4.848508444587821,-0.3175816,1.0,1.0,25070.0,53,0.18740458256305698,0.2676083706789686,0.06185314966964253,low
9415,0.26325598927793603,0.27475288993131175,0.23752931814374265,0.22446180264700955,4.561740628060756,-0.1178739,1.0,1.0,21240.0,53,0.12071627077568568,-0.0768838739162176,0.07271592078649737,low
9430,0.25954947374941584,0.21657749145931027,0.27715013540077543,0.24672289939049855,4.801407136896199,-0.188510250042337,2.0,2.0,11810.0,53,0.010582133168757998,0.1745710008190952,-0.04639471112216575,low
9510,0.2690677966101695,0.2097457627118644,0.231395656779661,0.2897907838983051,4.847645665601793,-1.351634,1.0,1.0,43400.0,53,-0.17969712897333331,0.14178468763987706,0.10665598082463758,low
9570,0.2660025925130935,0.21758121670481917,0.24150803175057023,0.2749081590315171,4.8459318209614235,-0.8884198135824977,3.0,3.0,32910.0,53,-0.11441068765404917,0.12462367082699771,0.06830886599332953,low
9600,0.2602803304557691,0.2242643646152418,0.2420866982270491,0.2733686067019401,4.918885435486688,-1.575411,1.0,1.0,758290.0,53,-0.10640061954033485,0.09202081933827681,0.05123930857114784,low
9610,0.24721607635904846,0.24412326323131056,0.24775940839500235,0.26090125201463865,4.8304714078561,-1.535339,1.0,1.0,351960.0,53,-0.04966130095251588,0.011175533756955998,-0.0015523755547581215,low
9620,0.2571862260645515,0.2160743627899764,0.2255128545398698,0.3012265566056022,4.688131706702439,-1.49843,1.0,1.0,2729010.0,53,-0.22510533774947097,0.08856226439420768,0.092930289379847,low
9630,0.25902532565443015,0.20898226788018096,0.24533327357533186,0.28665913289005707,4.614427207250768,-1.013417,1.0,1.0,60880.0,53,-0.16543643662536156,0.15311132270783007,0.0384017338906193,low
9640,0.2686211079660331,0.2346138293570562,0.2369490497371613,0.2598160129397493,4.8672267108009,-1.193372,1.0,1.0,585270.0,53,-0.046428582216645024,0.059304285015070644,0.0887113031993255,low
9645,0.25796761922434586,0.24222954165893493,0.26742844219706813,0.23237439691965112,4.729421148325948,-0.5232333,1.0,1.0,2451430.0,53,0.08271187463343142,0.06610131913700497,-0.025468539929443125,low
9650,0.2674224975622016,0.20514269915476724,0.25651801019490666,0.27091679308812455,4.931010341029503,-1.031269459323181,3.0,3.0,29550.0,53,-0.09979519844431688,0.19947705988814657,0.02943750462738825,low
9720,0.249855892962976,0.212190508149828,0.2258624095779084,0.3120911893092876,4.780383203544751,-1.262763,1.0,1.0,126050.0,53,-0.26892728169874913,0.09219934146589835,0.07138831043991362,low
9760,0.2802054339851165,0.2031979689519839,0.253710971618899,0.2628856254440006,4.937992914104144,-1.403185,1.0,1.0,12090.0,53,-0.06618099759040709,0.22182468817150316,0.07023501789007307,low
