cps_occ,c1_nonroutine_analytic,c2_nonroutine_interpersonal,c3_routine_cognitive,c4_residual,ln_T,exposure,n_soc,n_soc_exposure,emp_total,soc_major,z1,z2,z3,exposure_tercile
10,0.3380059691730221,0.3474705408347709,0.2183659364299769,0.09615755356223019,5.008432515647785,1.308912,1.0,1.0,200480.0,11,0.9705118358275209,-0.2009087633612842,0.3089287956551786,high
20,0.33044450656975116,0.33337992731339117,0.22057590159351415,0.11559966452334353,4.963403914390817,0.6776147,1.0,1.0,2984920.0,11,0.7954628657951762,-0.17223380010308495,0.28581035274609723,high
40,0.3465322183964585,0.31152647975077885,0.23331693720282012,0.10862436464994261,4.803857096868311,1.217224,1.0,1.0,22520.0,11,0.8597238304603446,-0.0745441424077559,0.27971590178586614,high
51,0.35212449462201545,0.34396216339919145,0.21931497444503772,0.08459836753375541,4.875884110209718,1.203774,1.0,1.0,278690.0,11,1.0915616508665849,-0.17414630809521267,0.33479798776782876,high
52,0.3302906895099003,0.379792164021907,0.21317230726021627,0.07674483920797642,4.958780438553979,1.293821,1.0,1.0,453800.0,11,1.1778637374855232,-0.29278522098810533,0.30962250873070307,high
60,0.33889023113473465,0.32262221148425546,0.23846339695578644,0.10002416042522343,4.821651594428751,1.382948,1.0,1.0,23190.0,11,0.9411210101395903,-0.10331619092425458,0.24852005076672634,high
101,0.31538300981006046,0.31183469004383213,0.22096987406943575,0.15181242607667153,4.967936539563141,0.7681937,1.0,1.0,224620.0,11,0.5272218980265312,-0.1360006656061171,0.25156131862916364,high
102,0.3184726359163708,0.31681670044948596,0.20479309371322357,0.15991756992091963,5.0354254581453315,0.7681937,1.0,1.0,101230.0,11,0.46762040998101584,-0.17599992985395843,0.31221337221289847,high
110,0.34846404047705093,0.31984098301409464,0.21835923382724975,0.11333574268160462,4.929786706232935,0.9450699,1.0,1.0,485190.0,11,0.8130352695763127,-0.12082976871561601,0.33049709425403134,high
120,0.3626077862199548,0.32577100382317525,0.22757915180526186,0.08404205815160809,4.858710776916191,1.294551,1.0,1.0,681070.0,11,1.100736320047381,-0.10270282453718989,0.3293870783620047,high
135,0.34808236403646653,0.33322854448286704,0.24033322854448286,0.07835586293618362,4.846075066880943,1.466744,1.0,1.0,15330.0,11,1.171880094686905,-0.1156124890394647,0.2619213443354527,high
136,0.32871492899203336,0.36501558711465193,0.21711118808451682,0.08915829580879801,4.972240906108944,1.359222,1.0,1.0,166530.0,11,1.0404718977152672,-0.2548610821081672,0.2932946615446441,high
137,0.34397894587097233,0.35351020698484964,0.21822320221921906,0.08428764492495901,4.945847853091816,1.336838,1.0,1.0,35830.0,11,1.0944555771797262,-0.2080947125666893,0.32177746088357956,high
140,0.3221419942904197,0.3042813657180303,0.2140934303029536,0.1594832096885964,4.975442265416617,0.3542972,1.0,1.0,192270.0,11,0.4744496526372846,-0.12022940838176502,0.2889096281680662,mid
150,0.33217329545454544,0.33757102272727274,0.22492897727272726,0.10532670454545452,4.947340443723943,1.393102,1.0,1.0,69310.0,11,0.8868147634700885,-0.1723258283514506,0.27568121361601755,high
160,0.3291935911289989,0.33133091806815423,0.2142064016958355,0.12526908910701143,4.941950766289443,0.9045479,1.0,1.0,144640.0,11,0.7145608122854633,-0.18071078413912256,0.30384799575370286,high
205,0.3186407631780517,0.30039690829329435,0.20089130283406445,0.18007102569458952,4.967101292072528,-0.1584996,1.0,1.0,5220.0,11,0.34406579060704895,-0.1401846825070641,0.3261886085601933,mid
220,0.30998558511335345,0.31522736207574364,0.20999868955575934,0.16478836325514343,5.027951171861488,0.6361951,1.0,1.0,284750.0,11,0.4396335351217149,-0.17267320251458124,0.2753647091482501,mid
230,0.3269875862080228,0.35408870167820133,0.21784071977760888,0.10108299233616692,4.978877089660575,1.2831719981750251,3.0,3.0,487130.0,11,0.9224348790318823,-0.2308270710486689,0.28719711491894084,high
300,0.3403838008422047,0.30056665567996227,0.21557215313170278,0.14347739034613036,4.9598674237569975,0.647411,1.0,1.0,187100.0,11,0.5803832721374265,-0.08490323888412687,0.32299091756955745,mid
310,0.3139847139020864,0.33119878812917436,0.19348619431246986,0.16133030365626932,4.9783186926197125,0.0614931,1.0,1.0,210680.0,11,0.4523272947783702,-0.24122863265881983,0.34233736195277426,mid
325,0.309827838129725,0.3302204434279906,0.2101518327933422,0.1497998856489422,5.0588538663667295,0.336732,1.0,1.0,12710.0,11,0.5356963478362997,-0.21052295485969807,0.27448930620852036,mid
335,0.315224932292105,0.34476501109024915,0.2087951616825472,0.13121489493509872,4.988965537610349,0.8774399036346691,2.0,2.0,21460.0,11,0.6659718036234272,-0.241309839578322,0.29128045579919304,high
340,0.3096524027143055,0.3479434981304529,0.2105664035452153,0.1318376956100263,4.972725721023036,0.4639851,1.0,1.0,35920.0,11,0.6618099132448448,-0.2526357847243415,0.27269525439314757,mid
350,0.32615466171890534,0.34444370817043274,0.22331190775959184,0.10608972235107011,5.016683632630459,1.314992,1.0,1.0,436770.0,11,0.8790204990530024,-0.19919257777788202,0.2678536097256427,high
360,0.3440968733689783,0.30061387047532767,0.2248704881665007,0.13041876798919333,4.92032402214006,1.241343,1.0,1.0,74760.0,11,0.6783931415308293,-0.0633623323149187,0.3008022333744868,high
400,0.3195221324494166,0.33505973344382295,0.21787169394378833,0.12754644016297212,4.975422538340511,0.8657041,1.0,1.0,12750.0,11,0.6984783826130099,-0.1950956429409591,0.2707654799244992,high
410,0.31996448127867405,0.34630753292881455,0.22162202160722214,0.11210596418528931,4.906311278124028,1.214595,1.0,1.0,234680.0,11,0.825084608344052,-0.21452267357432628,0.2596755383913266,high
420,0.3344990892531876,0.3344990892531876,0.224408014571949,0.1065938069216757,4.92180408038964,1.225244,1.0,1.0,156400.0,11,0.8751642700542246,-0.1629597631333845,0.28225458933641173,high
425,0.30870799498250484,0.34019937941506573,0.21562025483594105,0.13547237076648844,5.020387585538934,0.901037,1.0,1.0,10320.0,11,0.6377247468506383,-0.22582217466466142,0.2537643950036387,high
426,0.30945999213153064,0.3483562202134852,0.2064319601205242,0.1357518275344599,4.981442769995603,0.9099647,1.0,1.0,7350.0,11,0.6309110532763078,-0.26195311581085123,0.2862778021945019,high
440,0.33638628862863473,0.3174604521758547,0.21961276798232754,0.12654049121318306,4.96300089328818,0.9099647,1.0,1.0,497890.0,11,0.7069054271101728,-0.12679395120257358,0.30150631385636895,high
500,0.36582085537523534,0.32762485429929167,0.21536806240473413,0.09118622792073881,4.714293613006445,1.247628,1.0,1.0,12480.0,13,1.0183447862542352,-0.1262492340492082,0.3746218243511011,high
510,0.3432432432432433,0.3223166023166023,0.2233976833976834,0.111042471042471,4.863680881139593,0.736816,1.0,1.0,45255.0,13,0.8351917025399554,-0.12397509450482819,0.30369235198903,high
520,0.3383347073371806,0.29398186314921687,0.24138499587798845,0.12629843363561413,4.798266815950004,0.7911764,1.0,1.0,45255.0,13,0.7153381409554128,-0.0231098477065045,0.23874930968900382,high
530,0.33945497630331756,0.32316350710900477,0.23207938388625585,0.10530213270142173,4.905571030847647,1.495701,1.0,1.0,45255.0,13,0.889719338400927,-0.11508356523064421,0.2688857224933683,high
540,0.35302672776880634,0.2974685604116066,0.2451797457147699,0.10432496610481726,4.855242973373364,1.0855099763062472,2.0,2.0,289570.0,13,0.9010451048534655,-0.009014821407103784,0.2577773133392965,high
565,0.33804513549144083,0.3087535880342558,0.23091986680534554,0.1222814096689578,4.891406501074695,0.5718207,1.0,1.0,334340.0,13,0.744440809473239,-0.08158304877495612,0.2694845250193988,mid
600,0.37407640308127654,0.30081748152806165,0.23030969973274643,0.09479641565791541,4.845917871250658,1.13408,1.0,1.0,208950.0,13,0.9858815577962553,-0.020054147139790427,0.34297163597843966,high
630,0.3329045896145111,0.3397375410434357,0.23857901722734062,0.08877885211471262,4.864733976717908,1.5464082838798627,3.0,3.0,805080.0,13,1.0543237103558951,-0.1525992374828693,0.23557641895773557,high
640,0.34702292594425194,0.31469569520039586,0.23882566386277415,0.09945571499257792,4.797937000643585,1.361838,1.0,1.0,87750.0,13,0.9461597183833186,-0.07270394078517524,0.2642153991826599,high
650,0.33711048158640233,0.34508722230505445,0.21380647085134935,0.10399582525719393,4.898884030671591,1.322911,1.0,1.0,336030.0,13,0.8938037207950592,-0.20498654014962353,0.3219736136275842,high
700,0.34223638405000967,0.3115488860841061,0.2297438017702084,0.11647092809567591,4.899368800948435,1.081353,1.0,1.0,189320.0,13,0.7912867281963472,-0.08599589580891853,0.28180814243368163,high
710,0.34896424517593644,0.33555618615209987,0.22502837684449484,0.09045119182746879,4.94847616218787,1.547557,1.0,1.0,768450.0,13,1.0313075726897833,-0.14712567973948806,0.31023811799992707,high
725,0.31444192559007866,0.324843312441659,0.21562875050006666,0.14508601146819572,5.010501951873243,0.5130678,1.0,1.0,98150.0,13,0.5703413198454861,-0.1805797792329464,0.26674982588003665,mid
726,0.34390750074118004,0.34931811443818556,0.21627631188852656,0.09049807293210792,4.90468201019345,1.404691,1.0,1.0,82080.0,13,1.02679634550882,-0.20209779649126236,0.32796737952312693,high
735,0.36988036385982953,0.310507865023399,0.2364908695169786,0.08312090159979302,4.862780672015483,1.356259,1.0,1.0,727540.0,13,1.1132496362754403,-0.03973449974315647,0.3162676584639859,high
750,0.3431768181181328,0.31882960358034185,0.2283059462451718,0.10968763205635353,4.884520315584863,0.92503,1.0,1.0,1030330.0,13,0.8489010121397285,-0.10630017406462491,0.2881878882735352,high
800,0.34383801476745074,0.32465555301819293,0.24115094770495543,0.09035548450940091,4.878017769481417,1.214001,1.0,1.0,1318550.0,13,1.0383942979520977,-0.09795339293399821,0.25084442135105134,high
810,0.35726653181468726,0.27918074112852026,0.227662358876449,0.1358903681803434,4.860935929281194,0.6279358,2.0,2.0,90510.0,13,0.6358531133479887,0.017402383831715183,0.31863535584949765,mid
820,0.36868333624759575,0.27155097044937926,0.25389054030424907,0.10587515299877591,4.73952623848717,1.299968,1.0,1.0,47440.0,13,0.8845610617628351,0.09738420949782985,0.26377549171279946,high
830,0.36825141015310237,0.30333960068045485,0.24021846181394935,0.08819052735249351,4.715727176552735,1.092495,1.0,1.0,68770.0,13,1.058476152919064,-0.016081427980622676,0.30208812103874616,high
850,0.36502493765586036,0.3363466334164589,0.23106296758104733,0.06756546134663341,4.8545271441182045,1.395742,1.0,1.0,263030.0,13,1.3052467665576923,-0.11987338076092043,0.32334254560425785,high
860,0.36446086664427274,0.3085320792744374,0.24126637554585154,0.08574067853543832,4.779795536147576,1.261974,1.0,1.0,107690.0,13,1.0860433426417277,-0.03238668204679401,0.2916939697728138,high
900,0.36318929377620124,0.31909061593034505,0.23532731376975172,0.08239277652370201,4.820604094232248,1.357634,1.0,1.0,60750.0,13,1.1220465755920233,-0.07146333718857444,0.30684672438026056,high
910,0.3553956370170809,0.3139166426273993,0.23399642225538891,0.09669129810013088,4.820648494717453,1.4671878370759288,2.0,2.0,371400.0,13,0.9708418201093363,-0.06928687822935516,0.2955181768654868,high
930,0.3418224299065421,0.3172897196261683,0.2389408099688474,0.10194704049844233,4.855150391255861,1.253237,1.0,1.0,52270.0,13,0.9228834793015452,-0.08537424662187398,0.2531976334608368,high
940,0.3488778054862843,0.31113881961762263,0.23674147963424774,0.10324189526184532,4.789988622980633,1.143748,1.0,1.0,83190.0,13,0.9095303216630163,-0.06482488053327458,0.2741827692212643,high
960,0.3515571932008064,0.31911548401088335,0.2379326089933897,0.09139471379492047,4.849078056341524,1.25241431587212,13.0,13.0,2586800.0,13,1.0260524708496417,-0.08032130973410471,0.27604383250498443,high
1005,0.37122410546139367,0.27578154425612056,0.22952919020715631,0.12346516007532951,4.888467660122048,0.968235,1.0,1.0,30840.0,15,0.7287800536958035,0.04638437792741938,0.3399597762454562,high
1006,0.3506128684040772,0.2951707668457559,0.22502255808574476,0.12919380666442218,4.90571409978194,1.045816,1.0,1.0,505150.0,15,0.6869014516567256,-0.04050835005048822,0.3135891439757869,high
1007,0.36012339665530124,0.27829193050819945,0.24111056989771062,0.12047410293878871,4.813646700258897,1.044709,1.0,1.0,157220.0,15,0.7580807033278287,0.046687691250228064,0.2836849591516442,high
1010,0.3728717366628831,0.284092751743149,0.2287173666288308,0.114318144965137,4.814944769563347,1.024722,1.0,1.0,152610.0,15,0.8042680873755975,0.02250263533119622,0.3455966408056462,high
1021,0.3863909387334821,0.26720439334134205,0.23717178651106915,0.10923288141410673,4.758234561714928,1.0236863,1.0,1.0,1364180.0,15,0.8467424422808723,0.10190146790230468,0.34511402549062176,high
1022,0.3748081118203119,0.29724488971479357,0.23147774097115614,0.09646925749373833,4.818425004551931,1.0303195333333333,1.0,1.0,190120.0,15,0.9693079130457867,-0.007436151289316712,0.34077630735927145,high
1031,0.37473982182998916,0.29206560652735,0.22770793439347264,0.10548663724918823,4.788407989566399,0.7887872,1.0,1.0,84820.0,15,0.8820530515979577,0.0001383476562271627,0.35225808300191186,high
1032,0.36975073933248837,0.30553443177017325,0.22560202788339673,0.09911280101394171,4.7736463359599925,0.9161866,1.0,1.0,82380.0,15,0.9424920610817359,-0.04593746426558612,0.34935076699340883,high
1050,0.33248511586207563,0.2792050333680582,0.22960605000719328,0.15870380076267282,4.864415081382536,0.3962836283139276,2.0,2.0,830510.0,15,0.48318091204506664,-0.008545734100359843,0.2617922004964497,mid
1065,0.3521976781042469,0.2744552890037474,0.22519408271005892,0.14815295018194682,4.8287480478149405,0.5966406626563756,4.0,4.0,621900.0,15,0.548831483344921,0.021056830985353082,0.3162393539281418,mid
1105,0.34912109375,0.2606608072916667,0.22371419270833337,0.16650390624999994,4.811208269399362,0.4749538,1.0,1.0,316760.0,15,0.4283799885306599,0.05688866478398107,0.3146975362122887,mid
1106,0.3423387170738865,0.2840198290410155,0.2251781587057011,0.14846329517939685,4.899399139106045,0.4954185,1.0,1.0,168830.0,15,0.5486915653778774,-0.018532659555854345,0.2962132124403382,mid
1108,0.34630828822587933,0.30480970184008277,0.2281041984392012,0.12077781149483668,4.8895547672495,0.7257418999999999,1.0,1.0,370190.0,15,0.7548744515014016,-0.06623558535913143,0.29523606662671803,high
1200,0.3756491633006348,0.3101145824746518,0.23213255296348198,0.08210370126123152,4.798349252782828,1.199589,1.0,1.0,23040.0,15,1.12264511198363,-0.039975473042347595,0.3403637801197679,high
1210,0.37427517132314186,0.31374099455280274,0.21885433140045685,0.09312950272359861,4.734618253174978,1.166233,1.0,1.0,1770.0,15,0.9988137546779547,-0.07501070016914332,0.3794228384437422,high
1220,0.3774927660905607,0.3018690857902557,0.222178775318683,0.0984593728005005,4.851014122823077,1.233633,1.0,1.0,98700.0,15,0.9463045666777177,-0.033865464285969406,0.3748154224435753,high
1230,0.3708573832222752,0.31284741158010426,0.22968115144286436,0.08661405375475616,4.798819770341762,1.243257,1.0,1.0,31370.0,15,1.0720929549591565,-0.05671446958465226,0.33879290978512033,high
1240,0.37436369135982517,0.3049986419842938,0.23058997668728054,0.0900476899686006,4.813815134076148,1.2099655379918164,6.0,5.0,264830.0,15,1.034945959780325,-0.030514822950012725,0.342654485806287,high
1305,0.33286288899865923,0.321007691764872,0.21685131606802624,0.12927810316844263,4.95378271583678,0.6103589,1.0,1.0,100400.0,17,0.6848846196990604,-0.14533131676672348,0.303008493593223,mid
1306,0.34347924357718673,0.31025389889248844,0.21065320575604615,0.13561365177427862,4.888316989638111,0.8363757,1.0,1.0,17430.0,17,0.6343060867210529,-0.11653124592552874,0.34571403490101454,high
1310,0.3347440588191658,0.28231260045539197,0.22057789317249143,0.16236544755295076,4.934013241486904,0.005582898457627106,2.0,2.0,59000.0,17,0.4569967454190418,-0.03119540014013758,0.2949450902425195,mid
1320,0.3563841807909604,0.271713747645951,0.2288512241054614,0.1430508474576271,4.888467660122048,1.11685,1.0,1.0,56640.0,17,0.5843448986622904,0.04065466992592456,0.31320389243910735,high
1330,0.35005188516084396,0.26807333102732617,0.21528882739536495,0.16658595641646481,4.973625468462355,0.6895172,1.0,1.0,1120.0,17,0.4257346734970014,0.019408435632346007,0.3437252264555688,high
1340,0.3491407439634545,0.2811253716191719,0.2210862156478863,0.1486476687694873,4.926601298486246,0.7338057,1.0,1.0,17190.0,17,0.545045210060608,-0.009623883582624134,0.32309291142509006,high
1350,0.34908116385911175,0.28920367534456354,0.21630934150076567,0.14540581929555893,4.8721392168423305,0.9060193,1.0,1.0,24180.0,17,0.5659647527376638,-0.04174274333345592,0.33841772513466967,high
1360,0.33809631122409955,0.3158120054878892,0.21635694431148642,0.12973473897652474,4.932035222553031,0.9267973,1.0,1.0,304310.0,17,0.6809649522493318,-0.12657079796046333,0.3156533408284942,high
1400,0.36123674649662635,0.28145621709794616,0.21635649143619787,0.14095054496922962,4.904311351528766,0.9768626,1.0,1.0,73750.0,17,0.5950202678032663,-0.005508404771616668,0.3624672354625369,high
1410,0.35055007399597987,0.27353740311991487,0.22289200361225148,0.15302051927185384,4.918354995268146,0.7387529514069374,2.0,2.0,293190.0,17,0.5155487391870239,0.01768294261073899,0.3201894023405755,high
1420,0.332286432160804,0.3151172529313233,0.2120323841429369,0.1405639307649358,4.964800757752456,1.043951,1.0,1.0,42660.0,17,0.6000672524391685,-0.14009172333256417,0.31767360884655277,high
1430,0.3433459502511411,0.28527589841841505,0.21868044145790935,0.15269770987253453,4.905451414286873,0.8949048344643648,2.0,2.0,316820.0,17,0.5180062149661688,-0.03288991943453971,0.3189949944077761,high
1440,0.33744453636158533,0.28404903361660533,0.20734000150409865,0.17116642851771072,4.890123538868615,0.3434475,1.0,1.0,7380.0,17,0.39750535837523776,-0.058188701889882136,0.3443901316678906,mid
1450,0.33765323992994756,0.29863397548161125,0.21001751313485112,0.15369527145359022,4.96109484853612,0.7804771,1.0,1.0,21530.0,17,0.5090824623216903,-0.09358150957708349,0.33575447231981437,high
1460,0.34517178570868656,0.2786382290562507,0.21170327031724134,0.1644867149178214,4.907960745338559,0.6780269,1.0,1.0,278240.0,17,0.43897462263431075,-0.024740128964512068,0.34567381461764246,high
1500,0.3424211744286954,0.3046716806479607,0.2278709864043968,0.125036158518947,4.929280615053424,1.031417,1.0,1.0,7370.0,17,0.7211817752081885,-0.070891652880847,0.28797762565613233,high
1510,0.3460916838084043,0.2973111960035263,0.2176021157801939,0.1389950044078754,4.913536849632705,1.07307,1.0,1.0,12670.0,17,0.6122330131138031,-0.06539599387827497,0.3281226373572822,high
1520,0.3688425506195225,0.2960864309459051,0.2270323360531883,0.1080386823813841,4.885525483053411,1.03314,1.0,1.0,22100.0,17,0.859860955967233,-0.018714305137266848,0.3431429431134054,high
1530,0.3387130709559385,0.2815251142012438,0.21614168347764767,0.16362013136517006,4.901150535664327,0.5808077,1.0,1.0,151940.0,17,0.44706157894074056,-0.03239688323123452,0.3176459538366154,mid
1541,0.36272612536811105,0.27791333613798913,0.22330668910391246,0.13605384938998732,4.777862193806203,0.5538733,1.0,1.0,101310.0,17,0.6322999379484584,0.019422632406556173,0.34301888538034203,mid
1545,0.35867243033983703,0.26729306789326907,0.225593360821999,0.14844114094489494,4.776191510763634,0.5204289184520305,3.0,3.0,169900.0,17,0.5452853130535495,0.05080741171502864,0.3278680418371994,mid
1551,0.3273080370481028,0.2677771138332835,0.2142963848222288,0.1906184642963848,4.896943876343125,0.0780005,1.0,1.0,101450.0,17,0.2879809158649016,-0.009001127682050625,0.2994892111367756,mid
1555,0.3289985237546507,0.26950198554832533,0.21575969589925892,0.185739794797765,4.893250230596722,0.11056757806667894,8.0,8.0,378830.0,17,0.3157396022828127,-0.00936235094916691,0.29831986166841523,mid
1560,0.33308131720430106,0.26730510752688175,0.22446236559139784,0.17515120967741932,4.779459571084781,-0.2902489,1.0,1.0,56070.0,17,0.37918531869402944,0.01849905722754063,0.27907991403372545,mid
1600,0.3359373833743514,0.2989470837537643,0.2166897437776605,0.14842578909422385,4.9537668711208145,0.6253637408335946,3.0,3.0,31910.0,19,0.5471556157986619,-0.08374878864163084,0.31003677023340975,mid
1610,0.34379411804621557,0.28832554070150734,0.2222444341431442,0.14563590710913296,4.965265210735667,0.7131947088370509,4.0,4.0,117460.0,19,0.5671259288400542,-0.03443964935982979,0.3084860482921668,high
1640,0.3178706937530053,0.3046399796440071,0.21756349876122122,0.15992582784176645,4.9777171704857235,-0.005752621060842435,2.0,2.0,32050.0,19,0.47317772528820456,-0.12007641081866109,0.268102308242915,mid
1650,0.36574092357150423,0.2865820058744737,0.21421238242584809,0.13346468812817405,4.852990339831873,1.1754375001285016,2.0,2.0,116730.0,19,0.6481932005790738,-0.019251466390340297,0.37827190586334736,high
1700,0.36729531323683834,0.2802184211141023,0.22813559963128335,0.12435066601777608,4.8660673949743805,1.091169115261959,2.0,2.0,21950.0,19,0.722368871904073,0.026522924350534337,0.3367426377309993,high
1710,0.35947347427203835,0.30610291184682886,0.22457120063821295,0.10985241324291983,4.831109824604303,1.259493,1.0,1.0,8520.0,19,0.8444732807038737,-0.060832881365167804,0.33265667430665385,high
1720,0.33792646690052824,0.28350197834808266,0.21118001563706826,0.16739153911432095,4.897902643658055,0.36183891129568113,2.0,2.0,87290.0,19,0.421971311750203,-0.04854029723816895,0.3324231971391092,mid
1745,0.35599830795337056,0.304365867150648,0.22689251426160803,0.11274331063437339,4.867267844066751,0.8702797,1.0,1.0,76890.0,19,0.8204990036049944,-0.05595393852148514,0.3185159511962772,high
1750,0.35248869062945426,0.30236933323857784,0.2254227692319506,0.11971920690001722,4.88364721887377,0.784481272628625,3.0,3.0,106900.0,19,0.7618708969989486,-0.057278175718674294,0.31610566947351737,high
1760,0.3544609529385933,0.2891019541828295,0.2274024738344434,0.1290346190441338,4.917276542350397,0.9125224,1.0,1.0,19680.0,19,0.6881602006363304,-0.014794576748413932,0.3138682479224302,high
1800,0.3870039315467084,0.30341061892576116,0.23356836393594746,0.0760170855915829,4.761891957427258,1.330122,1.0,1.0,15640.0,19,1.1934183273158514,-0.007456437296096318,0.35706066751320625,high
1815,0.35508126993771844,0.32021874525292426,0.23773355612942432,0.08696642867993311,4.88022284203973,1.278523,1.0,1.0,8850.0,19,1.0726980557599481,-0.0794089690550821,0.2836885240411417,high
1821,0.35914046452836157,0.34681624269236844,0.21227682098277773,0.08176647179649231,4.840874519347159,1.626016,1.0,1.0,58100.0,19,1.1197125352930917,-0.18615525966332516,0.37181258176781357,high
1822,0.34075190636637703,0.3421705976236922,0.22911863805639296,0.08795885795353782,4.725439018379036,1.626016,1.0,1.0,57110.0,19,1.059465599713475,-0.16543211450539674,0.280661094068647,high
1825,0.3498185279760324,0.34247325067087236,0.2216038048928283,0.08610441646026695,4.797718139086711,1.5935574678290387,4.0,4.0,129620.0,19,1.0761281012908348,-0.169048046320504,0.32281079452910677,high
1830,0.3692033753967639,0.3198885190059611,0.2292327939924131,0.0816753116048618,4.861129366243924,1.747498,1.0,1.0,2640.0,19,1.1275081890903262,-0.07750978122632161,0.3370138732065806,high
1840,0.3617644903641827,0.34007474170147295,0.22048801934491094,0.07767274858943352,4.916104810250022,1.07547,1.0,1.0,38940.0,19,1.171584798516471,-0.15166181637949713,0.3501239662826741,high
1860,0.3539764549949964,0.32632898083321005,0.22652986367862954,0.09316470049316394,4.89656657776997,1.1374063699489998,5.0,5.0,50980.0,19,1.003696452112725,-0.11582201921539904,0.31561966790688983,high
1900,0.3150826318671756,0.2942716422275988,0.21654038148408897,0.17410534442113673,4.862816273886764,-0.0492323,2.0,2.0,25090.0,19,0.3857085584090006,-0.09732419215321218,0.26520596901675986,mid
1910,0.35592236230922364,0.24170537491705374,0.23291307232913072,0.16945919044459193,4.79214755431824,0.1328288,1.0,1.0,76150.0,19,0.4085506747997718,0.14286194814978748,0.29984673540696233,mid
1920,0.33297952994692953,0.25064442759666417,0.22251705837755875,0.19385898407884766,4.882044059723269,-0.0940159,1.0,1.0,57690.0,19,0.27012113728706566,0.06736674818737176,0.2850186574726334,mid
1935,0.3195511206382461,0.2854604227660257,0.2190073645436546,0.17598109205207368,4.858511463132475,-0.11818005983379502,2.0,2.0,43320.0,19,0.3749879439476664,-0.06212892727034269,0.2671533605419448,mid
1940,0.32996766436750113,0.26477326026811826,0.220802267538744,0.18445680782563656,4.87478556638392,-0.0905259,1.0,1.0,5360.0,19,0.324150447448613,0.01572350764130651,0.28406394167224225,mid
1950,0.3545619963608006,0.2997140629061607,0.2548306039338012,0.0908933367992375,4.748491005432314,1.125941,1.0,1.0,28690.0,19,1.0349728292341729,0.0023778208373128524,0.23354618941943597,high
1970,0.33648574287829963,0.2685353448840218,0.22525844871950443,0.16972046351817416,4.842585008214243,0.052382235885430214,11.0,11.0,345990.0,19,0.41174556382405814,0.020346725791611862,0.28376716645195826,mid
1980,0.32120479697639776,0.31492791602387216,0.2133394681275248,0.15052781887220526,4.996106665261661,0.5522125294948864,2.0,2.0,128090.0,19,0.532566249456378,-0.15093918629344757,0.28934404482815823,mid
2001,0.33793624622148943,0.31684528716680405,0.21709260785930207,0.12812585875240443,4.980588372743959,1.203909,1.0,1.0,45255.0,21,0.6935580983053695,-0.12804541040667033,0.31291824798497697,high
2002,0.34793641316516155,0.33233823419658187,0.22964400328382714,0.09008134935442941,4.8977651703005165,1.196385,1.0,1.0,296370.0,21,1.0370838491710899,-0.13217300324670872,0.2937954035573356,high
2003,0.3639320269940646,0.3366127327424993,0.2179038946255793,0.0815513456378567,4.81210305125432,1.47313,1.0,1.0,54800.0,21,1.1247521807224272,-0.14568135741468516,0.3626842575786287,high
2004,0.3551162088741322,0.3398732266827649,0.2238907334741926,0.0811198309689103,4.886733577431695,1.536944,1.0,1.0,45255.0,21,1.1328748327021319,-0.15249794417856755,0.3261791297082683,high
2005,0.3246515040352165,0.3384446074834923,0.2277329420396185,0.1091709464416728,4.914858338702487,0.8346704,1.0,1.0,90310.0,21,0.8534800085551983,-0.1787290310810067,0.2507249863619795,high
2011,0.3277558348294435,0.34484739676840215,0.22937163375224415,0.09802513464991022,4.9362708788073935,0.9571291,1.0,1.0,340050.0,21,0.9569703957858969,-0.18721920153231927,0.25238435813617616,high
2012,0.31992953431372556,0.35876225490196073,0.22265625000000003,0.09865196078431371,4.871832891215797,1.093619,1.0,1.0,173860.0,21,0.9473150139246898,-0.24151559977833703,0.2563061715587429,high
2013,0.34725274725274724,0.33567765567765573,0.22065934065934065,0.09641025641025643,4.916324614625014,1.253184,1.0,1.0,113810.0,21,0.9690785386597452,-0.1574326749291925,0.3206254259140772,high
2015,0.33513864818024264,0.31499133448873484,0.22169266320046216,0.12817735413056033,4.930725910867954,0.896767,1.0,1.0,92140.0,21,0.6951692208831703,-0.11808741577830495,0.292213502723367,high
2016,0.3250364907428747,0.3337942690328033,0.22908504263655227,0.11208419758776984,4.868841288478369,0.5573961,1.0,1.0,398380.0,21,0.8287298864533237,-0.1645317889334421,0.247377174638556,mid
2025,0.3268635913427196,0.3291994749828892,0.2258332377524802,0.11810369592191103,4.905913604331714,0.6042078632656085,4.0,4.0,607360.0,21,0.776915602699718,-0.15676243438975015,0.2614499683755217,mid
2040,0.325493048819916,0.37318137730358875,0.19164241836404786,0.10968315551244742,4.818020947816869,1.470103,1.0,1.0,50790.0,21,0.8285696578231301,-0.3278873897975784,0.37456144452269213,high
2050,0.3347547974413646,0.3405828002842929,0.2068230277185501,0.1178393745557924,4.946629964120343,1.355036,1.0,1.0,21000.0,21,0.7701715989585579,-0.2106784622940342,0.34049654143953667,high
2100,0.34704484704484706,0.34281259281259285,0.21985446985446985,0.09028809028809022,4.9029015942928735,1.454044,1.0,1.0,681010.0,23,1.0307397053614027,-0.17634203330967696,0.32278589255728146,high
2105,0.39809346181742833,0.27116360998860217,0.23178945187027256,0.09895347632369703,4.569646629919045,1.512581,1.0,1.0,14800.0,23,0.9385663433482433,0.092701551589408,0.382443922352715,high
2110,0.3830870806753538,0.2989825390648459,0.221362210458948,0.09656816980085234,4.775538565953623,1.6183865793667007,3.0,3.0,48950.0,23,0.9635110769643168,-0.021517827829047865,0.38782120422142025,high
2145,0.34633068081343954,0.2854995579133511,0.26339522546419103,0.10477453580901852,4.728272383122075,1.332659,1.0,1.0,336250.0,23,0.900625398168532,0.04595599764980411,0.19356226544257393,high
2170,0.35934309053778085,0.26991150442477874,0.25119128658951667,0.11955411844792373,4.7666085318656215,1.384156,1.0,1.0,51040.0,23,0.7670903955280876,0.08748927231731608,0.2531886829120348,high
2300,0.3307857385608422,0.34369751072265264,0.19941080040816678,0.1261059503083385,4.751322556093047,0.4002082037919594,2.0,2.0,512400.0,25,0.7001043255373212,-0.23788056812797057,0.3578694499345397,mid
2310,0.33496493296393853,0.35120667440498754,0.2076259541574745,0.10620243847359946,4.858576823572659,1.09634242055951,3.0,3.0,1933120.0,25,0.8703837254765129,-0.23392044071986795,0.33820046550823024,high
2320,0.33180736270841193,0.33629335930717913,0.20894472281209034,0.12295455517231854,4.91725936098945,1.1854250016404129,2.0,2.0,1104600.0,25,0.7301066778266784,-0.19977362441781157,0.3270261629397799,high
2330,0.33186102699347886,0.32982056402430243,0.2165385246997038,0.12177988428251497,4.8777555806123045,0.9067850747968221,5.0,5.0,329145.0,25,0.74316179085109,-0.1692649503545098,0.30189769384902326,high
2350,0.33358579483295464,0.35588656063283686,0.21257258268114115,0.09795506185306743,4.777693900301935,1.486138,1.0,1.0,147100.0,25,0.9498188900061498,-0.23680053296553275,0.3186340482998149,high
2360,0.3240252581381306,0.33660856370472125,0.21341956091610678,0.12594661724104142,4.730754822354306,1.2992175664637209,4.0,4.0,776890.0,25,0.7088209383969354,-0.20157666718286668,0.29526054852227207,high
2400,0.33481718657352433,0.2891909094942737,0.21914858256941738,0.15684332136278473,4.886367706238256,0.36503184176449666,3.0,3.0,28110.0,25,0.49209862012131605,-0.053414995209143154,0.29969639907145756,mid
2435,0.33078364033718394,0.31962222916016236,0.23204807992507023,0.11754605057758351,4.852967324740957,0.62494925,1.0,1.0,127790.0,25,0.7837698297213568,-0.11670611464703814,0.2506834365491809,mid
2440,0.32277526395173456,0.28648744565699585,0.24265814923254372,0.14807914115872592,4.724818148253987,0.1795232,1.0,1.0,73000.0,25,0.5580275316577421,-0.019097637669325002,0.2017394344198192,mid
2545,0.33990342164146714,0.32207904448786195,0.2115445597708439,0.12647297409982694,4.79353569158434,1.1077275546883854,3.0,3.0,211800.0,25,0.703734625741963,-0.14962169464695885,0.3353283231682432,high
2555,0.34076330325405885,0.328319022678588,0.21603712265374508,0.11488055141360806,4.857189178556619,1.1973274014073092,5.0,5.0,407160.0,25,0.7993256912779434,-0.15567861215319195,0.3222553269059607,high
2600,0.3540471289329838,0.30658659877429006,0.2100990374853872,0.12926723480733895,4.787743223616501,0.38857846275105706,4.0,4.0,75680.0,27,0.6803679666303797,-0.09552660911589748,0.3690043881043753,mid
2631,0.3453412126608922,0.26544159313527077,0.22909414717072774,0.16012304703310934,4.816484041548723,0.5598583,1.0,1.0,27940.0,27,0.47118511848283284,0.04730631606875847,0.2901965582237445,mid
2632,0.3374584968306671,0.3193480229399336,0.2024600060368246,0.1407334741925747,4.886733577431695,0.5077618,1.0,1.0,19310.0,27,0.593996098028181,-0.16353531709855762,0.3612609707631459,mid
2633,0.34865936555891236,0.27426359516616317,0.22573640483383683,0.15134063444108764,4.662684092188698,-0.2188882,1.0,1.0,36000.0,27,0.5279734248487133,0.018487133441682027,0.3073987260203842,mid
2634,0.34155479238214176,0.31704651888854196,0.21300343428036214,0.12839525444895408,4.852967324740957,0.5274013,1.0,1.0,204040.0,27,0.6895076653971323,-0.13197876023893193,0.333895697196619,mid
2635,0.33537832310838445,0.31866582046400116,0.21655736548903462,0.12939849093857983,4.954488133473255,0.8219336,1.0,1.0,61970.0,27,0.6837465436482504,-0.13683308597578925,0.30929114881056075,high
2636,0.3399321266968326,0.3206205559146736,0.1804298642533936,0.1590174531351002,4.81834420626481,-0.7348464,1.0,1.0,159790.0,27,0.45821536067605323,-0.2108310936595587,0.4478841446602249,low
2640,0.3409445057805281,0.31237088122972734,0.2046493197480167,0.1420352932417279,4.839824241983954,0.11163910928086841,7.0,7.0,515900.0,27,0.5857166793797713,-0.13691210795944225,0.3609227481749559,mid
2700,0.31026326614561917,0.33041958041958047,0.20032908268202385,0.15898807075277663,4.577182149447922,0.5784018,1.0,1.0,30100.0,27,0.4709037367457331,-0.22998422284883227,0.30933075922600384,mid
2710,0.342452874653768,0.3135882768946397,0.21528392904617877,0.12867491940541353,4.868188212779897,0.8597838,1.0,1.0,138250.0,27,0.688289584381317,-0.11760408411607064,0.3282222085948576,high
2721,0.3299688288555737,0.3046608282618376,0.1856909603681164,0.1796793825144723,4.903346995532513,-1.290383,1.0,1.0,12320.0,27,0.3373916433386364,-0.16955215242100377,0.4065258733147496,low
2722,0.3260478826658998,0.3333812639298296,0.2079948234955784,0.1325760299086922,4.935121205619039,0.3188508,1.0,1.0,193740.0,27,0.6559782569994996,-0.20168122880001732,0.31786645916390066,mid
2723,0.33253786140431385,0.3366681964203764,0.20100963744837086,0.12978430472693891,4.690889061390629,-0.1454976,1.0,1.0,9620.0,27,0.6730699808353363,-0.21559149394398264,0.3559581674777661,mid
2740,0.3204361332471581,0.35966365585834814,0.17665999546138858,0.14324021543310525,4.690132567293327,-1.3314767473214286,2.0,2.0,7840.0,27,0.5587336380343417,-0.33738809212838383,0.4210509957482379,low
2751,0.3365613459171112,0.3340172343044727,0.2127205580631924,0.1167008617152236,4.802790780071216,1.03168,1.0,1.0,9560.0,27,0.7826302260776768,-0.18110930054558955,0.32442134634178693,high
2752,0.34672905771171675,0.31672630516561157,0.19341223965501422,0.14313239746765752,4.69125613490122,0.2904993,1.0,1.0,24080.0,27,0.5716042958527854,-0.1644050531676555,0.41275222442976434,mid
2805,0.36048912180403364,0.29529934889629983,0.22455137367000153,0.11966015562966491,4.835805603060597,1.123739,1.0,1.0,24580.0,27,0.7608289562235121,-0.03037892688365923,0.3347141313116967,high
2810,0.35257800767562153,0.3036042049057234,0.22759886534290005,0.11621892207575503,4.786324395030039,1.350181,1.0,1.0,39080.0,27,0.7915918174655079,-0.056580428023140776,0.309491572459676,high
2825,0.34273140896546583,0.35660475870813757,0.21928843141642423,0.08137540090997242,4.89836205161347,1.517637,1.0,1.0,242710.0,27,1.127779834511017,-0.2147063990282835,0.3157650204596539,high
2830,0.3511840910966252,0.3084412905355227,0.2301344995461672,0.1102401188216849,4.797359561980396,1.190631,1.0,1.0,88780.0,27,0.8439484949284457,-0.06658062474543816,0.2988563075896239,high
2840,0.35911321712641736,0.28422744965307156,0.22914198679979694,0.12751734642071413,4.772208885917529,1.316551,1.0,1.0,47620.0,27,0.6994590219035743,0.007523997434875492,0.31770015339675817,high
2850,0.3663818891452149,0.3224316103345222,0.21439410613492746,0.09679239438533543,4.658844229552276,1.170131,1.0,1.0,49410.0,27,0.9611952250465897,-0.11442789878946434,0.37891042616917453,high
2861,0.33441690369768384,0.33181633482324263,0.21470946769605853,0.11905729378301501,4.812590776837065,1.351959,1.0,1.0,52170.0,27,0.7642504808722922,-0.1745216470920944,0.3133208730408151,high
2862,0.32491356127545135,0.24913561275451407,0.26920860545524394,0.15674222051479061,4.645544080126364,0.9032798,1.0,1.0,12300.0,27,0.5003419849682452,0.14004998028811244,0.1329874232717216,high
2905,0.3308422343078324,0.27107504112043046,0.21181795006598475,0.1862647745057524,4.902402400889597,-0.06037283307177476,3.0,3.0,86660.0,27,0.3112659713200746,-0.01936018158566264,0.3153091304259401,mid
2910,0.31755395683453236,0.3162589928057555,0.21187050359712223,0.15431654676258993,4.934473933130692,-0.3821391,1.0,1.0,38420.0,27,0.5069616020111153,-0.16187042599906615,0.2861466623555369,mid
2920,0.3423937052436477,0.2882058979950727,0.20833214015204604,0.16106825660923368,4.898972399170986,0.11698138998137031,2.0,2.0,48310.0,27,0.4599418640854826,-0.062158007958278416,0.3513101834951097,mid
3000,0.31713338506030897,0.3277139028003104,0.21626578260562881,0.13888692953375184,4.95420602612954,0.0516267,1.0,1.0,35810.0,29,0.6140094502781154,-0.18307950746749388,0.2706906101928433,mid
3010,0.3235904925900739,0.3273850474832394,0.19988843445061794,0.1491360254760688,5.019768772086641,-0.3302237607387027,4.0,4.0,119940.0,29,0.5351456021553244,-0.2061800015802618,0.3406270695477462,mid
3030,0.33673149309912176,0.3426129234629863,0.2253764115432874,0.09527917189460475,4.848273215041905,1.363892,1.0,1.0,66690.0,29,0.9824265523371065,-0.17805537423055928,0.28391320977434475,high
3040,0.32429182255478356,0.33164083377872794,0.21459112773917685,0.12947621592731162,5.0084996819658345,0.2003319,1.0,1.0,38720.0,29,0.6824104754881897,-0.18686619637595003,0.2919709739786542,mid
3050,0.32248701497097465,0.31500152765047357,0.22807821570424686,0.13443324167430493,4.87458644963298,0.5705959,1.0,1.0,312550.0,29,0.6509987402485539,-0.12223096040651675,0.24492358122199268,mid
3065,0.3207898915970448,0.3423323896982669,0.214389283988124,0.1224884347165642,4.975560640812765,0.6186871,1.0,1.0,36180.0,29,0.736211697872806,-0.21759001810995374,0.2849590257687392,mid
3070,0.3333333333333333,0.3004453579993149,0.2149366221308667,0.1512846865364851,4.983264097300124,0.6186871,1.0,1.0,29530.0,29,0.5274850707153532,-0.09432397399601417,0.3102783045674569,mid
3090,0.329671337665909,0.3247606561975465,0.2139166129076866,0.13165139322885797,4.941217477949429,0.49623020206840596,16.0,16.0,875070.0,29,0.6657710454644508,-0.1643176693467704,0.3058307058012747,mid
3100,0.330344285901296,0.3177117423746564,0.1981280272286948,0.1538159444953528,5.028998978113214,0.6186871,1.0,1.0,11610.0,29,0.5031385778689412,-0.17686956170669788,0.361488526853538,mid
3110,0.3316253636280266,0.3129742654850242,0.21186426529872643,0.14353610558822286,4.937319142757462,0.0402409,1.0,1.0,132940.0,29,0.5791726341787178,-0.13565691260729934,0.31682633322697445,mid
3120,0.3171770580891532,0.3190864360725563,0.2260409781890284,0.1376955276492619,4.913904105136484,0.5537257,1.0,1.0,8840.0,29,0.626570450578186,-0.14319210320143244,0.23952807947439958,mid
3140,0.30786239188398257,0.33192430252975225,0.21421603693828445,0.14599726864798074,5.035457979527601,0.6955392,1.0,1.0,13240.0,29,0.5631420039130408,-0.20950320398347633,0.25644491679727316,high
3150,0.3338318114180252,0.3229633223000596,0.2095748519588409,0.1336300143230744,4.912593384873402,0.2657048,1.0,1.0,127830.0,29,0.6489510421472984,-0.16303773329504456,0.32919804743097836,mid
3160,0.32515772311618346,0.32331466647763524,0.21025023038207982,0.14127738002410153,4.949256221086411,-0.0588146,1.0,1.0,225350.0,29,0.5943992013313049,-0.17335991603127102,0.3083070220085096,mid
3200,0.30381105743424586,0.29502147074610846,0.20511272141706927,0.19605475040257656,5.004214726293333,-0.3161771,1.0,1.0,16050.0,29,0.2574497035899632,-0.13640824484862654,0.27778428127430477,mid
3210,0.31993360277136257,0.33588337182448036,0.20402713625866054,0.14015588914549654,4.931303444814125,0.4009678,1.0,1.0,16980.0,29,0.5989618147112465,-0.2233777450580912,0.3180993939109048,mid
3220,0.316116588084012,0.3008286898128304,0.1991713101871696,0.183883411915988,4.941499555261394,-0.1994213,1.0,1.0,133410.0,29,0.32155857904066126,-0.14811473616916698,0.326644997511165,mid
3230,0.36695100777534534,0.31124028081829846,0.21906846833245266,0.10274024307390353,4.88635620469617,1.343344,1.0,1.0,147470.0,29,0.9060260246197424,-0.07614556275393283,0.36475680712304837,high
3235,0.30999779622419743,0.33908763681774773,0.20531844560346726,0.14559612135458752,4.913610311524382,0.3066196,1.0,1.0,6860.0,29,0.5614374727457442,-0.2414338845463629,0.2913301303301772,mid
3245,0.33685059449937343,0.33354199239659527,0.212318944544951,0.11728846855908041,4.906577628242381,,1.0,0.0,13490.0,29,0.7775720322320052,-0.18036754504813796,0.32636505903379476,
3250,0.32872992474202817,0.32632477306230123,0.20661028784234622,0.13833501435332451,4.858959327416688,-0.0842553,1.0,1.0,77260.0,29,0.6134141186355514,-0.18359553348193236,0.3283819199367213,mid
3255,0.3261193409109197,0.3332517923252356,0.20935807266905315,0.1312707940947915,4.977030074022948,0.2723904,1.0,1.0,3047530.0,29,0.6663836909580132,-0.1986075806254694,0.3134019855459124,mid
3256,0.31781949087168937,0.31537670352275654,0.20101568526613525,0.16578812033941884,5.047031509287547,0.1344116,1.0,1.0,43950.0,29,0.4291163276717723,-0.1807189004753817,0.3239260701976143,mid
3257,0.3260735986891514,0.3391820850686147,0.2106233358366901,0.1241209804055438,4.986820629330216,0.3052241,1.0,1.0,7750.0,29,0.721676690974769,-0.2106069875714385,0.3090422340453047,mid
3258,0.33132828533012526,0.33769726134031564,0.21505908994409456,0.11591536338546453,4.950956058594655,0.3016596,1.0,1.0,234690.0,29,0.790274574794062,-0.191989832516556,0.30560932707279587,mid
3261,0.33928571428571436,0.32199418228829996,0.21477052359405302,0.12394957983193271,4.81834420626481,0.6788277,1.0,1.0,7250.0,29,0.7249560909027288,-0.14397049978684598,0.3233404441714483,high
3270,0.3313002205387232,0.33577477800510336,0.22057326440794398,0.11235173704822952,4.867751137223454,0.6788277,1.0,1.0,26250.0,29,0.8229528025678857,-0.17702722986024108,0.2876475528293124,high
3300,0.3267644850077182,0.2744893035210683,0.2243437336133841,0.17440247785782942,4.828045953872467,-0.1625687,2.0,2.0,90510.0,29,0.3848715673386924,-0.011188249871669163,0.2659147750697276,mid
3310,0.3106521431602773,0.3226057433866176,0.2007356061677747,0.1660065072853303,4.951451300742808,-0.3524675,1.0,1.0,207190.0,29,0.4275314625864659,-0.20910457536028354,0.3087830134626964,mid
3321,0.3135311033752082,0.28727107613137587,0.21182079612532165,0.18737702436809442,4.88386196660174,-0.131293,1.0,1.0,55760.0,29,0.3073516045997613,-0.08867699426247753,0.2772975475527862,mid
3322,0.30961466517022074,0.30534979423868314,0.20740740740740746,0.17762813318368872,4.895224442584928,-0.2743202,1.0,1.0,78640.0,29,0.36153524568662065,-0.15223678861893364,0.2832977342710544,mid
3323,0.29381603480422624,0.31191733996270976,0.20323182100683654,0.19103480422622743,4.857639502684128,-0.4048342,1.0,1.0,216380.0,29,0.2836731050941471,-0.19929672798366307,0.2606441816487604,mid
3324,0.3061645785876993,0.303246013667426,0.21604498861047838,0.17454441913439636,4.945065129886807,-0.1366283,1.0,1.0,38070.0,29,0.3832497518464537,-0.1345093782165152,0.24652297118768612,mid
3330,0.3015378841501652,0.30597724595573,0.2069900890155821,0.18549478087852267,4.878907415111938,-0.3005792393912681,6.0,6.0,408390.0,29,0.3163871029588039,-0.16552627209228027,0.2660310702397358,mid
3421,0.31355161437016826,0.31446111869031385,0.22116113384871916,0.15082613309079881,4.882347273794725,-0.0233856,1.0,1.0,436630.0,29,0.5338563841891965,-0.14487317049075943,0.24683148759578133,mid
3422,0.30882592411659343,0.34057971014492755,0.21560006513597132,0.13499430060250772,4.810719868901253,-0.0011,1.0,1.0,93410.0,29,0.6411920520449135,-0.22661678244379344,0.2541006777144714,mid
3423,0.3208007091150834,0.3026296351011966,0.1858472447924361,0.1907224109912838,4.908085639080461,-0.5417635,1.0,1.0,109060.0,29,0.27591506251015424,-0.1752505010495924,0.38600606672054644,mid
3424,0.3073414112615824,0.30527441197434074,0.20570206699928723,0.18168210976478974,4.943782987108415,-0.2819632,1.0,1.0,118670.0,29,0.3374103147846585,-0.1584142593172069,0.28392484978098825,mid
3430,0.3120681493720658,0.31659893950014145,0.2127261798404717,0.1586067312873211,4.884841499836518,-0.11853632252686135,6.0,6.0,845080.0,29,0.4796568118443212,-0.1682163427391356,0.270974486166766,mid
3500,0.32432629278951197,0.31478514202476326,0.20895848506919157,0.15193008011653314,4.922168312773925,-0.2979922,1.0,1.0,641240.0,29,0.5212072139563799,-0.1550914650489404,0.31085438652041375,mid
3520,0.3071723866395433,0.3330271015158475,0.213793556007612,0.1460069558369972,5.026443024301769,0.0285751,1.0,1.0,73270.0,29,0.5628244396905471,-0.21393344426194674,0.2562542615769891,mid
3545,0.30962472255930606,0.32234207217055555,0.2216578617513168,0.14637534351882156,4.914286894180278,-0.12166051160091376,3.0,3.0,161970.0,29,0.5639519419190752,-0.16931306403185425,0.2363334441639543,mid
3601,0.33399334706161893,0.30389672105179794,0.19855853001742432,0.16355140186915884,4.838343272939479,-0.404814,1.0,1.0,45255.0,31,0.44095442214839964,-0.13519992462298147,0.3677217991854272,mid
3602,0.3103685368536854,0.32425742574257427,0.19547579757975794,0.16989823982398233,4.979763630429169,-0.2060442,1.0,1.0,45255.0,31,0.4010089388398821,-0.22448693892518828,0.3269123264174383,mid
3603,0.3111181301326595,0.3223310170562224,0.1984365129500947,0.1681143398610234,4.841348415572757,-0.5148466,1.0,1.0,1314830.0,31,0.4134658989984523,-0.21249982713239868,0.3179883694466704,mid
3605,0.31127529380382246,0.32213854147763754,0.19833606791988517,0.16825009679865488,4.839526874935235,-0.5266145091907114,3.0,3.0,1399130.0,31,0.41259404244193254,-0.21201264438950956,0.3187034950648511,mid
3610,0.321080834970563,0.3204096533104822,0.2088379841652257,0.14967152755372914,4.940570942933298,-0.09553576055126792,2.0,2.0,45350.0,31,0.5362206395405061,-0.17389295826761658,0.30415077980210425,mid
3620,0.3152480108994674,0.31053762899073856,0.20769649472145607,0.1665178653883379,4.925015241787254,-0.3617951782579934,2.0,2.0,136050.0,31,0.42794206306545485,-0.15806257063486498,0.2950627983159848,mid
3630,0.33114399733954103,0.32283006318589963,0.20435650149650816,0.14166943797805123,4.789822358120328,-0.6818891,1.0,1.0,81030.0,31,0.5886247885919541,-0.17629499671431595,0.3413114581122383,low
3640,0.31670068266591594,0.31451896685199526,0.20156239003448514,0.16721796044760362,4.956460659649984,-0.3458537,1.0,1.0,347170.0,31,0.4206591703190681,-0.1788260985041935,0.31951196035741786,mid
3645,0.32545635579156984,0.28768669100564226,0.21832061068702294,0.16853634251576502,5.01495926557631,0.2356488,1.0,1.0,727760.0,31,0.4190439502349396,-0.062278675304427225,0.28232206654290526,mid
3646,0.33894338943389435,0.28035280352803527,0.26271262712627125,0.11799117991179912,4.710520701595917,1.196181,1.0,1.0,55830.0,31,0.7855176788436841,0.05094784250303032,0.18015124811521896,high
3647,0.3166727471725648,0.3216344399854068,0.2014593214155418,0.1602334914264867,4.920345822748795,-0.0284926,1.0,1.0,43560.0,31,0.463893950150532,-0.19733696132635037,0.319811255667322,mid
3648,0.2983028720626631,0.3061357702349869,0.2153321729039745,0.1802291847983754,4.926383741648665,-0.5899488,1.0,1.0,98970.0,31,0.3497680229384128,-0.15422242517398146,0.2304655408054122,mid
3649,0.3079782474013905,0.3187857093687616,0.2124320231293453,0.1608040201005025,4.978594079884792,-0.2526035,1.0,1.0,132750.0,31,0.4655207695301548,-0.1797872554011772,0.2626244854445719,mid
3655,0.3210842640872983,0.298109111350216,0.21461331933267297,0.16619330522981268,4.9679424621509165,0.003102197984920202,8.0,8.0,1575620.0,31,0.43259304102472507,-0.10384923754776816,0.2848690680239105,mid
3700,0.30423332674962145,0.33333333333333337,0.21021792086378302,0.15221541905326222,5.023156574649928,-0.3614321,1.0,1.0,54470.0,33,0.5193821042419409,-0.22549444919380585,0.2613821759248296,mid
3710,0.30157704239917266,0.33130816959669085,0.20740692864529472,0.15970785935884182,5.041617031704984,-0.1961966,1.0,1.0,128230.0,33,0.46959314805917673,-0.22959464182846437,0.26470034047994784,mid
3720,0.29765028989929815,0.32334452242905104,0.19554470552334455,0.18346048214830632,5.098951375144823,-0.636405,1.0,1.0,80890.0,33,0.3217078904156922,-0.23912264890736262,0.29707694700424936,low
3725,0.31090454057919203,0.32992491955666786,0.20650697175545227,0.15266356810868792,4.940570419647969,,1.0,0.0,55450.0,33,0.5149893415953959,-0.21551840777000153,0.2893139757066209,
3740,0.29737335834896816,0.30380595014741363,0.19277673545966223,0.20604395604395603,5.005555748352958,-1.287125,1.0,1.0,317310.0,33,0.19879375200208196,-0.19443118571695892,0.306499493056508,low
3750,0.3195451372072821,0.3027672054290308,0.21143496724304003,0.1662526901206471,4.982334919671896,-0.1820161763385147,2.0,2.0,17370.0,33,0.4310651942495124,-0.12456162244856922,0.292021715547209,mid
3801,0.3048692904337834,0.3260557311117495,0.2104280379201379,0.1586469405343292,4.936199062943238,-0.1705261,1.0,1.0,16420.0,33,0.47806088432707483,-0.20621020471810875,0.26215234148385796,mid
3802,0.3061939461883408,0.320207399103139,0.2080297085201793,0.1655689461883408,4.960884668831699,-0.6690897,1.0,1.0,392600.0,33,0.4337936879837066,-0.19434178335534402,0.273323508987747,low
3820,0.33437853572686127,0.3032285814959261,0.2267115006214063,0.1356813821558064,4.898336622780421,0.1511265,1.0,1.0,107890.0,33,0.6407175839453272,-0.07880084126984493,0.2747784459630898,mid
3830,0.32223535135886566,0.28838534788350595,0.21352609995134494,0.17585320080628342,4.968910114048942,-0.5055484,1.0,1.0,6730.0,33,0.37365825766745064,-0.0773850727470916,0.2909907818317984,mid
3840,0.30785964912280706,0.29543859649122806,0.20652631578947364,0.19017543859649122,4.959341999708705,-0.6273561,1.0,1.0,7450.0,33,0.2900295505375701,-0.12935355409700683,0.2822884488979474,low
3870,0.3184518185732802,0.30748103768386,0.2165775704168486,0.15748957332601107,4.988697396943044,-0.6407624053186242,2.0,2.0,668970.0,33,0.48836778074523074,-0.12876431746196862,0.2726055113397675,low
3900,0.30997543668122274,0.30847434497816595,0.21643013100436684,0.16512008733624453,4.9874349009258205,-0.3902585,1.0,1.0,11600.0,33,0.44033941489787715,-0.1426895242590148,0.25401063358625503,mid
3910,0.35771196632591706,0.26766386049308477,0.23556825015033075,0.13905592303066744,4.890649834884672,0.6147625,1.0,1.0,28860.0,33,0.6139635696030721,0.06624436699912505,0.29537789010040644,mid
3930,0.31602222721190226,0.3209450342997255,0.2075450218992887,0.1554877165890836,5.033435512040438,-0.41543578181732926,2.0,2.0,1066290.0,33,0.49730946149370203,-0.18427466916655694,0.29731313037452867,mid
3940,0.32223204636997743,0.3095588957657924,0.19844778465468121,0.16976127320954904,4.622911867464248,-0.3971661,1.0,1.0,82690.0,33,0.40350051491867917,-0.16513594022300612,0.34276712080848676,mid
3945,0.3071347124938915,0.3197589183906174,0.1937611988923277,0.1793451702231634,4.81039413599935,-0.5229555,1.0,1.0,48320.0,33,0.34454631045873085,-0.22095285097889292,0.3257358005974696,mid
3960,0.3135104792319994,0.31385642452367896,0.20463722604763074,0.16799587019669077,4.81302182971167,-0.27782854697487264,4.0,4.0,345440.0,33,0.41747880778520147,-0.1750567447407399,0.30164751278197205,mid
4000,0.3076923076923077,0.3322902263299614,0.1927807292045702,0.1672367367731606,4.922969157343683,-0.1720309,1.0,1.0,129810.0,35,0.4152393457051157,-0.25367071642083017,0.3306055536149014,mid
4010,0.30317315134032224,0.33082389361851827,0.19587701400126645,0.17012594103989304,4.956742131750921,-0.1501443,1.0,1.0,1040600.0,35,0.39945718930387725,-0.24959537019134978,0.30887634497616817,mid
4020,0.3161967137180613,0.30776270794083654,0.1914453801162315,0.1845951982248707,4.558414545116301,-0.6033035897068251,5.0,5.0,2480090.0,35,0.313443520529247,-0.18276910021303455,0.3547993021780112,low
4030,0.3261750023547141,0.3132711688800979,0.1805594800791184,0.1799943486860695,4.665041583025482,-0.9339887,1.0,1.0,783350.0,35,0.3324923002971196,-0.20846955312312176,0.4181644251554435,low
4040,0.31163522012578615,0.33647798742138374,0.19426100628930812,0.15762578616352202,4.845760650906022,-0.4109996,1.0,1.0,485330.0,35,0.4759956704465063,-0.25557546323990127,0.33420036551493654,mid
4055,0.2989678349615477,0.33320884366066844,0.19272347753307115,0.17509984384471264,4.68245909028548,-0.3147517,1.0,1.0,3095120.0,35,0.3678566466896772,-0.26778904061868164,0.31047615528407224,mid
4110,0.31435573569610714,0.33792063342445094,0.17937600150815342,0.16834762937128853,4.66428779047118,-0.4693402,1.0,1.0,1804030.0,35,0.39973633807944614,-0.28806517051172914,0.3967159600082822,mid
4120,0.30804863925883036,0.31996029448258745,0.20026470344941685,0.17172636280916534,4.794881041213901,-0.4450331,1.0,1.0,243030.0,35,0.39271010789813854,-0.2067761742230683,0.3044926826584162,mid
4130,0.30487380330722375,0.33872932985204524,0.19312445604873807,0.16327241079199303,4.74406218485471,-1.432733,1.0,1.0,336970.0,35,0.4394137845396129,-0.2723709876505354,0.3228388642368594,low
4140,0.30885952031326486,0.30533529123837494,0.17846304454233972,0.20734214390602052,4.626442321263631,-1.561163,1.0,1.0,377040.0,35,0.18347258781334863,-0.21455606626238896,0.38785160522449086,low
4150,0.3081468218442256,0.3323187108325873,0.1887197851387645,0.1708146821844225,4.715816706075155,0.1821651,1.0,1.0,324690.0,35,0.39121151019129163,-0.2618297558783512,0.34670369465801987,mid
4200,0.2937785728483403,0.3405552242761545,0.1948585436957529,0.1708076591797522,5.016816153171337,-0.3668852,1.0,1.0,153640.0,37,0.39377110957751726,-0.2882454969441641,0.2903044225748637,mid
4210,0.30489710862203706,0.30945558739255014,0.19308413649387862,0.19256316749153424,5.034091370132597,-0.4855586,1.0,1.0,116380.0,37,0.27038533075204974,-0.19862453559387924,0.323040556797111,mid
4220,0.31032666594213026,0.3085573385661286,0.19291008667441115,0.18820590881732996,4.778294354108473,-1.07673166256055,2.0,2.0,2760110.0,37,0.2942025507064695,-0.18941318960550083,0.33615947988022976,low
4230,0.29868613138686134,0.32048661800486616,0.19017031630170317,0.19065693430656935,4.632298853376344,-1.030813,1.0,1.0,723430.0,37,0.2787813473903541,-0.24183309167777925,0.3192397768123662,low
4240,0.32547133806579653,0.2834134798870316,0.20273261583085253,0.18838256621631932,4.87527365616558,-0.7243282,1.0,1.0,85370.0,37,0.2969441690301986,-0.08028261089540842,0.33473477262868206,low
4251,0.3382366377341252,0.2910918227501142,0.1484696208314299,0.2222019186843307,4.695467823968872,-1.656454,1.0,1.0,892450.0,37,0.0828513077835014,-0.21357566186347351,0.5822072565815108,low
4252,0.3230831643002028,0.2769168356997972,0.1672210953346856,0.2327789046653144,4.814214812922799,-1.580793,1.0,1.0,41920.0,37,0.04927008079999015,-0.14297174884304598,0.465695508271426,low
4255,0.3367698528948994,0.2904899272230455,0.15066276204013493,0.22207745784192012,4.7062101095963405,-1.633712728574553,3.0,3.0,960190.0,37,0.08571744920419234,-0.2076734805271508,0.5687654355680127,low
4340,0.31931061496278884,0.3378770074422249,0.19866823345084214,0.14414414414414412,4.849292143687493,-0.7293655,1.0,1.0,15840.0,39,0.5681245452322619,-0.2398717059857328,0.33554202237265046,low
4350,0.32218051248571894,0.29296556226538273,0.21462379631140854,0.17023012893748982,4.8084375072975085,-0.5279816,1.0,1.0,225680.0,39,0.40778252414780247,-0.08822712480270056,0.28724464691167506,mid
4400,0.2882719337993398,0.3552565187606577,0.19786950846509782,0.15860203897490466,4.514137520619868,0.06443220086063298,2.0,2.0,72040.0,39,0.4691425991611672,-0.3242178176199173,0.26608179554197103,mid
4420,0.2951580168164686,0.33893882284720217,0.20411713540156562,0.16178602493476374,4.63928171561686,-0.1112865,1.0,1.0,54970.0,39,0.4541439029161056,-0.2634974780266957,0.2607928892532608,mid
4435,0.3075555721665609,0.3311631107443739,0.20031385975426894,0.16096745733479634,4.688709388067315,-0.15092331971771697,7.0,7.0,403850.0,39,0.45828494430999545,-0.23542896819279557,0.3031864278227074,mid
4461,0.29392170503050496,0.3164207255214719,0.2078940766539997,0.1817634927940236,4.85481312631054,-0.17344108326803787,3.0,3.0,61260.0,39,0.3375466247319912,-0.2015943735698922,0.2448602732500842,mid
4465,0.3046784817002784,0.3237590819583079,0.207034698173423,0.1645277381679908,4.99226763673807,-0.1143887,1.0,1.0,24700.0,39,0.43962497884153007,-0.20733128849484117,0.2732053130217379,mid
4500,0.32852416835140597,0.31262635544936596,0.16256202903877962,0.19628744716044846,4.689695141057779,-0.5433185,1.0,1.0,12910.0,39,0.22861290169513415,-0.2467237915179203,0.49748551398965685,mid
4510,0.30579744253549856,0.34400251039460267,0.18961324233152904,0.16058680473836984,4.84788104279483,-0.6155546,1.0,1.0,285980.0,39,0.45381301799106966,-0.29123965550107,0.33795213967686066,low
4521,0.30080949811117114,0.34894765245547754,0.17388019427954662,0.17636265515380461,4.528828952731369,-0.0792243,1.0,1.0,120540.0,39,0.3470274534878811,-0.3449698645530276,0.3875727534285751,mid
4522,0.3105292792792793,0.3315737612612613,0.1998873873873874,0.158009572072072,4.95639027924386,-0.0372525,1.0,1.0,50580.0,39,0.4768670129308354,-0.23338258408948973,0.3114975424779043,mid
4525,0.3039389039854995,0.34342488240921637,0.18257715009226155,0.17005906351302255,4.660227247350223,-0.0941441777047744,4.0,4.0,182640.0,39,0.39101927693739286,-0.30779360494595637,0.3603797171174989,mid
4530,0.31769165078527306,0.3317530595560034,0.20490257852869154,0.14565271113003195,4.881662815162206,0.3174492655204288,2.0,2.0,54090.0,39,0.5612801586623845,-0.21439807723138515,0.3100992897538668,mid
4540,0.32823126670898833,0.318400621647378,0.20734195538975633,0.1460261562538774,4.7630585524742965,0.6441448999999999,2.0,2.0,90510.0,39,0.5600415858733017,-0.16270040888418705,0.3248088300769049,mid
4600,0.3271443507699905,0.3304444007319553,0.1890552360644698,0.15335601243358427,4.748906483744602,-0.1674963,1.0,1.0,438520.0,39,0.5007338290787497,-0.23206306401102597,0.3877506913197788,mid
4621,0.32105979348435126,0.33538781717761945,0.17858000480268954,0.16497238453533983,4.827753580443738,-1.2572,1.0,1.0,221600.0,39,0.41991185365084777,-0.27512299964320935,0.41478224148353,low
4622,0.32026762181523283,0.32371426640535245,0.21166452659322835,0.14435358518618638,4.997009550514442,0.0970085,1.0,1.0,264020.0,39,0.5736620313212034,-0.17781781002142158,0.2928513598483178,mid
4640,0.31778149792561317,0.32906325060048036,0.21624572385180876,0.13690952762209763,4.922823596935857,0.7105829,1.0,1.0,92500.0,39,0.6281768417112317,-0.1856388920820902,0.27219980905947844,high
4700,0.3069587831980456,0.3633068011663646,0.20214358893529827,0.12759082670029157,4.843320569408824,0.2011382,1.0,1.0,1143260.0,41,0.6883325767488164,-0.308147261402304,0.29538339315527856,mid
4710,0.32442829664458217,0.3408848044453944,0.21065754790909735,0.12402935100092613,4.944281793546234,1.258639,1.0,1.0,243920.0,41,0.7223483976693745,-0.2166944535537628,0.3053504352246363,high
4720,0.3028664764694047,0.3232076256667587,0.2149090091914065,0.15901688867243008,4.596529345817223,-0.10745273729255181,2.0,2.0,3335170.0,41,0.4776910791587492,-0.19313535829717837,0.24259229320832462,mid
4740,0.29461332493306036,0.31044258938415503,0.22019215624507793,0.17475192943770673,4.844029593742304,0.1427099,1.0,1.0,371620.0,41,0.38337820426896396,-0.16159840590870453,0.20588342435767948,mid
4750,0.29857276052499465,0.31141074374237976,0.22118625833751704,0.16883023739510863,4.93756268320693,-0.0136432,1.0,1.0,265130.0,41,0.4192863345892376,-0.1568517362157773,0.21213805361075147,mid
4760,0.31875259875259876,0.32923076923076927,0.19417879417879413,0.15783783783783784,4.78957290898587,0.3573965,1.0,1.0,3693490.0,41,0.4749424895304747,-0.22875101248313623,0.3504675025502266,mid
4800,0.34019380155361584,0.32633939296868747,0.22783695042844554,0.10562985504925121,4.827273196127054,1.122101,1.0,1.0,96660.0,41,0.8851531559022386,-0.1297127872463376,0.2834686549665426,high
4810,0.34955830388692577,0.31210247349823317,0.22393992932862195,0.11439929328621903,4.729156165769083,1.426945,1.0,1.0,422600.0,41,0.8060661587312878,-0.08924917442568502,0.31486936429383805,high
4820,0.35661401776900303,0.31646923330042775,0.23609740046067784,0.09081934846989141,4.800407968048592,1.2599,1.0,1.0,426870.0,41,1.0310053852353454,-0.0708529635805229,0.291617610970255,high
4830,0.32552497281017323,0.32125826152430353,0.24311888228896514,0.11009788337655811,4.7835673858898895,1.278436,1.0,1.0,37190.0,41,0.8507618870538163,-0.10839031877189804,0.20639642881413683,high
4850,0.3334701449827907,0.2953979916775216,0.2294257117459701,0.1417061515937175,4.843085974556235,1.0238560395466145,2.0,2.0,1508650.0,41,0.5981895879622244,-0.05369057827920669,0.26443959385155114,high
4900,0.3082091696770676,0.34087360988484644,0.19178787506930237,0.1591293453687838,4.754610226156736,0.2949375754451734,2.0,2.0,42680.0,41,0.46463079534629265,-0.27591661056183114,0.3354434885256242,mid
4920,0.326926647498662,0.335705901416047,0.21470139343762415,0.1226660576476669,4.913149616531027,0.8409412057937428,2.0,2.0,224380.0,41,0.7352043136783417,-0.19330023599545051,0.2973296553791802,high
4930,0.36251844564682734,0.30841121495327106,0.21478930972290536,0.11428102967699623,4.803857096868311,1.025903,1.0,1.0,59550.0,41,0.8019929848280802,-0.08170479673942974,0.37011225078618093,high
4940,0.35253772290809327,0.31864762365851695,0.21931735657225856,0.10949729686113123,4.819716890076783,1.925633,1.0,1.0,115130.0,41,0.8464138848097763,-0.11124533169147237,0.33561963119904564,high
4950,0.2930627241711137,0.3781821362960371,0.2131047152480098,0.1156504242848394,4.738914056037687,1.511458,1.0,1.0,7860.0,41,0.786879364384131,-0.3382669872889144,0.22528633897040182,high
5000,0.32162860835846624,0.32643975298003736,0.22519029154100242,0.12674134712049404,4.936342689514401,1.134282,1.0,1.0,1443630.0,43,0.7078728733800099,-0.15764407354024154,0.252049417585039,high
5010,0.3246911079602998,0.3032205792991695,0.2641280129633381,0.1079602997771926,4.592490132830717,1.244421,1.0,1.0,48190.0,43,0.8742462962934229,-0.028419336699899406,0.1459754139088733,high
5020,0.32353197042192255,0.31161374510656803,0.23349282296650714,0.13136146150500216,4.74449725120919,1.411687,1.0,1.0,3870.0,43,0.6756024058253044,-0.10250280653936845,0.23062046957477447,high
5100,0.3304276763824571,0.3081812403523108,0.2462544265867611,0.1151366566784709,4.701661486176852,1.270176,1.0,1.0,212900.0,43,0.8080253406087784,-0.06312459375323194,0.2079053379027808,high
5110,0.33921933085501854,0.28011152416356877,0.26700743494423795,0.11366171003717472,4.678420647727684,1.135705,1.0,1.0,429080.0,43,0.822560015338187,0.058603122387376146,0.16926042428526591,high
5120,0.3369359632531748,0.293614338467081,0.264433036116365,0.1050166621633792,4.709800435066174,0.8181121,1.0,1.0,1509370.0,43,0.8999132658491682,0.013450423892614598,0.1713353987407281,high
5130,0.2998477929984779,0.3187891087434467,0.2198545577541011,0.1615085405039743,4.772885590392684,0.4955334,1.0,1.0,11140.0,43,0.4639289219868475,-0.17669735156702726,0.2194214303134471,mid
5140,0.34504094631483173,0.28498635122838945,0.25650591446769794,0.11346678798908091,4.699570861409576,1.155485,1.0,1.0,149290.0,43,0.8223562386596813,0.035081690184993006,0.20966520202454045,high
5150,0.3332781867813715,0.289023078831996,0.2479113243444454,0.1297874100421871,4.7948810412139,1.589915,1.0,1.0,61930.0,43,0.6901823475833108,-0.004476209346169817,0.20923743467580921,high
5160,0.3245788667687596,0.3156202143950995,0.2156967840735069,0.144104134762634,4.8721392168423305,0.4310685,1.0,1.0,364210.0,43,0.5771577922271581,-0.14397981649479263,0.28896265341320065,mid
5200,0.35788330536084506,0.28798499358278207,0.25510909270411686,0.09902260835225583,4.6179876896987055,1.026384,1.0,1.0,39980.0,43,0.952270575365903,0.03922510504030696,0.2393667486954677,high
5210,0.32911614830434016,0.29001932876471614,0.26128975575470037,0.11957476717624317,4.734618253174978,1.184181,1.0,1.0,7060.0,43,0.7736963379512031,0.009040881425609064,0.16318663752359736,high
5220,0.3210419485791611,0.3048037889039242,0.251776048714479,0.1223782138024357,4.772716457199891,1.3362,1.0,1.0,150170.0,43,0.7501024069919038,-0.05683825258752498,0.17184943291466342,high
5230,0.32929782082324455,0.33397344911079574,0.25048008683309686,0.08624864323286291,4.785573236959415,1.54555,1.0,1.0,16820.0,43,1.0853320525259411,-0.12320157605085152,0.1934524992202718,high
5240,0.3083703759511791,0.3227604912227831,0.2419950274994349,0.1268741053266029,4.888316989638111,1.075894,1.0,1.0,2787070.0,43,0.7123184227440028,-0.1361925733957863,0.1713916539019908,high
5250,0.3513421966296893,0.3031586078414768,0.2570073672622576,0.0884918282665763,4.77144704561319,1.416653,1.0,1.0,151340.0,43,1.061282640774463,-0.0072042902057528075,0.22108111897514474,high
5260,0.33059849095304383,0.30957439015456745,0.23060581642370523,0.12922130246868363,4.916397872014886,0.2403003,1.0,1.0,85460.0,43,0.6905783269712068,-0.09340001837597414,0.25469617876191863,mid
5300,0.31321770808584776,0.33325413795834324,0.22546923259681637,0.12805892135899263,4.838422471450589,0.7106003,1.0,1.0,220380.0,43,0.697588122878988,-0.18482565305249946,0.23243645915269168,high
5310,0.3267641449459631,0.326128417037508,0.2325351416260507,0.1145722963904782,4.952794294406406,1.44861,1.0,1.0,169840.0,43,0.8088541949303746,-0.13729489638258988,0.24055580433238266,high
5320,0.3161538461538462,0.3000854700854701,0.245042735042735,0.1387179487179487,4.762173934797756,0.2762258,1.0,1.0,78470.0,43,0.6248086724368251,-0.06143038363984702,0.18016820990001553,mid
5330,0.34970030380162576,0.29567287954676086,0.24033171853189925,0.11429509811971422,4.802298250099019,1.274213,1.0,1.0,238610.0,43,0.8117542757096801,-0.016089379757055586,0.26520491191017215,high
5340,0.3212021193433511,0.33978980283158167,0.22027273516893942,0.11873534265612781,4.746061924685573,1.200969,1.0,1.0,40500.0,43,0.769196041144736,-0.19992626474475395,0.26672357444868067,high
5350,0.32982917214191854,0.29142940575266457,0.24426923638487374,0.13447218572054312,4.91983492976976,0.761112,1.0,1.0,133850.0,43,0.6545915268914949,-0.021534973332060253,0.21234686434293548,high
5360,0.33104761904761915,0.30697142857142856,0.25432380952380956,0.10765714285714281,4.877103901471733,1.480714,1.0,1.0,102770.0,43,0.8749080759683535,-0.045984609159227495,0.18643148424859718,high
5400,0.30881212852097517,0.32776294254457744,0.23834955637867172,0.12507537255577572,4.754365752349944,1.032934,1.0,1.0,983150.0,43,0.7251555225704065,-0.15436268263010008,0.18313696045468092,high
5410,0.3118520176027449,0.3081972104124711,0.2246587603490714,0.1552920116357126,4.89836205161347,0.4228141,1.0,1.0,100860.0,43,0.5057384562090769,-0.12425785455907937,0.2318929411810172,mid
5500,0.31750554025894523,0.2936633509193245,0.20474858719552588,0.18408252162620442,4.913677870746836,1.254537,1.0,1.0,85750.0,43,0.32290037317040654,-0.11536688534974628,0.3102165450268926,high
5510,0.31784668215331785,0.25613574386425614,0.22118977881022123,0.20482779517220484,4.595220855134423,-0.92241,1.0,1.0,68310.0,43,0.2135586722011991,0.028240611729250145,0.2563602018110285,low
5521,0.31611281764870147,0.31981290142418317,0.23554872940519406,0.12852555152192122,4.964521545130232,0.7743953,1.0,1.0,97050.0,43,0.6978345908251631,-0.12960058547697784,0.2080176322757503,high
5522,0.33454949238578685,0.31963832487309646,0.21573604060913704,0.13007614213197974,4.836916626109569,1.128045,1.0,1.0,194330.0,43,0.6782914804077765,-0.14188252495305828,0.3102283936610505,high
5530,0.30573354414579346,0.27161521178330705,0.22102022135308313,0.20163102271781644,4.788907406923208,-1.027005,1.0,1.0,24000.0,43,0.2326826460527376,-0.03584610062372997,0.22942769310901867,low
5540,0.31181396861533467,0.31051304984145056,0.21733474266200503,0.16033823888120982,4.81210305125432,-0.283523,1.0,1.0,79320.0,43,0.47060245131210515,-0.14395093735322834,0.25524291893843964,mid
5550,0.29209621993127144,0.28286082474226804,0.20790378006872856,0.21713917525773196,4.533888983983128,-0.9672173,1.0,1.0,335540.0,43,0.14938883675557574,-0.11257501211928773,0.24042188570372383,low
5560,0.3051802896297016,0.2915735251239187,0.1988531441345126,0.204393041111867,4.633660456387719,-1.007248,1.0,1.0,112130.0,43,0.2103365163342773,-0.1376266673007509,0.30287938384070195,low
5600,0.34914544820369725,0.26560865015695856,0.24633763515870247,0.13890826648064172,4.742145641015169,0.6614221,1.0,1.0,367200.0,43,0.6185656847873398,0.08089183377445028,0.24662859000538562,mid
5610,0.30838822315689235,0.30005555114673443,0.20569796047932706,0.18585826521704624,4.836361268881602,-0.7375154,1.0,1.0,795360.0,43,0.3137271880473629,-0.1429550466189933,0.2863432958355316,low
5630,0.31368075853710703,0.28901404434305267,0.21537035716831826,0.18193483995152201,4.94356913673158,-0.3528867,1.0,1.0,54760.0,43,0.33955828251999837,-0.08663667743704886,0.2658839149362369,mid
5710,0.33957345971563985,0.28973143759873615,0.25157977883096366,0.11911532385466032,4.841032509710076,1.106018,1.0,1.0,466910.0,43,0.7748411479749443,0.007161335458340443,0.21208264187957987,high
5720,0.33721406903336887,0.29072722800688694,0.25170123800934663,0.12035746495039763,4.8037751128551465,1.149438,1.0,1.0,155250.0,43,0.76497399970672,0.001710493197901841,0.206811146089137,high
5730,0.32293100810769465,0.32224261893835093,0.23458773137524855,0.12023864157870583,4.873210618184584,1.2978,1.0,1.0,656640.0,43,0.762719466423334,-0.12873747782148964,0.22599773669098486,high
5740,0.33357028612049056,0.28700906344410876,0.25306557668384577,0.12635507375155502,4.723308714005133,1.254248,1.0,1.0,1825980.0,43,0.717567886560572,0.009991736979926199,0.19530638933422986,high
5810,0.34322275654087536,0.27956638682859236,0.24737142391392944,0.12983943271660284,4.809660848803092,0.1723307,1.0,1.0,147170.0,43,0.6880903064936731,0.0337993051734464,0.23156949797510962,mid
5820,0.31975199291408335,0.287688219663419,0.2525243578387954,0.14003542958370235,4.726502471155617,0.5072381,1.0,1.0,41930.0,43,0.6163919443246014,-0.0100842481158841,0.16690404384057503,mid
5830,0.34075723830734966,0.30108059061288467,0.22477934504660563,0.13338282603316012,4.797689567758492,-0.0650455,1.0,1.0,7600.0,43,0.656446494641554,-0.06877611925312639,0.2941925401997088,mid
5840,0.3375069048057448,0.2927637635794513,0.2658810532130363,0.1038482784017676,4.687855552606699,1.257163,1.0,1.0,218300.0,43,0.9108301252551757,0.018739811831898604,0.16867107962581054,high
5850,0.29670135826424415,0.28946904215911096,0.20206385605926971,0.21176574351737523,4.730745008896157,-0.7109466,1.0,1.0,69400.0,43,0.1740469112966924,-0.13667615499926283,0.2716296525927387,low
5860,0.32626963829009864,0.28087321885275857,0.25447570332480823,0.13838143953233462,4.695741884172478,0.9108539,1.0,1.0,2578180.0,43,0.6278081200744074,0.020870769516600187,0.17572932000426877,high
5900,0.31165803108808293,0.28808290155440414,0.21899827288428322,0.18126079447322974,4.751864565138895,-0.5773576,1.0,1.0,32920.0,43,0.3447959260193771,-0.07982323964958003,0.24949745814457552,mid
5910,0.3862714156898107,0.24571686203787196,0.24864743011722276,0.11936429215509463,4.485485343042112,1.436193,1.0,1.0,5340.0,43,0.7592779118179473,0.1895155558374912,0.3114835932714299,high
5920,0.35032768746276277,0.31755894118648403,0.23891395012341474,0.09319942122733851,4.766353223579481,1.052958,1.0,1.0,6190.0,43,1.007883632664839,-0.07607889507418493,0.2706560952150432,high
6005,0.3137196924896511,0.2876256652868125,0.200103489059728,0.1985511531638084,4.907346704590324,-0.5575955,1.0,1.0,25770.0,45,0.24129030379206703,-0.11267046838389688,0.3179613193392235,mid
6010,0.3228921158671025,0.2916444917509313,0.2223066980916901,0.163156694290276,4.879234962480687,-0.0081121,1.0,1.0,13630.0,45,0.4540220791276624,-0.0692776613266833,0.26393489595536,mid
6020,0.3254352898940944,0.2725722491473703,0.2160294381619099,0.1859630227966254,4.713306844592669,-0.9411108,1.0,1.0,950.0,45,0.31518662132608266,-0.022547186064505294,0.2897362636263739,low
6040,0.32390470241813146,0.28419737663960026,0.20353350584456145,0.18836441509770677,4.719123676063937,-1.03238,1.0,1.0,25560.0,45,0.297570247217934,-0.08289807584110274,0.3285350369535866,low
6050,0.3088866733621832,0.29075178616803743,0.19202785865123578,0.20833368181854353,4.851088169112991,-1.3826957904716757,3.0,3.0,337520.0,45,0.18638649220949763,-0.1446525567334639,0.33611189339224035,low
6115,0.3195548489666137,0.2749602543720191,0.184181240063593,0.2213036565977742,4.8346933442663405,-1.4427735,1.0,1.0,45255.0,45,0.11572075393745057,-0.10222696892961017,0.38962195798495997,low
6120,0.3211766591856365,0.26538954793202946,0.20479320294966336,0.20864058993267076,4.826391891739602,-0.9999521,1.0,1.0,6300.0,45,0.18860631367810407,-0.027926412846627644,0.3181914103858836,low
6130,0.3146102407337564,0.27794522229252605,0.18085375265586054,0.2265907843178571,4.840729873249665,-1.3458874029143897,3.0,3.0,32940.0,45,0.08862623014527633,-0.12485247396735998,0.3914867231808046,low
6200,0.3131708962126214,0.2938489256944272,0.19180724054137466,0.20117293755157667,4.960764044523061,-0.3598737,1.0,1.0,665870.0,47,0.2233799810728948,-0.14814987782624087,0.34666484374053697,mid
6210,0.3246348268504843,0.2488921713441654,0.1972755621204661,0.22919743968488432,4.802872844820349,-1.121584,1.0,1.0,12920.0,47,0.08099381294840981,0.013579551871380751,0.3522094613855057,low
6220,0.3253304472340926,0.2860051745079915,0.181378500537439,0.2072858777204769,4.876538551256763,-1.5897806327944572,2.0,2.0,64950.0,47,0.18450401721028747,-0.1333307763906481,0.4131309662317047,low
6230,0.3152014113496031,0.2849162011173184,0.19251690679212,0.2073654807409585,4.912948960138995,-1.245253,1.0,1.0,668060.0,47,0.1911440427640825,-0.11879796582953944,0.3486233418774529,low
6240,0.33493918954218604,0.27480303556713037,0.17931233661140988,0.21094543827927364,4.790487962332647,-1.2353166411053955,4.0,4.0,83590.0,47,0.1629092626417819,-0.09350153027955944,0.44181432399642545,low
6250,0.3220786680205814,0.2857676181320659,0.17933330110030654,0.21282041274704624,4.887709902830284,-1.677710592263792,2.0,2.0,189240.0,47,0.15527109250271404,-0.14138291290889435,0.41404618803838195,low
6260,0.3203421397530523,0.2875077602262537,0.180382148030627,0.2117679519900669,4.976526824462806,-1.404981,1.0,1.0,968760.0,47,0.16143977375329963,-0.1461661346427172,0.40609988590057455,low
6305,0.3182612882121839,0.28002475926813025,0.18564230035561835,0.2160716521640675,4.960289825209925,-1.188729156455674,3.0,3.0,452780.0,47,0.14281977419789418,-0.1155594298934342,0.3811666179742652,low
6330,0.3176074049231844,0.28988023520345857,0.17470491498664095,0.2178074448867161,4.627484545928485,-1.4763043417823556,2.0,2.0,111650.0,47,0.1277526248820912,-0.16943174287884485,0.422650234477896,low
6355,0.3155617678381257,0.2910010649627263,0.1872337593184238,0.2062034078807242,5.012234015459953,-0.9164291,1.0,1.0,650580.0,47,0.19440825719865074,-0.14694551314671286,0.36910730338092307,low
6360,0.31606732976281565,0.2902065799540934,0.18048967100229532,0.21323641928079562,4.872904620630177,-1.267038,1.0,1.0,52700.0,47,0.15444619860731754,-0.15903606770393441,0.3961789950938664,low
6400,0.31080065012786295,0.2935741047957495,0.18258971590646364,0.21303552916992385,4.790748867056944,-1.303434921363714,2.0,2.0,58370.0,47,0.1570815884337958,-0.1705934195338539,0.3761172132654535,low
6410,0.33029678360949843,0.29628590406874716,0.17903346078759436,0.19438385153416007,4.890482963652365,-1.3826820430365718,2.0,2.0,216560.0,47,0.2509697550951431,-0.16129295785120865,0.43304553902796955,low
6441,0.301009403847813,0.2972996290225175,0.1820377879389181,0.2196531791907514,4.752814027900653,-1.18099,1.0,1.0,33330.0,47,0.12411493517219142,-0.19519378185907602,0.3556232439694147,low
6442,0.3170861672764919,0.2883863785018029,0.18646976735707738,0.20805768686462792,4.864833987635227,-1.119614,1.0,1.0,417620.0,47,0.18426067613702887,-0.13927785100339446,0.3754061278353485,low
6460,0.31427435387673963,0.30178926441351894,0.17988071570576541,0.20405566600397612,4.8342958089798485,-1.577907,1.0,1.0,26980.0,47,0.20123854531302124,-0.1946926561014182,0.39454606930469366,low
6500,0.32053013675502284,0.29317913219652203,0.17356069559344922,0.21273003545500585,4.774575350848819,-1.781242,1.0,1.0,16420.0,47,0.15219406259061477,-0.17761410104414582,0.43377390090034235,low
6515,0.3037917881983397,0.3022212250392642,0.18442898810859326,0.20955799865380298,4.895673275626574,-1.553439,1.0,1.0,129890.0,47,0.17602390980323165,-0.19951563615736587,0.3529014794473979,low
6520,0.29230564960499245,0.31726747659828725,0.19338777136028681,0.19703910243643363,5.014826498714724,-1.244711,1.0,1.0,122630.0,47,0.24596159209309182,-0.23555641992014725,0.2921076842900023,low
6530,0.33250853242320816,0.27141638225255976,0.16339590443686003,0.23267918088737205,4.763881877142913,-1.700957,1.0,1.0,68620.0,47,0.04547036076468253,-0.12429795937781309,0.502391875334401,low
6540,0.30617869994640534,0.27011714263838915,0.19232830564275324,0.23137585177245235,4.8722157835894295,-1.036982,1.0,1.0,16420.0,47,0.07219710991462623,-0.08750340696463536,0.32877996197300147,low
6600,0.3210591730570948,0.28315179213575353,0.17597078781162953,0.2198182469955222,4.904253389575926,-1.4978231040645877,6.0,6.0,179600.0,47,0.11821922434003852,-0.14289620761597932,0.4251885704978255,low
6660,0.3216255998429222,0.29441558288083236,0.2153750723386702,0.16858374493757525,4.9186166762313945,0.0676731,1.0,1.0,117830.0,47,0.41813542353713745,-0.09153558089846174,0.2835548431909802,mid
6700,0.3112171476179656,0.2543361357267288,0.1954101340604408,0.2390365825948648,4.88302916949111,-0.9278526,1.0,1.0,22510.0,47,0.03591073598870683,-0.02519791260924799,0.3290806306416741,low
6710,0.28678998199377964,0.31199869045670325,0.17924373874611224,0.22196758880340486,4.805495367221621,-1.675288,1.0,1.0,24470.0,47,0.11053416873997647,-0.26066704568269583,0.3323427534219477,low
6720,0.30841121495327106,0.29085016581248124,0.19995477841422973,0.20078384082001802,4.887940214078852,-0.7441202,1.0,1.0,44240.0,47,0.22968343200128577,-0.1290437091223862,0.3064196133196564,low
6730,0.29358124955474824,0.32713542779796256,0.19505592363040536,0.18422739901688392,4.944281793546234,-1.281572,1.0,1.0,141150.0,47,0.31676391720038205,-0.25528081538365666,0.28911342414531066,low
6740,0.3246982423942966,0.2817110185642691,0.17886637961459725,0.2147243594268371,4.95350040939126,-1.496825,1.0,1.0,21030.0,47,0.14501642438953452,-0.12746665613077235,0.4216175247220539,low
6750,0.31775463550927097,0.27660655321310645,0.18584370502074332,0.21979510625687915,4.771616393623756,-1.260409,1.0,1.0,28620.0,47,0.12433073582233618,-0.10573904190493066,0.37927332044935114,low
6765,0.303097741142594,0.31304456464012986,0.18107203876321148,0.20278565545406452,4.937243485730077,-0.9102650999999999,2.0,2.0,90510.0,47,0.20866802344590515,-0.23667820319802482,0.36427339471725606,low
6800,0.29181381590134364,0.3051774131445673,0.18654021315360989,0.21646855780047916,4.956953263992907,-1.0767223340523882,3.0,3.0,51920.0,47,0.1424092710984156,-0.21923903268438266,0.3164084676216659,low
6821,0.31402145763965966,0.2834628190899002,0.17410284868664444,0.22841287458379575,4.906385272722456,-1.364242,1.0,1.0,35720.0,47,0.07584187441480715,-0.15719780091936725,0.4170622646390006,low
6825,0.30663214802406163,0.2829513439427397,0.17513134851138357,0.23528515952181528,4.877713239597068,-0.9993442,1.0,1.0,15800.0,47,0.04447483652148135,-0.16304001201694898,0.396059388650132,low
6835,0.32063754916166426,0.28075622714413856,0.19926861243358865,0.19933761126060856,4.976250867234425,-0.9770419,1.0,1.0,5370.0,47,0.23597808797770278,-0.08573559759718259,0.3363407350401115,low
6850,0.3154429613889501,0.2749355559473021,0.16810078066068726,0.2415207020030607,4.778105329957581,-1.394876827946768,3.0,3.0,21040.0,47,0.00987635989799219,-0.14473703976818608,0.44506304419894843,low
6920,0.30837789661319076,0.28691325014854424,0.18300653594771243,0.22170231729055256,4.90260454988255,-1.500306,1.0,1.0,34520.0,47,0.1143214254901586,-0.15411861876363186,0.3689712176969301,low
6950,0.30557841216599085,0.28927495247016005,0.18010302211983634,0.22504361324401279,4.901648898765519,-1.2780052968363842,12.0,12.0,174800.0,47,0.09648400989908411,-0.17106412137191823,0.3738313616640307,low
7000,0.3155713044059638,0.2919034565755165,0.199037240088253,0.1934879989302667,5.007764510671235,-0.114278,1.0,1.0,526240.0,49,0.26807910341684665,-0.12450333197880072,0.32590036598887673,mid
7010,0.3128960438431238,0.2456756293885939,0.2162185305703031,0.2252097961979791,4.760291822855391,-0.4540974,1.0,1.0,86420.0,49,0.10827497596326428,0.04659600923864159,0.26133351076645217,mid
7020,0.3165204512729747,0.27672152179750986,0.20413279683645663,0.20262523009305886,4.887237722247817,-0.9242242577923122,2.0,2.0,186530.0,49,0.22086416785535093,-0.06934698344326896,0.3101491324929607,low
7030,0.3131460183432814,0.2706361915853836,0.206580288251565,0.20963750181977,4.922750808785736,-0.2635513,1.0,1.0,18910.0,49,0.1853278823096957,-0.05070124068942006,0.2941425985263916,mid
7040,0.31215019482819706,0.26702089975203686,0.19886645412681545,0.22196245129295075,4.949823154699498,-0.9800403,1.0,1.0,15880.0,49,0.12006582668279829,-0.05655703732512523,0.3187997647567911,low
7050,0.3150341685649203,0.2656036446469249,0.1965072133637054,0.2228549734244495,4.880526608749236,-0.910105,1.0,1.0,10710.0,49,0.11426389255324315,-0.053329488555037004,0.3337416478456592,low
7100,0.32332024349184196,0.26046291759346263,0.202592636516358,0.2136242023983375,4.896406153873016,-0.6954547170202444,8.0,8.0,226730.0,49,0.16155583271095852,-0.014321536255814622,0.33053427302702154,low
7110,0.32555169232952536,0.29234371673880655,0.18498545377137582,0.19711913716029236,4.94826331320342,-0.8695781,1.0,1.0,9000.0,49,0.24026540126490184,-0.14291220999628737,0.39968791090311895,low
7120,0.3256458255335081,0.2857356795207787,0.20441782104080866,0.18420067390490455,4.89447593955597,-0.7303536,1.0,1.0,21540.0,49,0.3212856810268067,-0.0833471399344339,0.32926025941744436,low
7130,0.32568116814692155,0.25327412313713693,0.20419990967936175,0.21684479903657986,4.889295942237095,-0.6848876,1.0,1.0,77420.0,49,0.14489906633096822,0.014726972763385186,0.3300911828215077,low
7140,0.3249846865854489,0.26114476281222354,0.19791737562104403,0.21595317498128364,4.989956282887855,-0.8144518,1.0,1.0,125440.0,49,0.1476624718023073,-0.02389154275827665,0.350674344707342,low
7150,0.33705357142857145,0.26654864532019706,0.18927032019704434,0.20712746305418717,4.866918876413368,-1.199119,1.0,1.0,137300.0,49,0.1873420220709919,-0.04396645468900259,0.40804701633384954,low
7160,0.32080588919023645,0.2751840371948857,0.1854901201084851,0.2185199535063929,4.637056374850413,-1.234898,1.0,1.0,16230.0,49,0.13009028348099275,-0.09840512592414442,0.3873775704506188,low
7200,0.32023710008359296,0.27000531955315754,0.18291663500265973,0.22684094536058977,4.879691028162049,-1.031144,1.0,1.0,629780.0,49,0.08769562340798827,-0.0893211169956775,0.3960018284942146,low
7210,0.31709331131296453,0.24390060806245775,0.19510547256211996,0.24390060806245775,4.891926830363372,-1.058387,1.0,1.0,261420.0,49,0.011320334403015957,0.016009370443344013,0.3434105029580267,low
7220,0.3079262748195303,0.2666642360742207,0.1917930538864765,0.23361643521977243,4.9298823825804945,-1.280674125332414,3.0,3.0,203060.0,49,0.06097564874397818,-0.07581306097493178,0.3347750672554221,low
7240,0.31724910021367386,0.2634659816393989,0.19357427194020693,0.2257106462067203,4.8837186145800064,-0.8929475666483516,3.0,3.0,72800.0,49,0.09858580430689357,-0.05001040410734884,0.34932913273364835,low
7260,0.3144735032528156,0.287289905378828,0.1885518180841696,0.2096847732841869,4.840014300803031,-1.279916843768654,3.0,3.0,123970.0,49,0.1772316795556613,-0.13501218817582228,0.3617041794135491,low
7300,0.3114134561026486,0.2726600199482465,0.19403819581546972,0.22188832813363518,4.884599532372246,-0.9519310472788618,2.0,2.0,68170.0,49,0.11861068910148004,-0.08461960170256251,0.33450849104803027,low
7315,0.3096372297544888,0.2891901795529499,0.18636863319897395,0.21480395749358738,4.915958247154348,-0.8960592,1.0,1.0,356960.0,49,0.1504098977311776,-0.1514768816831791,0.35898027559377976,low
7320,0.31268090432605805,0.28146757412188067,0.19643276226237974,0.20941875928968162,4.8507012561799305,-0.9281666,1.0,1.0,28120.0,49,0.18259077593287557,-0.10391189099769131,0.3287077793071675,low
7330,0.31834940465126693,0.25984627912913094,0.19481705524214285,0.2269872609774594,4.870888997110481,-1.197860313417614,4.0,4.0,470650.0,49,0.09255473521949038,-0.03468884409126438,0.34725207667788444,low
7340,0.3186690017513135,0.2612259194395797,0.1953765323992994,0.2247285464098073,4.96109484853612,-1.06955,1.0,1.0,1416740.0,49,0.10386172473834619,-0.03743214905483478,0.34593383415272994,low
7350,0.31345772131798333,0.26415244144501787,0.18324732036522431,0.23914251687177457,4.835885002798619,-1.015195,1.0,1.0,57660.0,49,0.029978490523106763,-0.07942532702118446,0.3795945585648096,low
7360,0.30168962475402056,0.28995046481644837,0.18782655900115355,0.22053335142837754,4.992946431225172,-1.283911,1.0,1.0,39240.0,49,0.12311446612036453,-0.16105495488954483,0.33508360434006634,low
7410,0.3055360349808699,0.2863277894901226,0.16733036620598105,0.24080580932302648,4.85257698943798,-1.118984,1.0,1.0,123940.0,49,0.013626211627102746,-0.19278983300501368,0.4257473148019435,low
7420,0.3061075394506137,0.287770309760374,0.1981297486849795,0.2079924021040327,4.919104629583938,-1.054143,1.0,1.0,101530.0,49,0.191252058028014,-0.12715573310033332,0.3076016065960573,low
7430,0.33101129670898166,0.24355825127263506,0.20710561550788106,0.21832483651050225,4.846592450273018,-0.5370875619520656,4.0,4.0,63420.0,49,0.13648139974034845,0.059060916478477915,0.33157907214922394,mid
7440,0.3068189637377004,0.2591343838161426,0.1936282942269318,0.2404183582192252,4.979007018638079,-0.9838256,1.0,1.0,10100.0,49,0.02956128047439824,-0.05000852789577401,0.3254936730918595,low
7510,0.31330021020447163,0.24947448882094403,0.21039556659659853,0.22682973437798581,4.650717000944062,-0.8515025,1.0,1.0,27540.0,49,0.09898928363391195,0.023448947642358112,0.28155044623803277,low
7520,0.30646583394562826,0.28875826598089643,0.19081557678177813,0.21396032329169723,4.91338990965742,-1.08214,1.0,1.0,2670.0,49,0.1572216531966869,-0.14483265541819532,0.3350264027585391,low
7540,0.30720010776587864,0.29312318987000746,0.19377652050919375,0.20590018185492015,5.000382917631905,-0.9909422,1.0,1.0,15380.0,49,0.19994314257406112,-0.1498193809096482,0.3258304300143509,low
7550,0.293642275396174,0.3159290359239851,0.1803144137887493,0.2101142748910916,5.065060346074329,-1.439807,1.0,1.0,3530.0,49,0.17021074551348825,-0.25881753224640813,0.34482783841099135,low
7560,0.3177058160141776,0.2642983728048977,0.1893829547285323,0.2286128564523925,4.821409960985506,-1.277513,1.0,1.0,17980.0,49,0.0825280998728334,-0.060935262986655234,0.3658249934432245,low
7610,0.32224237167862496,0.26334463455018525,0.17834897106362851,0.23606402270756133,4.842847607079338,-1.320576,1.0,1.0,88480.0,49,0.04047240723531505,-0.07670211000258072,0.4182973792837569,low
7640,0.3186522591544228,0.26556013705686904,0.1891931911782509,0.22659441261045732,4.8797419978462315,-1.1623750734591445,8.0,8.0,327740.0,49,0.09215241441958294,-0.06401886773802729,0.3686372106965489,low
7700,0.31359270264667266,0.29742243106903465,0.20523806233155964,0.18374680395273302,4.974731739749902,-0.0370227,1.0,1.0,629420.0,51,0.3252626367325216,-0.12983981969458722,0.29975984166895087,mid
7710,0.32257817290006136,0.27007970570202333,0.20286633966891474,0.20447578172900052,4.871219958312759,-0.9270664,1.0,1.0,33320.0,51,0.20965358919424182,-0.04431184226603082,0.3279548286647752,low
7720,0.32777213556173834,0.2719861891697926,0.1960254268608593,0.20421624840760977,4.776661936611304,-0.7202145684301182,3.0,3.0,101600.0,51,0.20749273171698315,-0.05753832699218502,0.3635054084391685,low
7730,0.3109015209448551,0.2731752910187781,0.1786048092446257,0.237318378791741,4.768054048889571,-1.044632,1.0,1.0,45990.0,51,0.03653404817550639,-0.1206682158021592,0.39194972267991574,low
7740,0.315471458101447,0.2756400063603117,0.1851645730640801,0.2237239624741612,4.834534349115358,-1.077573,1.0,1.0,61070.0,51,0.10483814024511012,-0.10731955659559272,0.3767628968472969,low
7750,0.3220526151658585,0.27445485170752376,0.1892231347605106,0.21426939836610717,4.802009289855622,-0.9112602144097649,9.0,9.0,305175.0,51,0.1532075003622345,-0.08652074863324653,0.3760309062163678,low
7800,0.3355597365945438,0.3022577610536219,0.19143932267168384,0.17074317968015054,4.666265285347903,-0.4742939,1.0,1.0,181800.0,51,0.39293576040218503,-0.14378073475660424,0.3968488935577995,mid
7810,0.3110874646324062,0.30606744766342786,0.186391736287838,0.19645335141632791,4.806613021935432,-1.1287884311347673,3.0,3.0,364480.0,51,0.24550525635159995,-0.19583111694759903,0.3621967395725011,low
7830,0.3058185705558949,0.293219303604154,0.2015882712278558,0.1993738546120953,4.874891933062879,-0.7900841,1.0,1.0,21050.0,51,0.23804007120455542,-0.1357924590216041,0.294697119622268,low
7840,0.32676505783805343,0.26102911846828875,0.20582369365775827,0.20638213003589945,4.831109824604303,-0.4268211,1.0,1.0,155240.0,51,0.19967803276234156,-0.005308269139961573,0.3268399491432244,mid
7850,0.3407787762088147,0.2450149764655541,0.2082156611039795,0.2059905862216517,4.760891060984867,-0.6185341,1.0,1.0,26710.0,51,0.19850336264723512,0.06824654714475036,0.3483626200090467,low
7905,0.32494626827647327,0.2529811863135507,0.19463060321718603,0.22744194219279013,4.84009458590622,-1.0870689549335657,2.0,2.0,183640.0,51,0.08873682055015637,-0.004844677277221102,0.3624321208385609,low
7925,0.320218101170063,0.26989183542449885,0.19350939428787065,0.21638066911756756,4.840213292158758,-1.2322762928682773,3.0,3.0,102640.0,51,0.14469322049705544,-0.06601952447131848,0.3561529054788764,low
7950,0.32284054712385235,0.25070264193367064,0.19711448379239271,0.22934232715008432,4.670395970905799,-1.149575,1.0,1.0,179630.0,51,0.08070302559118954,0.005065605392222941,0.34886799020819576,low
8000,0.3035466775377089,0.2715858132898492,0.2069302894415002,0.2179372197309417,4.809334770704498,-1.194061,1.0,1.0,67750.0,51,0.14421471060227709,-0.06558057845050912,0.2709303854754727,low
8025,0.3174329313340796,0.2572949015022867,0.19909820774505552,0.2261739594185782,4.729485063017537,-1.137617146187673,5.0,5.0,288800.0,51,0.09825761525913497,-0.018934981125474443,0.32984293128695286,low
8030,0.31712439418416793,0.26252019386106623,0.19418416801292404,0.22617124394184165,4.818667360250496,-0.9782187,1.0,1.0,333220.0,51,0.09657680244235478,-0.045950337407077296,0.3468267397734861,low
8040,0.3163792641151066,0.2774761610192769,0.18862346589415413,0.21752110897146248,4.802332584722338,-1.255921066485753,2.0,2.0,22110.0,51,0.1372770955294354,-0.10401168916866903,0.3657077874373854,low
8060,0.3488732138733608,0.22428396494581201,0.19183559308700215,0.23500722809382496,4.730737571061093,-0.8390314591695502,2.0,2.0,5780.0,51,0.04197666310754837,0.11656362020127234,0.42289924865691997,low
8100,0.3220756826786598,0.2613575722281687,0.1840882884184663,0.23247845667470518,4.733171196609835,-1.1492102268974098,2.0,2.0,176820.0,51,0.06053483584810647,-0.05779853895474109,0.39553508840182583,low
8130,0.34202801308395536,0.24867902373563705,0.19164639771869496,0.21764656546171265,4.78105440081804,-0.6871514,1.0,1.0,63630.0,51,0.13223924410668536,0.023767656823458917,0.4095849900025787,low
8140,0.3319382971706417,0.2639894732795404,0.1823124759626391,0.2217597535871788,4.628158664128877,-1.2802928877870807,2.0,2.0,427580.0,51,0.11021519339240334,-0.05762311996084575,0.42371746383325576,low
8225,0.32502638598331735,0.26203660598433565,0.19015738969821763,0.22277961833412943,4.752833853275213,-1.101255120594335,23.0,23.0,1615250.0,51,0.11018545181674587,-0.04295178640612805,0.3790476098170766,low
8250,0.34065846252197535,0.27760907783282723,0.21447978264343937,0.16725267700175803,4.829433110570218,-0.0014732,1.0,1.0,25840.0,51,0.42342657845546616,-0.021772689149831013,0.32715350141125177,mid
8255,0.3072661410611549,0.2887278926060089,0.190851622984587,0.2131543433482491,4.947269418474436,-0.84434,1.0,1.0,145290.0,51,0.16126712286616635,-0.1436049405275925,0.3367369756364123,low
8256,0.3215780998389694,0.2728663446054751,0.1907407407407407,0.2148148148148148,4.821893169499378,-0.9139293,1.0,1.0,40810.0,51,0.15121053792015404,-0.07912203986588102,0.36933976855694756,low
8300,0.2906301071363719,0.3169602324314509,0.179680406755039,0.2127292536771382,4.701752283834336,-0.8894878,1.0,1.0,157400.0,51,0.1564465299706646,-0.2671256454800196,0.340027565257103,low
8310,0.32325581395348835,0.27025193798449615,0.17306201550387593,0.23343023255813955,4.636668853047462,-1.853906,1.0,1.0,26910.0,51,0.04988274707151861,-0.10884522016285764,0.4417960756887164,low
8320,0.3099247226624406,0.2825871632329635,0.1835380348652932,0.2239500792393027,4.614724398792903,-1.272624,1.0,1.0,116220.0,51,0.10348105920662391,-0.13848710061848374,0.3704585582564978,low
8335,0.3108895492739339,0.29948905822589994,0.18935496452624362,0.20026642797392258,4.808849842499626,-1.0247472676056337,2.0,2.0,9230.0,51,0.22695439854284896,-0.17191118812486259,0.35059367444689743,low
8350,0.35924418730909957,0.2664251380694481,0.17198555674995522,0.2023451178714971,4.616547337442054,-0.6868304054104478,2.0,2.0,21440.0,51,0.1981991253805988,-0.05665414497980791,0.5208490877548378,low
8365,0.3248967116831642,0.26428894799813457,0.19263279701543706,0.21818154330326406,4.73737486036349,-1.2236018990476192,4.0,4.0,56700.0,51,0.13433602630813618,-0.04482277070979071,0.3696199534541436,low
8450,0.3293330067760634,0.2885133480284105,0.1840150216344191,0.198138623561107,4.808029393999594,-1.405178,1.0,1.0,28020.0,51,0.2338059152983329,-0.1295763305727383,0.41157293311325216,low
8465,0.33058555114931826,0.27833775597197336,0.1890351545550632,0.2020415383236451,4.812773023869141,-1.1796868412985866,3.0,3.0,45280.0,51,0.21541338976157565,-0.08772119662308521,0.39522494598436336,low
8500,0.33518441773725655,0.26050559469539997,0.17936179030252794,0.22494819726481555,4.792893792071041,-1.326847,1.0,1.0,93070.0,51,0.09211615915809948,-0.04946452780436339,0.4421368574098225,low
8510,0.33481457542215404,0.29449785893188984,0.18647491314535022,0.18421265250060592,4.818425004551931,-1.238141,1.0,1.0,16300.0,51,0.31144377677896323,-0.13417891554212605,0.4138555674216633,low
8530,0.30500658761528326,0.27507999247129683,0.17504234895539242,0.24487107095802746,4.665888921022797,-1.265049,1.0,1.0,45350.0,51,6.574799702567893e-05,-0.14238171905036193,0.39266023973244923,low
8540,0.3239659608153573,0.25291905798535524,0.18424698199089654,0.23886799920839102,4.615714399863762,-1.203906,1.0,1.0,67210.0,51,0.029517559717722835,-0.02826034092639403,0.39906370233577154,low
8555,0.3256139806709292,0.26365824191815934,0.18047897327822396,0.23024880413268745,4.715417643655705,-1.2696973751348435,6.0,6.0,222480.0,51,0.068848769355715,-0.06857779351563806,0.41726250379115964,low
8600,0.32670445723854513,0.2663980399768949,0.2169223051695638,0.18997519761499626,4.856842542649284,-0.191658785359116,3.0,3.0,43440.0,51,0.29240083862447486,-0.0005666290007267235,0.2895720447674597,mid
8610,0.31802541956323294,0.27659574468085113,0.19464925215925843,0.21072958359665753,4.958710221231336,-0.579769,1.0,1.0,29820.0,51,0.17440609359601197,-0.0864602608358631,0.34714140516558245,mid
8620,0.30923890357590095,0.27960205927368864,0.21107555308195355,0.20008348406845697,4.968006112040297,-0.5590585,1.0,1.0,121150.0,51,0.23772211016683,-0.07364982097738411,0.2700426570642488,mid
8630,0.31542718190427393,0.26565374812812453,0.20771505343899396,0.21120401652860765,4.821362117597196,-0.6430725229132948,4.0,4.0,86500.0,51,0.17719316018325482,-0.030329772201808422,0.29540138714528247,low
8640,0.3081796818831394,0.2818520425257651,0.2055181323607093,0.20445014323038627,4.853346832171202,-0.7943482975967441,2.0,2.0,154790.0,51,0.21264592152755105,-0.09248753230859079,0.2864834145374277,low
8650,0.2997889989908769,0.2805195095608878,0.19339053202829207,0.22630095941994333,4.823745326004944,-1.008668263981529,3.0,3.0,155920.0,51,0.09781364788214311,-0.12471823352406208,0.30997246507216714,low
8710,0.29870069694965706,0.29680393993151516,0.191545608273852,0.21294975484497583,4.830370435430211,-1.16743897293657,2.0,2.0,63850.0,51,0.16294875707542902,-0.17618998855395235,0.314178937851437,low
8720,0.3111751059915207,0.2647788176945844,0.2039036877049836,0.2201423886089113,4.828393734102471,-1.137883,1.0,1.0,56570.0,51,0.1310800786604395,-0.0407375030034744,0.2988997160563637,low
8730,0.3299894830515331,0.2568562414044171,0.1918938597200873,0.2212604158239625,4.817131447899731,-0.846812,1.0,1.0,14180.0,51,0.11734605717608408,-0.0167503960117793,0.3833355821381399,low
8740,0.3268281213261227,0.2615408731091778,0.2146719962379497,0.1969590093267497,4.848821997933652,-0.1556781,1.0,1.0,551380.0,51,0.2529225315873655,0.010355024603759975,0.2972133464937597,mid
8750,0.3405416046814318,0.2736810772945887,0.20169731638702576,0.1840800016369537,4.741578608692887,-0.6366536,1.0,1.0,24350.0,51,0.3184541565867061,-0.035363082939711965,0.3703607285243991,low
8760,0.3311502408752222,0.2880221106623156,0.19831515163488497,0.18251249682757728,4.837970989572662,-0.5953504556741738,3.0,3.0,68380.0,51,0.3276494311229178,-0.09538512613312522,0.36254406386419413,low
8800,0.32281010230179025,0.28460677749360613,0.19029731457800517,0.20228580562659845,4.829273276797001,-1.010728,1.0,1.0,358640.0,51,0.2158469198551348,-0.11290723111624004,0.3736893656922292,low
8810,0.3287198555005771,0.27195063466973685,0.1934251211016458,0.20590438872804023,4.813636249382716,-1.3878043923120946,2.0,2.0,157260.0,51,0.19730400580526913,-0.06170459305077147,0.37498962856557183,low
8830,0.32419759075107124,0.28757377314253374,0.20284582423801442,0.18538281186838063,4.817778435386918,-0.4977627,1.0,1.0,5740.0,51,0.3140814303158115,-0.09355396482268809,0.3315673010145312,mid
8850,0.32235216603524963,0.253994399604678,0.18407181683412946,0.23958161752594298,4.799255609702288,-1.285473,1.0,1.0,12510.0,51,0.026442761898502885,-0.03415152670437386,0.3962051106115262,low
8865,0.30778162043052165,0.27544778031889444,0.1914421305420242,0.22532846870855983,4.7945334431887385,-1.2224017601137833,8.0,8.0,386700.0,51,0.10094869843232944,-0.10321335382746512,0.3357377888194592,low
8910,0.3293092420850655,0.2681483850335785,0.1957946913975056,0.2067476814838503,4.82895353258964,-0.774569,1.0,1.0,7110.0,51,0.19373190810665836,-0.04450605833286383,0.36764647951151935,low
8920,0.32573802750769526,0.25716368948470303,0.1890319746570394,0.22806630835056235,4.7573168905711185,-1.241238,1.0,1.0,38420.0,51,0.08337319181716743,-0.02915544843280542,0.3847914468903467,low
8930,0.30641773628938157,0.29272656553870097,0.19058732010890703,0.21026837806301052,4.856317933711899,-0.9174437,1.0,1.0,87480.0,51,0.17584490466788724,-0.15652978984984284,0.3357617774753473,low
8940,0.3218798151001541,0.2748073959938367,0.1896764252696456,0.2136363636363636,4.86599480426999,-1.462842,1.0,1.0,17240.0,51,0.15667620574429494,-0.08681119097696743,0.37395952736068444,low
8950,0.3023395320935814,0.2733738966492416,0.19119033336189906,0.23309623789527809,4.759520845818016,-1.35537,1.0,1.0,202860.0,51,0.06388563444585191,-0.10486297432162894,0.32405376025749555,low
8990,0.3187261865927074,0.274339087936952,0.19188821316647112,0.21504651230386954,4.816653803181074,-1.140731415061828,15.0,15.0,1116000.0,51,0.15099072943958053,-0.08470515674751415,0.35879970258718813,low
9030,0.3386179353419766,0.2661239251593724,0.20624379393722275,0.18901434556142827,4.942705072213718,-0.7191509931818182,2.0,2.0,124080.0,53,0.29226184019373175,-0.005712535261172838,0.3505930899272575,low
9040,0.3509051848114267,0.2973885790509256,0.21427626296469937,0.13742997317294833,4.8657459257160465,0.49789010263002365,2.0,2.0,33840.0,53,0.6216556426260813,-0.06625750224890434,0.3487803684380709,mid
9050,0.3407094044907257,0.3089000976244712,0.1899609502115197,0.1604295476732834,4.811533737262284,-0.3649124,1.0,1.0,96900.0,53,0.4553277796311878,-0.15847683359927445,0.41309984392110094,mid
9110,0.29844932204659524,0.29657652258596157,0.19986515843883434,0.20510899692860884,4.894026568667641,-0.8443602,1.0,1.0,11710.0,53,0.2072467366903158,-0.1585503550755778,0.2835195633367819,low
9121,0.3298266793136156,0.2916271449512805,0.1840131068379753,0.1945330688971285,4.753331536968612,-0.728628,1.0,1.0,361420.0,53,0.2532384921659197,-0.13773394307476397,0.4126394555428425,low
9122,0.3126197417742608,0.29496043315285303,0.19975010412328192,0.19266972094960433,4.787908322667263,-1.050048,1.0,1.0,145720.0,53,0.27307616959222725,-0.1353864699692609,0.31672759720670257,low
9130,0.3157332897402881,0.2593272306166361,0.2033143869816319,0.22162509266144398,4.776433928851341,-1.2453580598947642,3.0,3.0,3390480.0,53,0.12262356171616891,-0.018995826857113162,0.3112290560096746,low
9141,0.3124663952684539,0.29211152930332596,0.20078347031262003,0.19463860511560022,4.868994921909306,-0.83333155,1.0,1.0,175660.0,53,0.26281737021199403,-0.12555568579538434,0.31273201923063215,low
9210,0.3223259829468124,0.2725458537153789,0.19230062767339476,0.21282753566441395,4.878701515347991,-0.9269396234346224,2.0,2.0,43440.0,53,0.16194206007984044,-0.0738890301511139,0.3652231176144355,low
9240,0.32058319039451116,0.27144082332761577,0.21114922813036022,0.19682675814751283,4.758749273916392,-0.5790616,1.0,1.0,48030.0,53,0.2538837942891216,-0.03461185116060745,0.295271302992175,mid
9265,0.32262438367000046,0.27178440144563026,0.1993763404963116,0.20621487438805772,4.807784900316284,-0.820114506602814,5.0,5.0,117980.0,53,0.19916735056926188,-0.05647513985833683,0.3403266405252283,low
9300,0.32438214680929545,0.26315012910365176,0.19092585761711545,0.22154186646993734,4.909340575944674,-1.269228,1.0,1.0,26610.0,53,0.11682607820798792,-0.04557763356434024,0.37479283727883367,low
9310,0.3099208641125438,0.28655659885709633,0.19199383533742317,0.21152870169293672,4.9244323444231695,-0.8220291020977091,2.0,2.0,36230.0,53,0.1699240676084198,-0.13149346224755204,0.3386007153939909,low
9330,0.3179800221975583,0.2721975582685905,0.1886792452830188,0.2211431742508324,4.970923793860028,-0.5671973,1.0,1.0,7650.0,53,0.11897287216938787,-0.08614823732477588,0.3690673834499939,mid
9350,0.29780980373565946,0.30994595619607473,0.20271167156537404,0.18953256850289182,4.658426552288523,-1.037648,1.0,1.0,91160.0,53,0.29183756906231667,-0.18965428358844347,0.2720030539858259,low
9365,0.3165043969849247,0.27865891959799,0.19126884422110554,0.21356783919597988,4.847017722096073,-1.108146,1.0,1.0,111480.0,53,0.15852366002302848,-0.1016374590175521,0.35613937504758886,low
9410,0.33472689692763963,0.2642657106725229,0.2054092330824414,0.19559815931739616,4.816460482705467,-0.3175816,1.0,1.0,25070.0,53,0.25608003127790924,-0.006364974242638358,0.3452878200875319,mid
9415,0.30297650130548304,0.34255874673629244,0.18224543080939942,0.17221932114882513,4.561740628060756,-0.1178739,1.0,1.0,21240.0,53,0.3779179994999258,-0.3077689082877611,0.35942304826431715,mid
9430,0.3102208120347442,0.2933968740960666,0.19715279069192349,0.19922952317726572,4.75284688485225,-0.8851811096832336,6.0,6.0,260760.0,53,0.23654529518680936,-0.13953480228931497,0.3205352695441011,low
9510,0.31889516635279347,0.26930320150659137,0.18283113622096672,0.22897049591964846,4.847645665601793,-1.351634,1.0,1.0,43400.0,53,0.07750459975090743,-0.08910034673166659,0.3933631083024572,low
9570,0.3070140846112998,0.29991048416916505,0.19460224906327736,0.1984731821562578,4.777675608166557,-1.1361230817488404,14.0,14.0,7168750.0,53,0.2394194866175117,-0.16702120817705898,0.3223953650480377,low
9600,0.3073438070880526,0.2868834490317866,0.1905736207526489,0.2151991231275119,4.918885435486688,-1.575411,1.0,1.0,758290.0,53,0.15080110918390563,-0.13886421503326646,0.33794643604896735,low
9610,0.2905723636944201,0.3108485670950746,0.1941406561826455,0.2044384130278598,4.8304714078561,-1.535339,1.0,1.0,351960.0,53,0.20754042777172496,-0.21970950061458702,0.28515475192306133,low
9620,0.31216227302745164,0.2996279984955282,0.18529452775946556,0.20291520071755464,4.768170572560532,-1.49843,1.0,1.0,2729010.0,53,0.2106309389415398,-0.1794715173511107,0.3688103206401444,low
9630,0.30833250767858905,0.26949370851084914,0.19468938868522737,0.22748439512533444,4.614427207250769,-1.013417,1.0,1.0,60880.0,53,0.09176529209887899,-0.0777737116637136,0.32510886136843875,low
9640,0.3145583256386581,0.2976300400123115,0.1849799938442597,0.2028316405047707,4.8672267108009,-1.193372,1.0,1.0,585270.0,53,0.21077314650759582,-0.17158074935647286,0.3754184306771455,low
9645,0.30221672701580854,0.30742736024021905,0.20886690806323416,0.18148900468073834,4.729421148325948,-0.5232333,1.0,1.0,2451430.0,53,0.33991360335767185,-0.1647837152345382,0.2612385875483766,mid
9650,0.31787616685672565,0.2641512655220341,0.20327890473954713,0.21469366288169314,4.931010341029503,-1.031269459323181,3.0,3.0,29550.0,53,0.15736437777993462,-0.031354686693951195,0.3161353810888926,low
9720,0.28854189575544315,0.2574224763580383,0.19199472179458985,0.26204090609192876,4.510199948396864,-1.262763,1.0,1.0,126050.0,53,-0.06710977424158027,-0.07312912783001209,0.28805579617045135,low
9760,0.33170836619112487,0.26059215714388134,0.20022940712595882,0.20747006953903502,4.937992914104144,-1.403185,1.0,1.0,12090.0,53,0.1910207311338339,-0.009060346200040422,0.35694214536789304,low
